# Port 2 Checked Values:
#   Expected Data: 703, Actual Data: 703
#   Expected Response: 1, Actual Response: 1
#   Expected Tag: 0, Actual Tag: 0
# CORRECT: Outputs are matching at Port 3
# Port 3 Checked Values:
#   Expected Data: 703, Actual Data: 703
#   Expected Response: 1, Actual Response: 1
#   Expected Tag: 0, Actual Tag: 0
# CORRECT: Outputs are matching at Port 4
# Port 4 Checked Values:
#   Expected Data: 703, Actual Data: 703
#   Expected Response: 1, Actual Response: 1
#   Expected Tag: 0, Actual Tag: 0
# Time:               156540 Total correct outputs: 3910, Total errors detected: 1276
# Monitor -> Transaction Received Index 0 -> Cmd=a, Tag=0, R1=0, D1=b, D2=0, Data=00000000 | Port 4
# Driver -> Transaction Pushed to DUT on Port: 4
# Transaction Created -> Store Transaction -> Cmd=9, Data=000007d9, R1=b, D1=0, D2=0, Tag=1
# Transaction Created -> Fetch Transaction -> Cmd=a, Data=00000000, R1=0, D1=0, D2=0, Tag=1
# Monitor -> DUT Output -> PORT 4 -> Time: 156740, Tag Out: 0, Data Out: 62, Resp Out: 1
# This is the value of i:           4
#               156740 Dummy DUT Last Known Input Values: Req Tag: '{1, 0, 0, 0}, Command: '{9, 10, 10, 10}
# COMMAND SENT: 9
# Scoreboard -> Time:               156740 Data Sent to Dummy DUT -> Cmd=1001, Data=      2009, R1=11, D1= 0, D2= 0, Tag=1
# Scoreboard -> Time:               156740 Current Register Values in Dummy DUT: Command: 1001, D1 =       3275, D2 =          0, R1 =       2009, Tag: 1
# ERROR: Mismatch detected at Port 1
# Port 1 Checked Values:
#   Expected Data: 0, Actual Data: 98
#   Expected Response: 1, Actual Response: 1
#   Expected Tag: 1, Actual Tag: 0
# CORRECT: Outputs are matching at Port 2
# Port 2 Checked Values:
#   Expected Data: 703, Actual Data: 703
#   Expected Response: 1, Actual Response: 1
#   Expected Tag: 0, Actual Tag: 0
# CORRECT: Outputs are matching at Port 3
# Port 3 Checked Values:
#   Expected Data: 703, Actual Data: 703
#   Expected Response: 1, Actual Response: 1
#   Expected Tag: 0, Actual Tag: 0
# CORRECT: Outputs are matching at Port 4
# Port 4 Checked Values:
#   Expected Data: 703, Actual Data: 703
#   Expected Response: 1, Actual Response: 1
#   Expected Tag: 0, Actual Tag: 0
# Time:               156740 Total correct outputs: 3913, Total errors detected: 1277
# Monitor -> Transaction Received Index 0 -> Cmd=9, Tag=1, R1=b, D1=0, D2=0, Data=000007d9 | Port 4
# Driver -> Transaction Pushed to DUT on Port: 4
# Monitor -> DUT Output -> PORT 4 -> Time: 156940, Tag Out: 1, Data Out: 0, Resp Out: 1
# This is the value of i:           4
#               156940 Dummy DUT Last Known Input Values: Req Tag: '{1, 0, 0, 0}, Command: '{10, 10, 10, 10}
# COMMAND SENT: a
# Scoreboard -> Time:               156940 Data Sent to Dummy DUT -> Cmd=1010, Data=         0, R1= 0, D1=11, D2= 0, Tag=1
# Scoreboard -> Time:               156940 Current Register Values in Dummy DUT: Command: 1010, D1 =       3275, D2 =          0, R1 =       2009, Tag: 1
# ERROR: Mismatch detected at Port 1
# Port 1 Checked Values:
#   Expected Data: 2009, Actual Data: 0
#   Expected Response: 1, Actual Response: 1
#   Expected Tag: 1, Actual Tag: 1
# CORRECT: Outputs are matching at Port 2
# Port 2 Checked Values:
#   Expected Data: 703, Actual Data: 703
#   Expected Response: 1, Actual Response: 1
#   Expected Tag: 0, Actual Tag: 0
# CORRECT: Outputs are matching at Port 3
# Port 3 Checked Values:
#   Expected Data: 703, Actual Data: 703
#   Expected Response: 1, Actual Response: 1
#   Expected Tag: 0, Actual Tag: 0
# CORRECT: Outputs are matching at Port 4
# Port 4 Checked Values:
#   Expected Data: 703, Actual Data: 703
#   Expected Response: 1, Actual Response: 1
#   Expected Tag: 0, Actual Tag: 0
# Time:               156940 Total correct outputs: 3916, Total errors detected: 1278
# Monitor -> Transaction Received Index 0 -> Cmd=a, Tag=1, R1=0, D1=b, D2=0, Data=00000000 | Port 4
# Driver -> Transaction Pushed to DUT on Port: 4
# Transaction Created -> Store Transaction -> Cmd=9, Data=000001c0, R1=c, D1=0, D2=0, Tag=0
# Transaction Created -> Fetch Transaction -> Cmd=a, Data=00000000, R1=0, D1=6, D2=0, Tag=2
# Monitor -> DUT Output -> PORT 4 -> Time: 157140, Tag Out: 1, Data Out: 7d9, Resp Out: 1
# This is the value of i:           4
#               157140 Dummy DUT Last Known Input Values: Req Tag: '{0, 0, 0, 0}, Command: '{9, 10, 10, 10}
# COMMAND SENT: 9
# Scoreboard -> Time:               157140 Data Sent to Dummy DUT -> Cmd=1001, Data=       448, R1=12, D1= 0, D2= 0, Tag=0
# Scoreboard -> Time:               157140 Current Register Values in Dummy DUT: Command: 1001, D1 =       3275, D2 =          0, R1 =        448, Tag: 0
# ERROR: Mismatch detected at Port 1
# Port 1 Checked Values:
#   Expected Data: 0, Actual Data: 2009
#   Expected Response: 1, Actual Response: 1
#   Expected Tag: 0, Actual Tag: 1
# CORRECT: Outputs are matching at Port 2
# Port 2 Checked Values:
#   Expected Data: 703, Actual Data: 703
#   Expected Response: 1, Actual Response: 1
#   Expected Tag: 0, Actual Tag: 0
# CORRECT: Outputs are matching at Port 3
# Port 3 Checked Values:
#   Expected Data: 703, Actual Data: 703
#   Expected Response: 1, Actual Response: 1
#   Expected Tag: 0, Actual Tag: 0
# CORRECT: Outputs are matching at Port 4
# Port 4 Checked Values:
#   Expected Data: 703, Actual Data: 703
#   Expected Response: 1, Actual Response: 1
#   Expected Tag: 0, Actual Tag: 0
# Time:               157140 Total correct outputs: 3919, Total errors detected: 1279
# Monitor -> Transaction Received Index 0 -> Cmd=9, Tag=0, R1=c, D1=0, D2=0, Data=000001c0 | Port 4
# Driver -> Transaction Pushed to DUT on Port: 4
# Monitor -> DUT Output -> PORT 4 -> Time: 157340, Tag Out: 0, Data Out: 0, Resp Out: 1
# This is the value of i:           4
#               157340 Dummy DUT Last Known Input Values: Req Tag: '{2, 0, 0, 0}, Command: '{10, 10, 10, 10}
# COMMAND SENT: a
# Scoreboard -> Time:               157340 Data Sent to Dummy DUT -> Cmd=1010, Data=         0, R1= 0, D1=12, D2= 0, Tag=2
# Scoreboard -> Time:               157340 Current Register Values in Dummy DUT: Command: 1010, D1 =       3275, D2 =          0, R1 =        448, Tag: 2
# ERROR: Mismatch detected at Port 1
# Port 1 Checked Values:
#   Expected Data: 448, Actual Data: 0
#   Expected Response: 1, Actual Response: 1
#   Expected Tag: 2, Actual Tag: 0
# CORRECT: Outputs are matching at Port 2
# Port 2 Checked Values:
#   Expected Data: 703, Actual Data: 703
#   Expected Response: 1, Actual Response: 1
#   Expected Tag: 0, Actual Tag: 0
# CORRECT: Outputs are matching at Port 3
# Port 3 Checked Values:
#   Expected Data: 703, Actual Data: 703
#   Expected Response: 1, Actual Response: 1
#   Expected Tag: 0, Actual Tag: 0
# CORRECT: Outputs are matching at Port 4
# Port 4 Checked Values:
#   Expected Data: 703, Actual Data: 703
#   Expected Response: 1, Actual Response: 1
#   Expected Tag: 0, Actual Tag: 0
# Time:               157340 Total correct outputs: 3922, Total errors detected: 1280
# Monitor -> Transaction Received Index 0 -> Cmd=a, Tag=2, R1=0, D1=c, D2=0, Data=00000000 | Port 4
# Driver -> Transaction Pushed to DUT on Port: 4
# Transaction Created -> Store Transaction -> Cmd=9, Data=00000bd5, R1=5, D1=0, D2=0, Tag=2
# Transaction Created -> Fetch Transaction -> Cmd=a, Data=00000000, R1=0, D1=3, D2=0, Tag=3
# Monitor -> DUT Output -> PORT 4 -> Time: 157540, Tag Out: 2, Data Out: 1c0, Resp Out: 1
# This is the value of i:           4
#               157540 Dummy DUT Last Known Input Values: Req Tag: '{2, 0, 0, 0}, Command: '{9, 10, 10, 10}
# COMMAND SENT: 9
# Scoreboard -> Time:               157540 Data Sent to Dummy DUT -> Cmd=1001, Data=      3029, R1= 5, D1= 0, D2= 0, Tag=2
# Scoreboard -> Time:               157540 Current Register Values in Dummy DUT: Command: 1001, D1 =       3275, D2 =          0, R1 =       3029, Tag: 2
# ERROR: Mismatch detected at Port 1
# Port 1 Checked Values:
#   Expected Data: 0, Actual Data: 448
#   Expected Response: 1, Actual Response: 1
#   Expected Tag: 2, Actual Tag: 2
# CORRECT: Outputs are matching at Port 2
# Port 2 Checked Values:
#   Expected Data: 703, Actual Data: 703
#   Expected Response: 1, Actual Response: 1
#   Expected Tag: 0, Actual Tag: 0
# CORRECT: Outputs are matching at Port 3
# Port 3 Checked Values:
#   Expected Data: 703, Actual Data: 703
#   Expected Response: 1, Actual Response: 1
#   Expected Tag: 0, Actual Tag: 0
# CORRECT: Outputs are matching at Port 4
# Port 4 Checked Values:
#   Expected Data: 703, Actual Data: 703
#   Expected Response: 1, Actual Response: 1
#   Expected Tag: 0, Actual Tag: 0
# Time:               157540 Total correct outputs: 3925, Total errors detected: 1281
# Monitor -> Transaction Received Index 0 -> Cmd=9, Tag=2, R1=5, D1=0, D2=0, Data=00000bd5 | Port 4
# Driver -> Transaction Pushed to DUT on Port: 4
# Monitor -> DUT Output -> PORT 4 -> Time: 157740, Tag Out: 2, Data Out: 0, Resp Out: 1
# This is the value of i:           4
#               157740 Dummy DUT Last Known Input Values: Req Tag: '{3, 0, 0, 0}, Command: '{10, 10, 10, 10}
# COMMAND SENT: a
# Scoreboard -> Time:               157740 Data Sent to Dummy DUT -> Cmd=1010, Data=         0, R1= 0, D1= 5, D2= 0, Tag=3
# Scoreboard -> Time:               157740 Current Register Values in Dummy DUT: Command: 1010, D1 =       3275, D2 =          0, R1 =       3029, Tag: 3
# ERROR: Mismatch detected at Port 1
# Port 1 Checked Values:
#   Expected Data: 3029, Actual Data: 0
#   Expected Response: 1, Actual Response: 1
#   Expected Tag: 3, Actual Tag: 2
# CORRECT: Outputs are matching at Port 2
# Port 2 Checked Values:
#   Expected Data: 703, Actual Data: 703
#   Expected Response: 1, Actual Response: 1
#   Expected Tag: 0, Actual Tag: 0
# CORRECT: Outputs are matching at Port 3
# Port 3 Checked Values:
#   Expected Data: 703, Actual Data: 703
#   Expected Response: 1, Actual Response: 1
#   Expected Tag: 0, Actual Tag: 0
# CORRECT: Outputs are matching at Port 4
# Port 4 Checked Values:
#   Expected Data: 703, Actual Data: 703
#   Expected Response: 1, Actual Response: 1
#   Expected Tag: 0, Actual Tag: 0
# Time:               157740 Total correct outputs: 3928, Total errors detected: 1282
# Monitor -> Transaction Received Index 0 -> Cmd=a, Tag=3, R1=0, D1=5, D2=0, Data=00000000 | Port 4
# Driver -> Transaction Pushed to DUT on Port: 4
# Transaction Created -> ADD Transaction -> Cmd=1, Data=00000000, R1=c, D1=6, D2=4, Tag=1
# Monitor -> DUT Output -> PORT 4 -> Time: 157940, Tag Out: 3, Data Out: bd5, Resp Out: 1
# This is the value of i:           1
# Driver -> Transaction Pushed to DUT on Port: 1
#               158120 Dummy DUT Last Known Input Values: Req Tag: '{1, 0, 0, 0}, Command: '{1, 10, 10, 10}
# COMMAND SENT: 1
# Scoreboard -> Time:               158120 Data Sent to Dummy DUT -> Cmd=0001, Data=         0, R1=12, D1= 6, D2= 4, Tag=1
# Scoreboard -> Time:               158120 Current Register Values in Dummy DUT: Command: 0001, D1 =       3275, D2 =          0, R1 =       5100, Tag: 1
# CORRECT: Outputs are matching at Port 1
# Port 1 Checked Values:
#   Expected Data: 0, Actual Data: 0
#   Expected Response: 1, Actual Response: 1
#   Expected Tag: 1, Actual Tag: 1
# CORRECT: Outputs are matching at Port 2
# Port 2 Checked Values:
#   Expected Data: 703, Actual Data: 703
#   Expected Response: 1, Actual Response: 1
#   Expected Tag: 0, Actual Tag: 0
# CORRECT: Outputs are matching at Port 3
# Port 3 Checked Values:
#   Expected Data: 703, Actual Data: 703
#   Expected Response: 1, Actual Response: 1
#   Expected Tag: 0, Actual Tag: 0
# CORRECT: Outputs are matching at Port 4
# Port 4 Checked Values:
#   Expected Data: 703, Actual Data: 703
#   Expected Response: 1, Actual Response: 1
#   Expected Tag: 0, Actual Tag: 0
# Time:               158120 Total correct outputs: 3932, Total errors detected: 1282
# Monitor -> Transaction Received Index 0 -> Cmd=1, Tag=1, R1=c, D1=6, D2=4, Data=00000000 | Port 1
# Transaction Created -> SUB Transaction -> Cmd=2, Data=00000000, R1=9, D1=5, D2=7, Tag=1
# Monitor -> DUT Output -> PORT 1 -> Time: 158140, Tag Out: 1, Data Out: 0, Resp Out: 1
# This is the value of i:           1
#               158140 Dummy DUT Last Known Input Values: Req Tag: '{1, 0, 0, 0}, Command: '{2, 10, 10, 10}
# COMMAND SENT: 2
# Scoreboard -> Time:               158140 Data Sent to Dummy DUT -> Cmd=0010, Data=         0, R1= 9, D1= 5, D2= 7, Tag=1
# Scoreboard -> Time:               158140 Current Register Values in Dummy DUT: Command: 0010, D1 =       3275, D2 =          0, R1 =       2419, Tag: 1
# CORRECT: Outputs are matching at Port 1
# Port 1 Checked Values:
#   Expected Data: 0, Actual Data: 0
#   Expected Response: 1, Actual Response: 1
#   Expected Tag: 1, Actual Tag: 1
# CORRECT: Outputs are matching at Port 2
# Port 2 Checked Values:
#   Expected Data: 703, Actual Data: 703
#   Expected Response: 1, Actual Response: 1
#   Expected Tag: 0, Actual Tag: 0
# CORRECT: Outputs are matching at Port 3
# Port 3 Checked Values:
#   Expected Data: 703, Actual Data: 703
#   Expected Response: 1, Actual Response: 1
#   Expected Tag: 0, Actual Tag: 0
# CORRECT: Outputs are matching at Port 4
# Port 4 Checked Values:
#   Expected Data: 703, Actual Data: 703
#   Expected Response: 1, Actual Response: 1
#   Expected Tag: 0, Actual Tag: 0
# Time:               158140 Total correct outputs: 3936, Total errors detected: 1282
# Monitor -> Transaction Received Index 0 -> Cmd=2, Tag=1, R1=9, D1=5, D2=7, Data=00000000 | Port 1
# Driver -> Transaction Pushed to DUT on Port: 1
# Transaction Created -> SUB Transaction -> Cmd=5, Data=00000000, R1=4, D1=8, D2=6, Tag=0
# Monitor -> DUT Output -> PORT 1 -> Time: 158340, Tag Out: 1, Data Out: 0, Resp Out: 1
# This is the value of i:           1
#               158340 Dummy DUT Last Known Input Values: Req Tag: '{0, 0, 0, 0}, Command: '{5, 10, 10, 10}
# COMMAND SENT: 5
# Scoreboard -> Time:               158340 Data Sent to Dummy DUT -> Cmd=0101, Data=         0, R1= 4, D1= 8, D2= 6, Tag=0
# Scoreboard -> Time:               158340 Current Register Values in Dummy DUT: Command: 0101, D1 =       3275, D2 =          0, R1 =          0, Tag: 0
# ERROR: Mismatch detected at Port 1
# Port 1 Checked Values:
#   Expected Data: 0, Actual Data: 0
#   Expected Response: 1, Actual Response: 1
#   Expected Tag: 0, Actual Tag: 1
# CORRECT: Outputs are matching at Port 2
# Port 2 Checked Values:
#   Expected Data: 703, Actual Data: 703
#   Expected Response: 1, Actual Response: 1
#   Expected Tag: 0, Actual Tag: 0
# CORRECT: Outputs are matching at Port 3
# Port 3 Checked Values:
#   Expected Data: 703, Actual Data: 703
#   Expected Response: 1, Actual Response: 1
#   Expected Tag: 0, Actual Tag: 0
# CORRECT: Outputs are matching at Port 4
# Port 4 Checked Values:
#   Expected Data: 703, Actual Data: 703
#   Expected Response: 1, Actual Response: 1
#   Expected Tag: 0, Actual Tag: 0
# Time:               158340 Total correct outputs: 3939, Total errors detected: 1283
# Monitor -> Transaction Received Index 0 -> Cmd=5, Tag=0, R1=4, D1=8, D2=6, Data=00000000 | Port 1
# Driver -> Transaction Pushed to DUT on Port: 1
# Transaction Created -> ADD Transaction -> Cmd=1, Data=00000000, R1=d, D1=a, D2=b, Tag=1
# Monitor -> DUT Output -> PORT 1 -> Time: 158540, Tag Out: 0, Data Out: 0, Resp Out: 1
# This is the value of i:           1
#               158540 Dummy DUT Last Known Input Values: Req Tag: '{1, 0, 0, 0}, Command: '{1, 10, 10, 10}
# COMMAND SENT: 1
# Scoreboard -> Time:               158540 Data Sent to Dummy DUT -> Cmd=0001, Data=         0, R1=13, D1=10, D2=11, Tag=1
# Scoreboard -> Time:               158540 Current Register Values in Dummy DUT: Command: 0001, D1 =       3834, D2 =          0, R1 =       3834, Tag: 1
# ERROR: Mismatch detected at Port 1
# Port 1 Checked Values:
#   Expected Data: 0, Actual Data: 0
#   Expected Response: 1, Actual Response: 1
#   Expected Tag: 1, Actual Tag: 0
# CORRECT: Outputs are matching at Port 2
# Port 2 Checked Values:
#   Expected Data: 703, Actual Data: 703
#   Expected Response: 1, Actual Response: 1
#   Expected Tag: 0, Actual Tag: 0
# CORRECT: Outputs are matching at Port 3
# Port 3 Checked Values:
#   Expected Data: 703, Actual Data: 703
#   Expected Response: 1, Actual Response: 1
#   Expected Tag: 0, Actual Tag: 0
# CORRECT: Outputs are matching at Port 4
# Port 4 Checked Values:
#   Expected Data: 703, Actual Data: 703
#   Expected Response: 1, Actual Response: 1
#   Expected Tag: 0, Actual Tag: 0
# Time:               158540 Total correct outputs: 3942, Total errors detected: 1284
# Monitor -> Transaction Received Index 0 -> Cmd=1, Tag=1, R1=d, D1=a, D2=b, Data=00000000 | Port 1
# Driver -> Transaction Pushed to DUT on Port: 1
# Transaction Created -> SUB Transaction -> Cmd=5, Data=00000000, R1=d, D1=1, D2=6, Tag=3
# Monitor -> DUT Output -> PORT 1 -> Time: 158740, Tag Out: 1, Data Out: 0, Resp Out: 1
# This is the value of i:           1
#               158740 Dummy DUT Last Known Input Values: Req Tag: '{3, 0, 0, 0}, Command: '{5, 10, 10, 10}
# COMMAND SENT: 5
# Scoreboard -> Time:               158740 Data Sent to Dummy DUT -> Cmd=0101, Data=         0, R1=13, D1= 1, D2= 6, Tag=3
# Scoreboard -> Time:               158740 Current Register Values in Dummy DUT: Command: 0101, D1 =          0, D2 =          0, R1 =          0, Tag: 3
# ERROR: Mismatch detected at Port 1
# Port 1 Checked Values:
#   Expected Data: 0, Actual Data: 0
#   Expected Response: 1, Actual Response: 1
#   Expected Tag: 3, Actual Tag: 1
# CORRECT: Outputs are matching at Port 2
# Port 2 Checked Values:
#   Expected Data: 703, Actual Data: 703
#   Expected Response: 1, Actual Response: 1
#   Expected Tag: 0, Actual Tag: 0
# CORRECT: Outputs are matching at Port 3
# Port 3 Checked Values:
#   Expected Data: 703, Actual Data: 703
#   Expected Response: 1, Actual Response: 1
#   Expected Tag: 0, Actual Tag: 0
# CORRECT: Outputs are matching at Port 4
# Port 4 Checked Values:
#   Expected Data: 703, Actual Data: 703
#   Expected Response: 1, Actual Response: 1
#   Expected Tag: 0, Actual Tag: 0
# Time:               158740 Total correct outputs: 3945, Total errors detected: 1285
# Monitor -> Transaction Received Index 0 -> Cmd=5, Tag=3, R1=d, D1=1, D2=6, Data=00000000 | Port 1
# Driver -> Transaction Pushed to DUT on Port: 1
# Transaction Created -> SUB Transaction -> Cmd=2, Data=00000000, R1=c, D1=9, D2=2, Tag=1
# Monitor -> DUT Output -> PORT 1 -> Time: 158940, Tag Out: 3, Data Out: 0, Resp Out: 1
# This is the value of i:           1
#               158940 Dummy DUT Last Known Input Values: Req Tag: '{1, 0, 0, 0}, Command: '{2, 10, 10, 10}
# COMMAND SENT: 2
# Scoreboard -> Time:               158940 Data Sent to Dummy DUT -> Cmd=0010, Data=         0, R1=12, D1= 9, D2= 2, Tag=1
# Scoreboard -> Time:               158940 Current Register Values in Dummy DUT: Command: 0010, D1 =          0, D2 =          0, R1 = 4294965978, Tag: 1
# ERROR: Mismatch detected at Port 1
# Port 1 Checked Values:
#   Expected Data: 0, Actual Data: 0
#   Expected Response: 1, Actual Response: 1
#   Expected Tag: 1, Actual Tag: 3
# CORRECT: Outputs are matching at Port 2
# Port 2 Checked Values:
#   Expected Data: 703, Actual Data: 703
#   Expected Response: 1, Actual Response: 1
#   Expected Tag: 0, Actual Tag: 0
# CORRECT: Outputs are matching at Port 3
# Port 3 Checked Values:
#   Expected Data: 703, Actual Data: 703
#   Expected Response: 1, Actual Response: 1
#   Expected Tag: 0, Actual Tag: 0
# CORRECT: Outputs are matching at Port 4
# Port 4 Checked Values:
#   Expected Data: 703, Actual Data: 703
#   Expected Response: 1, Actual Response: 1
#   Expected Tag: 0, Actual Tag: 0
# Time:               158940 Total correct outputs: 3948, Total errors detected: 1286
# Monitor -> Transaction Received Index 0 -> Cmd=2, Tag=1, R1=c, D1=9, D2=2, Data=00000000 | Port 1
# Driver -> Transaction Pushed to DUT on Port: 1
# Transaction Created -> SUB Transaction -> Cmd=6, Data=00000000, R1=1, D1=0, D2=5, Tag=1
# Monitor -> DUT Output -> PORT 1 -> Time: 159140, Tag Out: 1, Data Out: 0, Resp Out: 2
# This is the value of i:           1
#               159140 Dummy DUT Last Known Input Values: Req Tag: '{1, 0, 0, 0}, Command: '{6, 10, 10, 10}
# COMMAND SENT: 6
# Scoreboard -> Time:               159140 Data Sent to Dummy DUT -> Cmd=0110, Data=         0, R1= 1, D1= 0, D2= 5, Tag=1
# Scoreboard -> Time:               159140 Current Register Values in Dummy DUT: Command: 0110, D1 =          0, D2 =          0, R1 =          0, Tag: 1
# ERROR: Mismatch detected at Port 1
# Port 1 Checked Values:
#   Expected Data: 0, Actual Data: 0
#   Expected Response: 1, Actual Response: 2
#   Expected Tag: 1, Actual Tag: 1
# CORRECT: Outputs are matching at Port 2
# Port 2 Checked Values:
#   Expected Data: 703, Actual Data: 703
#   Expected Response: 1, Actual Response: 1
#   Expected Tag: 0, Actual Tag: 0
# CORRECT: Outputs are matching at Port 3
# Port 3 Checked Values:
#   Expected Data: 703, Actual Data: 703
#   Expected Response: 1, Actual Response: 1
#   Expected Tag: 0, Actual Tag: 0
# CORRECT: Outputs are matching at Port 4
# Port 4 Checked Values:
#   Expected Data: 703, Actual Data: 703
#   Expected Response: 1, Actual Response: 1
#   Expected Tag: 0, Actual Tag: 0
# Time:               159140 Total correct outputs: 3951, Total errors detected: 1287
# Monitor -> Transaction Received Index 0 -> Cmd=6, Tag=1, R1=1, D1=0, D2=5, Data=00000000 | Port 1
# Driver -> Transaction Pushed to DUT on Port: 1
# Transaction Created -> SUB Transaction -> Cmd=6, Data=00000000, R1=3, D1=0, D2=1, Tag=0
# Monitor -> DUT Output -> PORT 1 -> Time: 159340, Tag Out: 1, Data Out: 0, Resp Out: 1
# This is the value of i:           1
#               159340 Dummy DUT Last Known Input Values: Req Tag: '{0, 0, 0, 0}, Command: '{6, 10, 10, 10}
# COMMAND SENT: 6
# Scoreboard -> Time:               159340 Data Sent to Dummy DUT -> Cmd=0110, Data=         0, R1= 3, D1= 0, D2= 1, Tag=0
# Scoreboard -> Time:               159340 Current Register Values in Dummy DUT: Command: 0110, D1 =          0, D2 =          0, R1 =       1392, Tag: 0
# ERROR: Mismatch detected at Port 1
# Port 1 Checked Values:
#   Expected Data: 0, Actual Data: 0
#   Expected Response: 1, Actual Response: 1
#   Expected Tag: 0, Actual Tag: 1
# CORRECT: Outputs are matching at Port 2
# Port 2 Checked Values:
#   Expected Data: 703, Actual Data: 703
#   Expected Response: 1, Actual Response: 1
#   Expected Tag: 0, Actual Tag: 0
# CORRECT: Outputs are matching at Port 3
# Port 3 Checked Values:
#   Expected Data: 703, Actual Data: 703
#   Expected Response: 1, Actual Response: 1
#   Expected Tag: 0, Actual Tag: 0
# CORRECT: Outputs are matching at Port 4
# Port 4 Checked Values:
#   Expected Data: 703, Actual Data: 703
#   Expected Response: 1, Actual Response: 1
#   Expected Tag: 0, Actual Tag: 0
# Time:               159340 Total correct outputs: 3954, Total errors detected: 1288
# Monitor -> Transaction Received Index 0 -> Cmd=6, Tag=0, R1=3, D1=0, D2=1, Data=00000000 | Port 1
# Driver -> Transaction Pushed to DUT on Port: 1
# Transaction Created -> SUB Transaction -> Cmd=6, Data=00000000, R1=0, D1=4, D2=2, Tag=2
# Monitor -> DUT Output -> PORT 1 -> Time: 159540, Tag Out: 0, Data Out: 0, Resp Out: 1
# This is the value of i:           1
#               159540 Dummy DUT Last Known Input Values: Req Tag: '{2, 0, 0, 0}, Command: '{6, 10, 10, 10}
# COMMAND SENT: 6
# Scoreboard -> Time:               159540 Data Sent to Dummy DUT -> Cmd=0110, Data=         0, R1= 0, D1= 4, D2= 2, Tag=2
# Scoreboard -> Time:               159540 Current Register Values in Dummy DUT: Command: 0110, D1 =          0, D2 =          0, R1 =          0, Tag: 2
# ERROR: Mismatch detected at Port 1
# Port 1 Checked Values:
#   Expected Data: 0, Actual Data: 0
#   Expected Response: 1, Actual Response: 1
#   Expected Tag: 2, Actual Tag: 0
# CORRECT: Outputs are matching at Port 2
# Port 2 Checked Values:
#   Expected Data: 703, Actual Data: 703
#   Expected Response: 1, Actual Response: 1
#   Expected Tag: 0, Actual Tag: 0
# CORRECT: Outputs are matching at Port 3
# Port 3 Checked Values:
#   Expected Data: 703, Actual Data: 703
#   Expected Response: 1, Actual Response: 1
#   Expected Tag: 0, Actual Tag: 0
# CORRECT: Outputs are matching at Port 4
# Port 4 Checked Values:
#   Expected Data: 703, Actual Data: 703
#   Expected Response: 1, Actual Response: 1
#   Expected Tag: 0, Actual Tag: 0
# Time:               159540 Total correct outputs: 3957, Total errors detected: 1289
# Monitor -> Transaction Received Index 0 -> Cmd=6, Tag=2, R1=0, D1=4, D2=2, Data=00000000 | Port 1
# Driver -> Transaction Pushed to DUT on Port: 1
# Transaction Created -> SUB Transaction -> Cmd=6, Data=00000000, R1=a, D1=c, D2=1, Tag=1
# Monitor -> DUT Output -> PORT 1 -> Time: 159740, Tag Out: 2, Data Out: 0, Resp Out: 1
# This is the value of i:           1
#               159740 Dummy DUT Last Known Input Values: Req Tag: '{1, 0, 0, 0}, Command: '{6, 10, 10, 10}
# COMMAND SENT: 6
# Scoreboard -> Time:               159740 Data Sent to Dummy DUT -> Cmd=0110, Data=         0, R1=10, D1=12, D2= 1, Tag=1
# Scoreboard -> Time:               159740 Current Register Values in Dummy DUT: Command: 0110, D1 =          0, D2 =          0, R1 = 4294965978, Tag: 1
# ERROR: Mismatch detected at Port 1
# Port 1 Checked Values:
#   Expected Data: 0, Actual Data: 0
#   Expected Response: 1, Actual Response: 1
#   Expected Tag: 1, Actual Tag: 2
# CORRECT: Outputs are matching at Port 2
# Port 2 Checked Values:
#   Expected Data: 703, Actual Data: 703
#   Expected Response: 1, Actual Response: 1
#   Expected Tag: 0, Actual Tag: 0
# CORRECT: Outputs are matching at Port 3
# Port 3 Checked Values:
#   Expected Data: 703, Actual Data: 703
#   Expected Response: 1, Actual Response: 1
#   Expected Tag: 0, Actual Tag: 0
# CORRECT: Outputs are matching at Port 4
# Port 4 Checked Values:
#   Expected Data: 703, Actual Data: 703
#   Expected Response: 1, Actual Response: 1
#   Expected Tag: 0, Actual Tag: 0
# Time:               159740 Total correct outputs: 3960, Total errors detected: 1290
# Monitor -> Transaction Received Index 0 -> Cmd=6, Tag=1, R1=a, D1=c, D2=1, Data=00000000 | Port 1
# Driver -> Transaction Pushed to DUT on Port: 1
# Transaction Created -> ADD Transaction -> Cmd=1, Data=00000000, R1=e, D1=6, D2=b, Tag=0
# Monitor -> DUT Output -> PORT 1 -> Time: 159940, Tag Out: 1, Data Out: 0, Resp Out: 1
# This is the value of i:           1
#               159940 Dummy DUT Last Known Input Values: Req Tag: '{0, 0, 0, 0}, Command: '{1, 10, 10, 10}
# COMMAND SENT: 1
# Scoreboard -> Time:               159940 Data Sent to Dummy DUT -> Cmd=0001, Data=         0, R1=14, D1= 6, D2=11, Tag=0
# Scoreboard -> Time:               159940 Current Register Values in Dummy DUT: Command: 0001, D1 =          0, D2 =          0, R1 =       3627, Tag: 0
# ERROR: Mismatch detected at Port 1
# Port 1 Checked Values:
#   Expected Data: 0, Actual Data: 0
#   Expected Response: 1, Actual Response: 1
#   Expected Tag: 0, Actual Tag: 1
# CORRECT: Outputs are matching at Port 2
# Port 2 Checked Values:
#   Expected Data: 703, Actual Data: 703
#   Expected Response: 1, Actual Response: 1
#   Expected Tag: 0, Actual Tag: 0
# CORRECT: Outputs are matching at Port 3
# Port 3 Checked Values:
#   Expected Data: 703, Actual Data: 703
#   Expected Response: 1, Actual Response: 1
#   Expected Tag: 0, Actual Tag: 0
# CORRECT: Outputs are matching at Port 4
# Port 4 Checked Values:
#   Expected Data: 703, Actual Data: 703
#   Expected Response: 1, Actual Response: 1
#   Expected Tag: 0, Actual Tag: 0
# Time:               159940 Total correct outputs: 3963, Total errors detected: 1291
# Monitor -> Transaction Received Index 0 -> Cmd=1, Tag=0, R1=e, D1=6, D2=b, Data=00000000 | Port 1
# Driver -> Transaction Pushed to DUT on Port: 1
# Transaction Created -> SUB Transaction -> Cmd=6, Data=00000000, R1=1, D1=3, D2=9, Tag=2
# Monitor -> DUT Output -> PORT 1 -> Time: 160140, Tag Out: 0, Data Out: 0, Resp Out: 1
# This is the value of i:           1
#               160140 Dummy DUT Last Known Input Values: Req Tag: '{2, 0, 0, 0}, Command: '{6, 10, 10, 10}
# COMMAND SENT: 6
# Scoreboard -> Time:               160140 Data Sent to Dummy DUT -> Cmd=0110, Data=         0, R1= 1, D1= 3, D2= 9, Tag=2
# Scoreboard -> Time:               160140 Current Register Values in Dummy DUT: Command: 0110, D1 =          0, D2 =          0, R1 =          0, Tag: 2
# ERROR: Mismatch detected at Port 1
# Port 1 Checked Values:
#   Expected Data: 0, Actual Data: 0
#   Expected Response: 1, Actual Response: 1
#   Expected Tag: 2, Actual Tag: 0
# CORRECT: Outputs are matching at Port 2
# Port 2 Checked Values:
#   Expected Data: 703, Actual Data: 703
#   Expected Response: 1, Actual Response: 1
#   Expected Tag: 0, Actual Tag: 0
# CORRECT: Outputs are matching at Port 3
# Port 3 Checked Values:
#   Expected Data: 703, Actual Data: 703
#   Expected Response: 1, Actual Response: 1
#   Expected Tag: 0, Actual Tag: 0
# CORRECT: Outputs are matching at Port 4
# Port 4 Checked Values:
#   Expected Data: 703, Actual Data: 703
#   Expected Response: 1, Actual Response: 1
#   Expected Tag: 0, Actual Tag: 0
# Time:               160140 Total correct outputs: 3966, Total errors detected: 1292
# Monitor -> Transaction Received Index 0 -> Cmd=6, Tag=2, R1=1, D1=3, D2=9, Data=00000000 | Port 1
# Driver -> Transaction Pushed to DUT on Port: 1
# Transaction Created -> ADD Transaction -> Cmd=1, Data=00000000, R1=2, D1=3, D2=b, Tag=0
# Monitor -> DUT Output -> PORT 1 -> Time: 160340, Tag Out: 2, Data Out: 0, Resp Out: 1
# This is the value of i:           1
#               160340 Dummy DUT Last Known Input Values: Req Tag: '{0, 0, 0, 0}, Command: '{1, 10, 10, 10}
# COMMAND SENT: 1
# Scoreboard -> Time:               160340 Data Sent to Dummy DUT -> Cmd=0001, Data=         0, R1= 2, D1= 3, D2=11, Tag=0
# Scoreboard -> Time:               160340 Current Register Values in Dummy DUT: Command: 0001, D1 =          0, D2 =          0, R1 =       3401, Tag: 0
# ERROR: Mismatch detected at Port 1
# Port 1 Checked Values:
#   Expected Data: 0, Actual Data: 0
#   Expected Response: 1, Actual Response: 1
#   Expected Tag: 0, Actual Tag: 2
# CORRECT: Outputs are matching at Port 2
# Port 2 Checked Values:
#   Expected Data: 703, Actual Data: 703
#   Expected Response: 1, Actual Response: 1
#   Expected Tag: 0, Actual Tag: 0
# CORRECT: Outputs are matching at Port 3
# Port 3 Checked Values:
#   Expected Data: 703, Actual Data: 703
#   Expected Response: 1, Actual Response: 1
#   Expected Tag: 0, Actual Tag: 0
# CORRECT: Outputs are matching at Port 4
# Port 4 Checked Values:
#   Expected Data: 703, Actual Data: 703
#   Expected Response: 1, Actual Response: 1
#   Expected Tag: 0, Actual Tag: 0
# Time:               160340 Total correct outputs: 3969, Total errors detected: 1293
# Monitor -> Transaction Received Index 0 -> Cmd=1, Tag=0, R1=2, D1=3, D2=b, Data=00000000 | Port 1
# Driver -> Transaction Pushed to DUT on Port: 1
# Transaction Created -> ADD Transaction -> Cmd=1, Data=00000000, R1=0, D1=6, D2=4, Tag=1
# Monitor -> DUT Output -> PORT 1 -> Time: 160540, Tag Out: 0, Data Out: 0, Resp Out: 1
# This is the value of i:           1
#               160540 Dummy DUT Last Known Input Values: Req Tag: '{1, 0, 0, 0}, Command: '{1, 10, 10, 10}
# COMMAND SENT: 1
# Scoreboard -> Time:               160540 Data Sent to Dummy DUT -> Cmd=0001, Data=         0, R1= 0, D1= 6, D2= 4, Tag=1
# Scoreboard -> Time:               160540 Current Register Values in Dummy DUT: Command: 0001, D1 =          0, D2 =          0, R1 =       1618, Tag: 1
# ERROR: Mismatch detected at Port 1
# Port 1 Checked Values:
#   Expected Data: 0, Actual Data: 0
#   Expected Response: 1, Actual Response: 1
#   Expected Tag: 1, Actual Tag: 0
# CORRECT: Outputs are matching at Port 2
# Port 2 Checked Values:
#   Expected Data: 703, Actual Data: 703
#   Expected Response: 1, Actual Response: 1
#   Expected Tag: 0, Actual Tag: 0
# CORRECT: Outputs are matching at Port 3
# Port 3 Checked Values:
#   Expected Data: 703, Actual Data: 703
#   Expected Response: 1, Actual Response: 1
#   Expected Tag: 0, Actual Tag: 0
# CORRECT: Outputs are matching at Port 4
# Port 4 Checked Values:
#   Expected Data: 703, Actual Data: 703
#   Expected Response: 1, Actual Response: 1
#   Expected Tag: 0, Actual Tag: 0
# Time:               160540 Total correct outputs: 3972, Total errors detected: 1294
# Monitor -> Transaction Received Index 0 -> Cmd=1, Tag=1, R1=0, D1=6, D2=4, Data=00000000 | Port 1
# Driver -> Transaction Pushed to DUT on Port: 1
# Transaction Created -> SUB Transaction -> Cmd=6, Data=00000000, R1=4, D1=1, D2=7, Tag=2
# Monitor -> DUT Output -> PORT 1 -> Time: 160740, Tag Out: 1, Data Out: 0, Resp Out: 1
# This is the value of i:           1
#               160740 Dummy DUT Last Known Input Values: Req Tag: '{2, 0, 0, 0}, Command: '{6, 10, 10, 10}
# COMMAND SENT: 6
# Scoreboard -> Time:               160740 Data Sent to Dummy DUT -> Cmd=0110, Data=         0, R1= 4, D1= 1, D2= 7, Tag=2
# Scoreboard -> Time:               160740 Current Register Values in Dummy DUT: Command: 0110, D1 =          0, D2 =          0, R1 =          0, Tag: 2
# ERROR: Mismatch detected at Port 1
# Port 1 Checked Values:
#   Expected Data: 0, Actual Data: 0
#   Expected Response: 1, Actual Response: 1
#   Expected Tag: 2, Actual Tag: 1
# CORRECT: Outputs are matching at Port 2
# Port 2 Checked Values:
#   Expected Data: 703, Actual Data: 703
#   Expected Response: 1, Actual Response: 1
#   Expected Tag: 0, Actual Tag: 0
# CORRECT: Outputs are matching at Port 3
# Port 3 Checked Values:
#   Expected Data: 703, Actual Data: 703
#   Expected Response: 1, Actual Response: 1
#   Expected Tag: 0, Actual Tag: 0
# CORRECT: Outputs are matching at Port 4
# Port 4 Checked Values:
#   Expected Data: 703, Actual Data: 703
#   Expected Response: 1, Actual Response: 1
#   Expected Tag: 0, Actual Tag: 0
# Time:               160740 Total correct outputs: 3975, Total errors detected: 1295
# Monitor -> Transaction Received Index 0 -> Cmd=6, Tag=2, R1=4, D1=1, D2=7, Data=00000000 | Port 1
# Driver -> Transaction Pushed to DUT on Port: 1
# Transaction Created -> SUB Transaction -> Cmd=5, Data=00000000, R1=c, D1=0, D2=f, Tag=0
# Monitor -> DUT Output -> PORT 1 -> Time: 160940, Tag Out: 2, Data Out: 0, Resp Out: 1
# This is the value of i:           1
#               160940 Dummy DUT Last Known Input Values: Req Tag: '{0, 0, 0, 0}, Command: '{5, 10, 10, 10}
# COMMAND SENT: 5
# Scoreboard -> Time:               160940 Data Sent to Dummy DUT -> Cmd=0101, Data=         0, R1=12, D1= 0, D2=15, Tag=0
# Scoreboard -> Time:               160940 Current Register Values in Dummy DUT: Command: 0101, D1 =          0, D2 =          0, R1 =          0, Tag: 0
# ERROR: Mismatch detected at Port 1
# Port 1 Checked Values:
#   Expected Data: 0, Actual Data: 0
#   Expected Response: 1, Actual Response: 1
#   Expected Tag: 0, Actual Tag: 2
# CORRECT: Outputs are matching at Port 2
# Port 2 Checked Values:
#   Expected Data: 703, Actual Data: 703
#   Expected Response: 1, Actual Response: 1
#   Expected Tag: 0, Actual Tag: 0
# CORRECT: Outputs are matching at Port 3
# Port 3 Checked Values:
#   Expected Data: 703, Actual Data: 703
#   Expected Response: 1, Actual Response: 1
#   Expected Tag: 0, Actual Tag: 0
# CORRECT: Outputs are matching at Port 4
# Port 4 Checked Values:
#   Expected Data: 703, Actual Data: 703
#   Expected Response: 1, Actual Response: 1
#   Expected Tag: 0, Actual Tag: 0
# Time:               160940 Total correct outputs: 3978, Total errors detected: 1296
# Monitor -> Transaction Received Index 0 -> Cmd=5, Tag=0, R1=c, D1=0, D2=f, Data=00000000 | Port 1
# Driver -> Transaction Pushed to DUT on Port: 1
# Transaction Created -> SUB Transaction -> Cmd=6, Data=00000000, R1=4, D1=5, D2=4, Tag=3
# Monitor -> DUT Output -> PORT 1 -> Time: 161140, Tag Out: 0, Data Out: 0, Resp Out: 1
# This is the value of i:           1
#               161140 Dummy DUT Last Known Input Values: Req Tag: '{3, 0, 0, 0}, Command: '{6, 10, 10, 10}
# COMMAND SENT: 6
# Scoreboard -> Time:               161140 Data Sent to Dummy DUT -> Cmd=0110, Data=         0, R1= 4, D1= 5, D2= 4, Tag=3
# Scoreboard -> Time:               161140 Current Register Values in Dummy DUT: Command: 0110, D1 =          0, D2 =          0, R1 =       3029, Tag: 3
# ERROR: Mismatch detected at Port 1
# Port 1 Checked Values:
#   Expected Data: 0, Actual Data: 0
#   Expected Response: 1, Actual Response: 1
#   Expected Tag: 3, Actual Tag: 0
# CORRECT: Outputs are matching at Port 2
# Port 2 Checked Values:
#   Expected Data: 703, Actual Data: 703
#   Expected Response: 1, Actual Response: 1
#   Expected Tag: 0, Actual Tag: 0
# CORRECT: Outputs are matching at Port 3
# Port 3 Checked Values:
#   Expected Data: 703, Actual Data: 703
#   Expected Response: 1, Actual Response: 1
#   Expected Tag: 0, Actual Tag: 0
# CORRECT: Outputs are matching at Port 4
# Port 4 Checked Values:
#   Expected Data: 703, Actual Data: 703
#   Expected Response: 1, Actual Response: 1
#   Expected Tag: 0, Actual Tag: 0
# Time:               161140 Total correct outputs: 3981, Total errors detected: 1297
# Monitor -> Transaction Received Index 0 -> Cmd=6, Tag=3, R1=4, D1=5, D2=4, Data=00000000 | Port 1
# Driver -> Transaction Pushed to DUT on Port: 1
# Transaction Created -> ADD Transaction -> Cmd=1, Data=00000000, R1=4, D1=6, D2=2, Tag=1
# Monitor -> DUT Output -> PORT 1 -> Time: 161340, Tag Out: 3, Data Out: 0, Resp Out: 1
# This is the value of i:           1
#               161340 Dummy DUT Last Known Input Values: Req Tag: '{1, 0, 0, 0}, Command: '{1, 10, 10, 10}
# COMMAND SENT: 1
# Scoreboard -> Time:               161340 Data Sent to Dummy DUT -> Cmd=0001, Data=         0, R1= 4, D1= 6, D2= 2, Tag=1
# Scoreboard -> Time:               161340 Current Register Values in Dummy DUT: Command: 0001, D1 =          0, D2 =          0, R1 =       5019, Tag: 1
# ERROR: Mismatch detected at Port 1
# Port 1 Checked Values:
#   Expected Data: 0, Actual Data: 0
#   Expected Response: 1, Actual Response: 1
#   Expected Tag: 1, Actual Tag: 3
# CORRECT: Outputs are matching at Port 2
# Port 2 Checked Values:
#   Expected Data: 703, Actual Data: 703
#   Expected Response: 1, Actual Response: 1
#   Expected Tag: 0, Actual Tag: 0
# CORRECT: Outputs are matching at Port 3
# Port 3 Checked Values:
#   Expected Data: 703, Actual Data: 703
#   Expected Response: 1, Actual Response: 1
#   Expected Tag: 0, Actual Tag: 0
# CORRECT: Outputs are matching at Port 4
# Port 4 Checked Values:
#   Expected Data: 703, Actual Data: 703
#   Expected Response: 1, Actual Response: 1
#   Expected Tag: 0, Actual Tag: 0
# Time:               161340 Total correct outputs: 3984, Total errors detected: 1298
# Monitor -> Transaction Received Index 0 -> Cmd=1, Tag=1, R1=4, D1=6, D2=2, Data=00000000 | Port 1
# Driver -> Transaction Pushed to DUT on Port: 1
# Transaction Created -> SUB Transaction -> Cmd=6, Data=00000000, R1=f, D1=c, D2=8, Tag=3
# Monitor -> DUT Output -> PORT 1 -> Time: 161540, Tag Out: 1, Data Out: 0, Resp Out: 1
# This is the value of i:           1
#               161540 Dummy DUT Last Known Input Values: Req Tag: '{3, 0, 0, 0}, Command: '{6, 10, 10, 10}
# COMMAND SENT: 6
# Scoreboard -> Time:               161540 Data Sent to Dummy DUT -> Cmd=0110, Data=         0, R1=15, D1=12, D2= 8, Tag=3
# Scoreboard -> Time:               161540 Current Register Values in Dummy DUT: Command: 0110, D1 =          0, D2 =          0, R1 =          0, Tag: 3
# ERROR: Mismatch detected at Port 1
# Port 1 Checked Values:
#   Expected Data: 0, Actual Data: 0
#   Expected Response: 1, Actual Response: 1
#   Expected Tag: 3, Actual Tag: 1
# CORRECT: Outputs are matching at Port 2
# Port 2 Checked Values:
#   Expected Data: 703, Actual Data: 703
#   Expected Response: 1, Actual Response: 1
#   Expected Tag: 0, Actual Tag: 0
# CORRECT: Outputs are matching at Port 3
# Port 3 Checked Values:
#   Expected Data: 703, Actual Data: 703
#   Expected Response: 1, Actual Response: 1
#   Expected Tag: 0, Actual Tag: 0
# CORRECT: Outputs are matching at Port 4
# Port 4 Checked Values:
#   Expected Data: 703, Actual Data: 703
#   Expected Response: 1, Actual Response: 1
#   Expected Tag: 0, Actual Tag: 0
# Time:               161540 Total correct outputs: 3987, Total errors detected: 1299
# Monitor -> Transaction Received Index 0 -> Cmd=6, Tag=3, R1=f, D1=c, D2=8, Data=00000000 | Port 1
# Driver -> Transaction Pushed to DUT on Port: 1
# Transaction Created -> SUB Transaction -> Cmd=2, Data=00000000, R1=7, D1=f, D2=1, Tag=1
# Monitor -> DUT Output -> PORT 1 -> Time: 161740, Tag Out: 3, Data Out: 0, Resp Out: 1
# This is the value of i:           1
#               161740 Dummy DUT Last Known Input Values: Req Tag: '{1, 0, 0, 0}, Command: '{2, 10, 10, 10}
# COMMAND SENT: 2
# Scoreboard -> Time:               161740 Data Sent to Dummy DUT -> Cmd=0010, Data=         0, R1= 7, D1=15, D2= 1, Tag=1
# Scoreboard -> Time:               161740 Current Register Values in Dummy DUT: Command: 0010, D1 =          0, D2 =          0, R1 =          0, Tag: 1
# ERROR: Mismatch detected at Port 1
# Port 1 Checked Values:
#   Expected Data: 0, Actual Data: 0
#   Expected Response: 1, Actual Response: 1
#   Expected Tag: 1, Actual Tag: 3
# CORRECT: Outputs are matching at Port 2
# Port 2 Checked Values:
#   Expected Data: 703, Actual Data: 703
#   Expected Response: 1, Actual Response: 1
#   Expected Tag: 0, Actual Tag: 0
# CORRECT: Outputs are matching at Port 3
# Port 3 Checked Values:
#   Expected Data: 703, Actual Data: 703
#   Expected Response: 1, Actual Response: 1
#   Expected Tag: 0, Actual Tag: 0
# CORRECT: Outputs are matching at Port 4
# Port 4 Checked Values:
#   Expected Data: 703, Actual Data: 703
#   Expected Response: 1, Actual Response: 1
#   Expected Tag: 0, Actual Tag: 0
# Time:               161740 Total correct outputs: 3990, Total errors detected: 1300
# Monitor -> Transaction Received Index 0 -> Cmd=2, Tag=1, R1=7, D1=f, D2=1, Data=00000000 | Port 1
# Driver -> Transaction Pushed to DUT on Port: 1
# Transaction Created -> ADD Transaction -> Cmd=1, Data=00000000, R1=a, D1=c, D2=f, Tag=2
# Monitor -> DUT Output -> PORT 1 -> Time: 161940, Tag Out: 1, Data Out: 0, Resp Out: 1
# This is the value of i:           1
#               161940 Dummy DUT Last Known Input Values: Req Tag: '{2, 0, 0, 0}, Command: '{1, 10, 10, 10}
# COMMAND SENT: 1
# Scoreboard -> Time:               161940 Data Sent to Dummy DUT -> Cmd=0001, Data=         0, R1=10, D1=12, D2=15, Tag=2
# Scoreboard -> Time:               161940 Current Register Values in Dummy DUT: Command: 0001, D1 =          0, D2 =          0, R1 =          0, Tag: 2
# ERROR: Mismatch detected at Port 1
# Port 1 Checked Values:
#   Expected Data: 0, Actual Data: 0
#   Expected Response: 1, Actual Response: 1
#   Expected Tag: 2, Actual Tag: 1
# CORRECT: Outputs are matching at Port 2
# Port 2 Checked Values:
#   Expected Data: 703, Actual Data: 703
#   Expected Response: 1, Actual Response: 1
#   Expected Tag: 0, Actual Tag: 0
# CORRECT: Outputs are matching at Port 3
# Port 3 Checked Values:
#   Expected Data: 703, Actual Data: 703
#   Expected Response: 1, Actual Response: 1
#   Expected Tag: 0, Actual Tag: 0
# CORRECT: Outputs are matching at Port 4
# Port 4 Checked Values:
#   Expected Data: 703, Actual Data: 703
#   Expected Response: 1, Actual Response: 1
#   Expected Tag: 0, Actual Tag: 0
# Time:               161940 Total correct outputs: 3993, Total errors detected: 1301
# Monitor -> Transaction Received Index 0 -> Cmd=1, Tag=2, R1=a, D1=c, D2=f, Data=00000000 | Port 1
# Driver -> Transaction Pushed to DUT on Port: 1
# Transaction Created -> ADD Transaction -> Cmd=1, Data=00000000, R1=e, D1=5, D2=5, Tag=2
# Monitor -> DUT Output -> PORT 1 -> Time: 162140, Tag Out: 2, Data Out: 0, Resp Out: 1
# This is the value of i:           1
#               162140 Dummy DUT Last Known Input Values: Req Tag: '{2, 0, 0, 0}, Command: '{1, 10, 10, 10}
# COMMAND SENT: 1
# Scoreboard -> Time:               162140 Data Sent to Dummy DUT -> Cmd=0001, Data=         0, R1=14, D1= 5, D2= 5, Tag=2
# Scoreboard -> Time:               162140 Current Register Values in Dummy DUT: Command: 0001, D1 =          0, D2 =          0, R1 =       6058, Tag: 2
# CORRECT: Outputs are matching at Port 1
# Port 1 Checked Values:
#   Expected Data: 0, Actual Data: 0
#   Expected Response: 1, Actual Response: 1
#   Expected Tag: 2, Actual Tag: 2
# CORRECT: Outputs are matching at Port 2
# Port 2 Checked Values:
#   Expected Data: 703, Actual Data: 703
#   Expected Response: 1, Actual Response: 1
#   Expected Tag: 0, Actual Tag: 0
# CORRECT: Outputs are matching at Port 3
# Port 3 Checked Values:
#   Expected Data: 703, Actual Data: 703
#   Expected Response: 1, Actual Response: 1
#   Expected Tag: 0, Actual Tag: 0
# CORRECT: Outputs are matching at Port 4
# Port 4 Checked Values:
#   Expected Data: 703, Actual Data: 703
#   Expected Response: 1, Actual Response: 1
#   Expected Tag: 0, Actual Tag: 0
# Time:               162140 Total correct outputs: 3997, Total errors detected: 1301
# Monitor -> Transaction Received Index 0 -> Cmd=1, Tag=2, R1=e, D1=5, D2=5, Data=00000000 | Port 1
# Driver -> Transaction Pushed to DUT on Port: 1
# Transaction Created -> ADD Transaction -> Cmd=1, Data=00000000, R1=e, D1=9, D2=e, Tag=3
# Monitor -> DUT Output -> PORT 1 -> Time: 162340, Tag Out: 2, Data Out: 0, Resp Out: 1
# This is the value of i:           1
#               162340 Dummy DUT Last Known Input Values: Req Tag: '{3, 0, 0, 0}, Command: '{1, 10, 10, 10}
# COMMAND SENT: 1
# Scoreboard -> Time:               162340 Data Sent to Dummy DUT -> Cmd=0001, Data=         0, R1=14, D1= 9, D2=14, Tag=3
# Scoreboard -> Time:               162340 Current Register Values in Dummy DUT: Command: 0001, D1 =          0, D2 =          0, R1 =       8477, Tag: 3
# ERROR: Mismatch detected at Port 1
# Port 1 Checked Values:
#   Expected Data: 0, Actual Data: 0
#   Expected Response: 1, Actual Response: 1
#   Expected Tag: 3, Actual Tag: 2
# CORRECT: Outputs are matching at Port 2
# Port 2 Checked Values:
#   Expected Data: 703, Actual Data: 703
#   Expected Response: 1, Actual Response: 1
#   Expected Tag: 0, Actual Tag: 0
# CORRECT: Outputs are matching at Port 3
# Port 3 Checked Values:
#   Expected Data: 703, Actual Data: 703
#   Expected Response: 1, Actual Response: 1
#   Expected Tag: 0, Actual Tag: 0
# CORRECT: Outputs are matching at Port 4
# Port 4 Checked Values:
#   Expected Data: 703, Actual Data: 703
#   Expected Response: 1, Actual Response: 1
#   Expected Tag: 0, Actual Tag: 0
# Time:               162340 Total correct outputs: 4000, Total errors detected: 1302
# Monitor -> Transaction Received Index 0 -> Cmd=1, Tag=3, R1=e, D1=9, D2=e, Data=00000000 | Port 1
# Driver -> Transaction Pushed to DUT on Port: 1
# Transaction Created -> SUB Transaction -> Cmd=5, Data=00000000, R1=f, D1=e, D2=a, Tag=2
# Monitor -> DUT Output -> PORT 1 -> Time: 162540, Tag Out: 3, Data Out: 0, Resp Out: 1
# This is the value of i:           1
#               162540 Dummy DUT Last Known Input Values: Req Tag: '{2, 0, 0, 0}, Command: '{5, 10, 10, 10}
# COMMAND SENT: 5
# Scoreboard -> Time:               162540 Data Sent to Dummy DUT -> Cmd=0101, Data=         0, R1=15, D1=14, D2=10, Tag=2
# Scoreboard -> Time:               162540 Current Register Values in Dummy DUT: Command: 0101, D1 =          0, D2 =          0, R1 =       8477, Tag: 2
# ERROR: Mismatch detected at Port 1
# Port 1 Checked Values:
#   Expected Data: 0, Actual Data: 0
#   Expected Response: 1, Actual Response: 1
#   Expected Tag: 2, Actual Tag: 3
# CORRECT: Outputs are matching at Port 2
# Port 2 Checked Values:
#   Expected Data: 703, Actual Data: 703
#   Expected Response: 1, Actual Response: 1
#   Expected Tag: 0, Actual Tag: 0
# CORRECT: Outputs are matching at Port 3
# Port 3 Checked Values:
#   Expected Data: 703, Actual Data: 703
#   Expected Response: 1, Actual Response: 1
#   Expected Tag: 0, Actual Tag: 0
# CORRECT: Outputs are matching at Port 4
# Port 4 Checked Values:
#   Expected Data: 703, Actual Data: 703
#   Expected Response: 1, Actual Response: 1
#   Expected Tag: 0, Actual Tag: 0
# Time:               162540 Total correct outputs: 4003, Total errors detected: 1303
# Monitor -> Transaction Received Index 0 -> Cmd=5, Tag=2, R1=f, D1=e, D2=a, Data=00000000 | Port 1
# Driver -> Transaction Pushed to DUT on Port: 1
# Transaction Created -> ADD Transaction -> Cmd=1, Data=00000000, R1=4, D1=1, D2=5, Tag=0
# Monitor -> DUT Output -> PORT 1 -> Time: 162740, Tag Out: 2, Data Out: 0, Resp Out: 1
# This is the value of i:           1
#               162740 Dummy DUT Last Known Input Values: Req Tag: '{0, 0, 0, 0}, Command: '{1, 10, 10, 10}
# COMMAND SENT: 1
# Scoreboard -> Time:               162740 Data Sent to Dummy DUT -> Cmd=0001, Data=         0, R1= 4, D1= 1, D2= 5, Tag=0
# Scoreboard -> Time:               162740 Current Register Values in Dummy DUT: Command: 0001, D1 =          0, D2 =          0, R1 =       3029, Tag: 0
# ERROR: Mismatch detected at Port 1
# Port 1 Checked Values:
#   Expected Data: 0, Actual Data: 0
#   Expected Response: 1, Actual Response: 1
#   Expected Tag: 0, Actual Tag: 2
# CORRECT: Outputs are matching at Port 2
# Port 2 Checked Values:
#   Expected Data: 703, Actual Data: 703
#   Expected Response: 1, Actual Response: 1
#   Expected Tag: 0, Actual Tag: 0
# CORRECT: Outputs are matching at Port 3
# Port 3 Checked Values:
#   Expected Data: 703, Actual Data: 703
#   Expected Response: 1, Actual Response: 1
#   Expected Tag: 0, Actual Tag: 0
# CORRECT: Outputs are matching at Port 4
# Port 4 Checked Values:
#   Expected Data: 703, Actual Data: 703
#   Expected Response: 1, Actual Response: 1
#   Expected Tag: 0, Actual Tag: 0
# Time:               162740 Total correct outputs: 4006, Total errors detected: 1304
# Monitor -> Transaction Received Index 0 -> Cmd=1, Tag=0, R1=4, D1=1, D2=5, Data=00000000 | Port 1
# Driver -> Transaction Pushed to DUT on Port: 1
# Transaction Created -> SUB Transaction -> Cmd=2, Data=00000000, R1=f, D1=3, D2=d, Tag=3
# Monitor -> DUT Output -> PORT 1 -> Time: 162940, Tag Out: 0, Data Out: 0, Resp Out: 1
# This is the value of i:           1
#               162940 Dummy DUT Last Known Input Values: Req Tag: '{3, 0, 0, 0}, Command: '{2, 10, 10, 10}
# COMMAND SENT: 2
# Scoreboard -> Time:               162940 Data Sent to Dummy DUT -> Cmd=0010, Data=         0, R1=15, D1= 3, D2=13, Tag=3
# Scoreboard -> Time:               162940 Current Register Values in Dummy DUT: Command: 0010, D1 =          0, D2 =          0, R1 =       1392, Tag: 3
# ERROR: Mismatch detected at Port 1
# Port 1 Checked Values:
#   Expected Data: 0, Actual Data: 0
#   Expected Response: 1, Actual Response: 1
#   Expected Tag: 3, Actual Tag: 0
# CORRECT: Outputs are matching at Port 2
# Port 2 Checked Values:
#   Expected Data: 703, Actual Data: 703
#   Expected Response: 1, Actual Response: 1
#   Expected Tag: 0, Actual Tag: 0
# CORRECT: Outputs are matching at Port 3
# Port 3 Checked Values:
#   Expected Data: 703, Actual Data: 703
#   Expected Response: 1, Actual Response: 1
#   Expected Tag: 0, Actual Tag: 0
# CORRECT: Outputs are matching at Port 4
# Port 4 Checked Values:
#   Expected Data: 703, Actual Data: 703
#   Expected Response: 1, Actual Response: 1
#   Expected Tag: 0, Actual Tag: 0
# Time:               162940 Total correct outputs: 4009, Total errors detected: 1305
# Monitor -> Transaction Received Index 0 -> Cmd=2, Tag=3, R1=f, D1=3, D2=d, Data=00000000 | Port 1
# Driver -> Transaction Pushed to DUT on Port: 1
# Transaction Created -> SUB Transaction -> Cmd=6, Data=00000000, R1=b, D1=7, D2=2, Tag=1
# Monitor -> DUT Output -> PORT 1 -> Time: 163140, Tag Out: 3, Data Out: 0, Resp Out: 2
# This is the value of i:           1
#               163140 Dummy DUT Last Known Input Values: Req Tag: '{1, 0, 0, 0}, Command: '{6, 10, 10, 10}
# COMMAND SENT: 6
# Scoreboard -> Time:               163140 Data Sent to Dummy DUT -> Cmd=0110, Data=         0, R1=11, D1= 7, D2= 2, Tag=1
# Scoreboard -> Time:               163140 Current Register Values in Dummy DUT: Command: 0110, D1 =          0, D2 =          0, R1 =          0, Tag: 1
# ERROR: Mismatch detected at Port 1
# Port 1 Checked Values:
#   Expected Data: 0, Actual Data: 0
#   Expected Response: 1, Actual Response: 2
#   Expected Tag: 1, Actual Tag: 3
# CORRECT: Outputs are matching at Port 2
# Port 2 Checked Values:
#   Expected Data: 703, Actual Data: 703
#   Expected Response: 1, Actual Response: 1
#   Expected Tag: 0, Actual Tag: 0
# CORRECT: Outputs are matching at Port 3
# Port 3 Checked Values:
#   Expected Data: 703, Actual Data: 703
#   Expected Response: 1, Actual Response: 1
#   Expected Tag: 0, Actual Tag: 0
# CORRECT: Outputs are matching at Port 4
# Port 4 Checked Values:
#   Expected Data: 703, Actual Data: 703
#   Expected Response: 1, Actual Response: 1
#   Expected Tag: 0, Actual Tag: 0
# Time:               163140 Total correct outputs: 4012, Total errors detected: 1306
# Monitor -> Transaction Received Index 0 -> Cmd=6, Tag=1, R1=b, D1=7, D2=2, Data=00000000 | Port 1
# Driver -> Transaction Pushed to DUT on Port: 1
# Transaction Created -> SUB Transaction -> Cmd=6, Data=00000000, R1=4, D1=0, D2=1, Tag=1
# Monitor -> DUT Output -> PORT 1 -> Time: 163340, Tag Out: 1, Data Out: 0, Resp Out: 1
# This is the value of i:           1
#               163340 Dummy DUT Last Known Input Values: Req Tag: '{1, 0, 0, 0}, Command: '{6, 10, 10, 10}
# COMMAND SENT: 6
# Scoreboard -> Time:               163340 Data Sent to Dummy DUT -> Cmd=0110, Data=         0, R1= 4, D1= 0, D2= 1, Tag=1
# Scoreboard -> Time:               163340 Current Register Values in Dummy DUT: Command: 0110, D1 =          0, D2 =          0, R1 =       1618, Tag: 1
# CORRECT: Outputs are matching at Port 1
# Port 1 Checked Values:
#   Expected Data: 0, Actual Data: 0
#   Expected Response: 1, Actual Response: 1
#   Expected Tag: 1, Actual Tag: 1
# CORRECT: Outputs are matching at Port 2
# Port 2 Checked Values:
#   Expected Data: 703, Actual Data: 703
#   Expected Response: 1, Actual Response: 1
#   Expected Tag: 0, Actual Tag: 0
# CORRECT: Outputs are matching at Port 3
# Port 3 Checked Values:
#   Expected Data: 703, Actual Data: 703
#   Expected Response: 1, Actual Response: 1
#   Expected Tag: 0, Actual Tag: 0
# CORRECT: Outputs are matching at Port 4
# Port 4 Checked Values:
#   Expected Data: 703, Actual Data: 703
#   Expected Response: 1, Actual Response: 1
#   Expected Tag: 0, Actual Tag: 0
# Time:               163340 Total correct outputs: 4016, Total errors detected: 1306
# Monitor -> Transaction Received Index 0 -> Cmd=6, Tag=1, R1=4, D1=0, D2=1, Data=00000000 | Port 1
# Driver -> Transaction Pushed to DUT on Port: 1
# Transaction Created -> ADD Transaction -> Cmd=1, Data=00000000, R1=f, D1=7, D2=5, Tag=3
# Monitor -> DUT Output -> PORT 1 -> Time: 163540, Tag Out: 1, Data Out: 0, Resp Out: 1
# This is the value of i:           1
#               163540 Dummy DUT Last Known Input Values: Req Tag: '{3, 0, 0, 0}, Command: '{1, 10, 10, 10}
# COMMAND SENT: 1
# Scoreboard -> Time:               163540 Data Sent to Dummy DUT -> Cmd=0001, Data=         0, R1=15, D1= 7, D2= 5, Tag=3
# Scoreboard -> Time:               163540 Current Register Values in Dummy DUT: Command: 0001, D1 =          0, D2 =          0, R1 =       3029, Tag: 3
# ERROR: Mismatch detected at Port 1
# Port 1 Checked Values:
#   Expected Data: 0, Actual Data: 0
#   Expected Response: 1, Actual Response: 1
#   Expected Tag: 3, Actual Tag: 1
# CORRECT: Outputs are matching at Port 2
# Port 2 Checked Values:
#   Expected Data: 703, Actual Data: 703
#   Expected Response: 1, Actual Response: 1
#   Expected Tag: 0, Actual Tag: 0
# CORRECT: Outputs are matching at Port 3
# Port 3 Checked Values:
#   Expected Data: 703, Actual Data: 703
#   Expected Response: 1, Actual Response: 1
#   Expected Tag: 0, Actual Tag: 0
# CORRECT: Outputs are matching at Port 4
# Port 4 Checked Values:
#   Expected Data: 703, Actual Data: 703
#   Expected Response: 1, Actual Response: 1
#   Expected Tag: 0, Actual Tag: 0
# Time:               163540 Total correct outputs: 4019, Total errors detected: 1307
# Monitor -> Transaction Received Index 0 -> Cmd=1, Tag=3, R1=f, D1=7, D2=5, Data=00000000 | Port 1
# Driver -> Transaction Pushed to DUT on Port: 1
# Transaction Created -> ADD Transaction -> Cmd=1, Data=00000000, R1=f, D1=2, D2=9, Tag=2
# Monitor -> DUT Output -> PORT 1 -> Time: 163740, Tag Out: 3, Data Out: 0, Resp Out: 1
# This is the value of i:           1
#               163740 Dummy DUT Last Known Input Values: Req Tag: '{2, 0, 0, 0}, Command: '{1, 10, 10, 10}
# COMMAND SENT: 1
# Scoreboard -> Time:               163740 Data Sent to Dummy DUT -> Cmd=0001, Data=         0, R1=15, D1= 2, D2= 9, Tag=2
# Scoreboard -> Time:               163740 Current Register Values in Dummy DUT: Command: 0001, D1 =          0, D2 =          0, R1 =       5820, Tag: 2
# ERROR: Mismatch detected at Port 1
# Port 1 Checked Values:
#   Expected Data: 0, Actual Data: 0
#   Expected Response: 1, Actual Response: 1
#   Expected Tag: 2, Actual Tag: 3
# CORRECT: Outputs are matching at Port 2
# Port 2 Checked Values:
#   Expected Data: 703, Actual Data: 703
#   Expected Response: 1, Actual Response: 1
#   Expected Tag: 0, Actual Tag: 0
# CORRECT: Outputs are matching at Port 3
# Port 3 Checked Values:
#   Expected Data: 703, Actual Data: 703
#   Expected Response: 1, Actual Response: 1
#   Expected Tag: 0, Actual Tag: 0
# CORRECT: Outputs are matching at Port 4
# Port 4 Checked Values:
#   Expected Data: 703, Actual Data: 703
#   Expected Response: 1, Actual Response: 1
#   Expected Tag: 0, Actual Tag: 0
# Time:               163740 Total correct outputs: 4022, Total errors detected: 1308
# Monitor -> Transaction Received Index 0 -> Cmd=1, Tag=2, R1=f, D1=2, D2=9, Data=00000000 | Port 1
# Driver -> Transaction Pushed to DUT on Port: 1
# Transaction Created -> SUB Transaction -> Cmd=6, Data=00000000, R1=3, D1=f, D2=4, Tag=1
# Monitor -> DUT Output -> PORT 1 -> Time: 163940, Tag Out: 2, Data Out: 0, Resp Out: 1
# This is the value of i:           1
#               163940 Dummy DUT Last Known Input Values: Req Tag: '{1, 0, 0, 0}, Command: '{6, 10, 10, 10}
# COMMAND SENT: 6
# Scoreboard -> Time:               163940 Data Sent to Dummy DUT -> Cmd=0110, Data=         0, R1= 3, D1=15, D2= 4, Tag=1
# Scoreboard -> Time:               163940 Current Register Values in Dummy DUT: Command: 0110, D1 =          0, D2 =          0, R1 =          0, Tag: 1
# ERROR: Mismatch detected at Port 1
# Port 1 Checked Values:
#   Expected Data: 0, Actual Data: 0
#   Expected Response: 1, Actual Response: 1
#   Expected Tag: 1, Actual Tag: 2
# CORRECT: Outputs are matching at Port 2
# Port 2 Checked Values:
#   Expected Data: 703, Actual Data: 703
#   Expected Response: 1, Actual Response: 1
#   Expected Tag: 0, Actual Tag: 0
# CORRECT: Outputs are matching at Port 3
# Port 3 Checked Values:
#   Expected Data: 703, Actual Data: 703
#   Expected Response: 1, Actual Response: 1
#   Expected Tag: 0, Actual Tag: 0
# CORRECT: Outputs are matching at Port 4
# Port 4 Checked Values:
#   Expected Data: 703, Actual Data: 703
#   Expected Response: 1, Actual Response: 1
#   Expected Tag: 0, Actual Tag: 0
# Time:               163940 Total correct outputs: 4025, Total errors detected: 1309
# Monitor -> Transaction Received Index 0 -> Cmd=6, Tag=1, R1=3, D1=f, D2=4, Data=00000000 | Port 1
# Driver -> Transaction Pushed to DUT on Port: 1
# Transaction Created -> SUB Transaction -> Cmd=5, Data=00000000, R1=6, D1=3, D2=5, Tag=3
# Monitor -> DUT Output -> PORT 1 -> Time: 164140, Tag Out: 1, Data Out: 0, Resp Out: 1
# This is the value of i:           1
#               164140 Dummy DUT Last Known Input Values: Req Tag: '{3, 0, 0, 0}, Command: '{5, 10, 10, 10}
# COMMAND SENT: 5
# Scoreboard -> Time:               164140 Data Sent to Dummy DUT -> Cmd=0101, Data=         0, R1= 6, D1= 3, D2= 5, Tag=3
# Scoreboard -> Time:               164140 Current Register Values in Dummy DUT: Command: 0101, D1 =          0, D2 =          0, R1 =          0, Tag: 3
# ERROR: Mismatch detected at Port 1
# Port 1 Checked Values:
#   Expected Data: 0, Actual Data: 0
#   Expected Response: 1, Actual Response: 1
#   Expected Tag: 3, Actual Tag: 1
# CORRECT: Outputs are matching at Port 2
# Port 2 Checked Values:
#   Expected Data: 703, Actual Data: 703
#   Expected Response: 1, Actual Response: 1
#   Expected Tag: 0, Actual Tag: 0
# CORRECT: Outputs are matching at Port 3
# Port 3 Checked Values:
#   Expected Data: 703, Actual Data: 703
#   Expected Response: 1, Actual Response: 1
#   Expected Tag: 0, Actual Tag: 0
# CORRECT: Outputs are matching at Port 4
# Port 4 Checked Values:
#   Expected Data: 703, Actual Data: 703
#   Expected Response: 1, Actual Response: 1
#   Expected Tag: 0, Actual Tag: 0
# Time:               164140 Total correct outputs: 4028, Total errors detected: 1310
# Monitor -> Transaction Received Index 0 -> Cmd=5, Tag=3, R1=6, D1=3, D2=5, Data=00000000 | Port 1
# Driver -> Transaction Pushed to DUT on Port: 1
# Transaction Created -> SUB Transaction -> Cmd=2, Data=00000000, R1=e, D1=f, D2=7, Tag=2
# Monitor -> DUT Output -> PORT 1 -> Time: 164340, Tag Out: 3, Data Out: 0, Resp Out: 1
# This is the value of i:           1
#               164340 Dummy DUT Last Known Input Values: Req Tag: '{2, 0, 0, 0}, Command: '{2, 10, 10, 10}
# COMMAND SENT: 2
# Scoreboard -> Time:               164340 Data Sent to Dummy DUT -> Cmd=0010, Data=         0, R1=14, D1=15, D2= 7, Tag=2
# Scoreboard -> Time:               164340 Current Register Values in Dummy DUT: Command: 0010, D1 =          0, D2 =          0, R1 =       5820, Tag: 2
# ERROR: Mismatch detected at Port 1
# Port 1 Checked Values:
#   Expected Data: 0, Actual Data: 0
#   Expected Response: 1, Actual Response: 1
#   Expected Tag: 2, Actual Tag: 3
# CORRECT: Outputs are matching at Port 2
# Port 2 Checked Values:
#   Expected Data: 703, Actual Data: 703
#   Expected Response: 1, Actual Response: 1
#   Expected Tag: 0, Actual Tag: 0
# CORRECT: Outputs are matching at Port 3
# Port 3 Checked Values:
#   Expected Data: 703, Actual Data: 703
#   Expected Response: 1, Actual Response: 1
#   Expected Tag: 0, Actual Tag: 0
# CORRECT: Outputs are matching at Port 4
# Port 4 Checked Values:
#   Expected Data: 703, Actual Data: 703
#   Expected Response: 1, Actual Response: 1
#   Expected Tag: 0, Actual Tag: 0
# Time:               164340 Total correct outputs: 4031, Total errors detected: 1311
# Monitor -> Transaction Received Index 0 -> Cmd=2, Tag=2, R1=e, D1=f, D2=7, Data=00000000 | Port 1
# Driver -> Transaction Pushed to DUT on Port: 1
# Transaction Created -> SUB Transaction -> Cmd=2, Data=00000000, R1=3, D1=c, D2=3, Tag=3
# Monitor -> DUT Output -> PORT 1 -> Time: 164540, Tag Out: 2, Data Out: 0, Resp Out: 2
# This is the value of i:           1
#               164540 Dummy DUT Last Known Input Values: Req Tag: '{3, 0, 0, 0}, Command: '{2, 10, 10, 10}
# COMMAND SENT: 2
# Scoreboard -> Time:               164540 Data Sent to Dummy DUT -> Cmd=0010, Data=         0, R1= 3, D1=12, D2= 3, Tag=3
# Scoreboard -> Time:               164540 Current Register Values in Dummy DUT: Command: 0010, D1 =          0, D2 =          0, R1 =          0, Tag: 3
# ERROR: Mismatch detected at Port 1
# Port 1 Checked Values:
#   Expected Data: 0, Actual Data: 0
#   Expected Response: 1, Actual Response: 2
#   Expected Tag: 3, Actual Tag: 2
# CORRECT: Outputs are matching at Port 2
# Port 2 Checked Values:
#   Expected Data: 703, Actual Data: 703
#   Expected Response: 1, Actual Response: 1
#   Expected Tag: 0, Actual Tag: 0
# CORRECT: Outputs are matching at Port 3
# Port 3 Checked Values:
#   Expected Data: 703, Actual Data: 703
#   Expected Response: 1, Actual Response: 1
#   Expected Tag: 0, Actual Tag: 0
# CORRECT: Outputs are matching at Port 4
# Port 4 Checked Values:
#   Expected Data: 703, Actual Data: 703
#   Expected Response: 1, Actual Response: 1
#   Expected Tag: 0, Actual Tag: 0
# Time:               164540 Total correct outputs: 4034, Total errors detected: 1312
# Monitor -> Transaction Received Index 0 -> Cmd=2, Tag=3, R1=3, D1=c, D2=3, Data=00000000 | Port 1
# Driver -> Transaction Pushed to DUT on Port: 1
# Transaction Created -> SUB Transaction -> Cmd=6, Data=00000000, R1=2, D1=8, D2=0, Tag=2
# Monitor -> DUT Output -> PORT 1 -> Time: 164740, Tag Out: 3, Data Out: 0, Resp Out: 1
# This is the value of i:           1
#               164740 Dummy DUT Last Known Input Values: Req Tag: '{2, 0, 0, 0}, Command: '{6, 10, 10, 10}
# COMMAND SENT: 6
# Scoreboard -> Time:               164740 Data Sent to Dummy DUT -> Cmd=0110, Data=         0, R1= 2, D1= 8, D2= 0, Tag=2
# Scoreboard -> Time:               164740 Current Register Values in Dummy DUT: Command: 0110, D1 =          0, D2 =          0, R1 =          0, Tag: 2
# ERROR: Mismatch detected at Port 1
# Port 1 Checked Values:
#   Expected Data: 0, Actual Data: 0
#   Expected Response: 1, Actual Response: 1
#   Expected Tag: 2, Actual Tag: 3
# CORRECT: Outputs are matching at Port 2
# Port 2 Checked Values:
#   Expected Data: 703, Actual Data: 703
#   Expected Response: 1, Actual Response: 1
#   Expected Tag: 0, Actual Tag: 0
# CORRECT: Outputs are matching at Port 3
# Port 3 Checked Values:
#   Expected Data: 703, Actual Data: 703
#   Expected Response: 1, Actual Response: 1
#   Expected Tag: 0, Actual Tag: 0
# CORRECT: Outputs are matching at Port 4
# Port 4 Checked Values:
#   Expected Data: 703, Actual Data: 703
#   Expected Response: 1, Actual Response: 1
#   Expected Tag: 0, Actual Tag: 0
# Time:               164740 Total correct outputs: 4037, Total errors detected: 1313
# Monitor -> Transaction Received Index 0 -> Cmd=6, Tag=2, R1=2, D1=8, D2=0, Data=00000000 | Port 1
# Driver -> Transaction Pushed to DUT on Port: 1
# Transaction Created -> SUB Transaction -> Cmd=6, Data=00000000, R1=1, D1=c, D2=7, Tag=2
# Monitor -> DUT Output -> PORT 1 -> Time: 164940, Tag Out: 2, Data Out: 0, Resp Out: 1
# This is the value of i:           1
#               164940 Dummy DUT Last Known Input Values: Req Tag: '{2, 0, 0, 0}, Command: '{6, 10, 10, 10}
# COMMAND SENT: 6
# Scoreboard -> Time:               164940 Data Sent to Dummy DUT -> Cmd=0110, Data=         0, R1= 1, D1=12, D2= 7, Tag=2
# Scoreboard -> Time:               164940 Current Register Values in Dummy DUT: Command: 0110, D1 =          0, D2 =          0, R1 =          0, Tag: 2
# CORRECT: Outputs are matching at Port 1
# Port 1 Checked Values:
#   Expected Data: 0, Actual Data: 0
#   Expected Response: 1, Actual Response: 1
#   Expected Tag: 2, Actual Tag: 2
# CORRECT: Outputs are matching at Port 2
# Port 2 Checked Values:
#   Expected Data: 703, Actual Data: 703
#   Expected Response: 1, Actual Response: 1
#   Expected Tag: 0, Actual Tag: 0
# CORRECT: Outputs are matching at Port 3
# Port 3 Checked Values:
#   Expected Data: 703, Actual Data: 703
#   Expected Response: 1, Actual Response: 1
#   Expected Tag: 0, Actual Tag: 0
# CORRECT: Outputs are matching at Port 4
# Port 4 Checked Values:
#   Expected Data: 703, Actual Data: 703
#   Expected Response: 1, Actual Response: 1
#   Expected Tag: 0, Actual Tag: 0
# Time:               164940 Total correct outputs: 4041, Total errors detected: 1313
# Monitor -> Transaction Received Index 0 -> Cmd=6, Tag=2, R1=1, D1=c, D2=7, Data=00000000 | Port 1
# Driver -> Transaction Pushed to DUT on Port: 1
# Transaction Created -> SUB Transaction -> Cmd=5, Data=00000000, R1=e, D1=7, D2=4, Tag=3
# Monitor -> DUT Output -> PORT 1 -> Time: 165140, Tag Out: 2, Data Out: 0, Resp Out: 1
# This is the value of i:           1
#               165140 Dummy DUT Last Known Input Values: Req Tag: '{3, 0, 0, 0}, Command: '{5, 10, 10, 10}
# COMMAND SENT: 5
# Scoreboard -> Time:               165140 Data Sent to Dummy DUT -> Cmd=0101, Data=         0, R1=14, D1= 7, D2= 4, Tag=3
# Scoreboard -> Time:               165140 Current Register Values in Dummy DUT: Command: 0101, D1 =          0, D2 =          0, R1 =          0, Tag: 3
# ERROR: Mismatch detected at Port 1
# Port 1 Checked Values:
#   Expected Data: 0, Actual Data: 0
#   Expected Response: 1, Actual Response: 1
#   Expected Tag: 3, Actual Tag: 2
# CORRECT: Outputs are matching at Port 2
# Port 2 Checked Values:
#   Expected Data: 703, Actual Data: 703
#   Expected Response: 1, Actual Response: 1
#   Expected Tag: 0, Actual Tag: 0
# CORRECT: Outputs are matching at Port 3
# Port 3 Checked Values:
#   Expected Data: 703, Actual Data: 703
#   Expected Response: 1, Actual Response: 1
#   Expected Tag: 0, Actual Tag: 0
# CORRECT: Outputs are matching at Port 4
# Port 4 Checked Values:
#   Expected Data: 703, Actual Data: 703
#   Expected Response: 1, Actual Response: 1
#   Expected Tag: 0, Actual Tag: 0
# Time:               165140 Total correct outputs: 4044, Total errors detected: 1314
# Monitor -> Transaction Received Index 0 -> Cmd=5, Tag=3, R1=e, D1=7, D2=4, Data=00000000 | Port 1
# Driver -> Transaction Pushed to DUT on Port: 1
# Transaction Created -> SUB Transaction -> Cmd=6, Data=00000000, R1=5, D1=a, D2=9, Tag=0
# Monitor -> DUT Output -> PORT 1 -> Time: 165340, Tag Out: 3, Data Out: 0, Resp Out: 1
# This is the value of i:           1
#               165340 Dummy DUT Last Known Input Values: Req Tag: '{0, 0, 0, 0}, Command: '{6, 10, 10, 10}
# COMMAND SENT: 6
# Scoreboard -> Time:               165340 Data Sent to Dummy DUT -> Cmd=0110, Data=         0, R1= 5, D1=10, D2= 9, Tag=0
# Scoreboard -> Time:               165340 Current Register Values in Dummy DUT: Command: 0110, D1 =          0, D2 =          0, R1 =          0, Tag: 0
# ERROR: Mismatch detected at Port 1
# Port 1 Checked Values:
#   Expected Data: 0, Actual Data: 0
#   Expected Response: 1, Actual Response: 1
#   Expected Tag: 0, Actual Tag: 3
# CORRECT: Outputs are matching at Port 2
# Port 2 Checked Values:
#   Expected Data: 703, Actual Data: 703
#   Expected Response: 1, Actual Response: 1
#   Expected Tag: 0, Actual Tag: 0
# CORRECT: Outputs are matching at Port 3
# Port 3 Checked Values:
#   Expected Data: 703, Actual Data: 703
#   Expected Response: 1, Actual Response: 1
#   Expected Tag: 0, Actual Tag: 0
# CORRECT: Outputs are matching at Port 4
# Port 4 Checked Values:
#   Expected Data: 703, Actual Data: 703
#   Expected Response: 1, Actual Response: 1
#   Expected Tag: 0, Actual Tag: 0
# Time:               165340 Total correct outputs: 4047, Total errors detected: 1315
# Monitor -> Transaction Received Index 0 -> Cmd=6, Tag=0, R1=5, D1=a, D2=9, Data=00000000 | Port 1
# Driver -> Transaction Pushed to DUT on Port: 1
# Transaction Created -> SUB Transaction -> Cmd=6, Data=00000000, R1=8, D1=3, D2=2, Tag=3
# Monitor -> DUT Output -> PORT 1 -> Time: 165540, Tag Out: 0, Data Out: 0, Resp Out: 1
# This is the value of i:           1
#               165540 Dummy DUT Last Known Input Values: Req Tag: '{3, 0, 0, 0}, Command: '{6, 10, 10, 10}
# COMMAND SENT: 6
# Scoreboard -> Time:               165540 Data Sent to Dummy DUT -> Cmd=0110, Data=         0, R1= 8, D1= 3, D2= 2, Tag=3
# Scoreboard -> Time:               165540 Current Register Values in Dummy DUT: Command: 0110, D1 =          0, D2 =          0, R1 =          0, Tag: 3
# ERROR: Mismatch detected at Port 1
# Port 1 Checked Values:
#   Expected Data: 0, Actual Data: 0
#   Expected Response: 1, Actual Response: 1
#   Expected Tag: 3, Actual Tag: 0
# CORRECT: Outputs are matching at Port 2
# Port 2 Checked Values:
#   Expected Data: 703, Actual Data: 703
#   Expected Response: 1, Actual Response: 1
#   Expected Tag: 0, Actual Tag: 0
# CORRECT: Outputs are matching at Port 3
# Port 3 Checked Values:
#   Expected Data: 703, Actual Data: 703
#   Expected Response: 1, Actual Response: 1
#   Expected Tag: 0, Actual Tag: 0
# CORRECT: Outputs are matching at Port 4
# Port 4 Checked Values:
#   Expected Data: 703, Actual Data: 703
#   Expected Response: 1, Actual Response: 1
#   Expected Tag: 0, Actual Tag: 0
# Time:               165540 Total correct outputs: 4050, Total errors detected: 1316
# Monitor -> Transaction Received Index 0 -> Cmd=6, Tag=3, R1=8, D1=3, D2=2, Data=00000000 | Port 1
# Driver -> Transaction Pushed to DUT on Port: 1
# Transaction Created -> SUB Transaction -> Cmd=5, Data=00000000, R1=9, D1=6, D2=8, Tag=3
# Monitor -> DUT Output -> PORT 1 -> Time: 165740, Tag Out: 3, Data Out: 0, Resp Out: 1
# This is the value of i:           1
#               165740 Dummy DUT Last Known Input Values: Req Tag: '{3, 0, 0, 0}, Command: '{5, 10, 10, 10}
# COMMAND SENT: 5
# Scoreboard -> Time:               165740 Data Sent to Dummy DUT -> Cmd=0101, Data=         0, R1= 9, D1= 6, D2= 8, Tag=3
# Scoreboard -> Time:               165740 Current Register Values in Dummy DUT: Command: 0101, D1 =          0, D2 =          0, R1 =          0, Tag: 3
# CORRECT: Outputs are matching at Port 1
# Port 1 Checked Values:
#   Expected Data: 0, Actual Data: 0
#   Expected Response: 1, Actual Response: 1
#   Expected Tag: 3, Actual Tag: 3
# CORRECT: Outputs are matching at Port 2
# Port 2 Checked Values:
#   Expected Data: 703, Actual Data: 703
#   Expected Response: 1, Actual Response: 1
#   Expected Tag: 0, Actual Tag: 0
# CORRECT: Outputs are matching at Port 3
# Port 3 Checked Values:
#   Expected Data: 703, Actual Data: 703
#   Expected Response: 1, Actual Response: 1
#   Expected Tag: 0, Actual Tag: 0
# CORRECT: Outputs are matching at Port 4
# Port 4 Checked Values:
#   Expected Data: 703, Actual Data: 703
#   Expected Response: 1, Actual Response: 1
#   Expected Tag: 0, Actual Tag: 0
# Time:               165740 Total correct outputs: 4054, Total errors detected: 1316
# Monitor -> Transaction Received Index 0 -> Cmd=5, Tag=3, R1=9, D1=6, D2=8, Data=00000000 | Port 1
# Driver -> Transaction Pushed to DUT on Port: 1
# Transaction Created -> SUB Transaction -> Cmd=5, Data=00000000, R1=f, D1=3, D2=d, Tag=1
# Monitor -> DUT Output -> PORT 1 -> Time: 165940, Tag Out: 3, Data Out: 0, Resp Out: 1
# This is the value of i:           2
# Driver -> Transaction Pushed to DUT on Port: 2
#               166120 Dummy DUT Last Known Input Values: Req Tag: '{1, 0, 0, 0}, Command: '{5, 10, 10, 10}
# COMMAND SENT: 5
# Scoreboard -> Time:               166120 Data Sent to Dummy DUT -> Cmd=0101, Data=         0, R1=15, D1= 3, D2=13, Tag=1
# Scoreboard -> Time:               166120 Current Register Values in Dummy DUT: Command: 0101, D1 =          0, D2 =          0, R1 =          0, Tag: 1
# CORRECT: Outputs are matching at Port 1
# Port 1 Checked Values:
#   Expected Data: 0, Actual Data: 0
#   Expected Response: 1, Actual Response: 1
#   Expected Tag: 1, Actual Tag: 1
# CORRECT: Outputs are matching at Port 2
# Port 2 Checked Values:
#   Expected Data: 703, Actual Data: 703
#   Expected Response: 1, Actual Response: 1
#   Expected Tag: 0, Actual Tag: 0
# CORRECT: Outputs are matching at Port 3
# Port 3 Checked Values:
#   Expected Data: 703, Actual Data: 703
#   Expected Response: 1, Actual Response: 1
#   Expected Tag: 0, Actual Tag: 0
# CORRECT: Outputs are matching at Port 4
# Port 4 Checked Values:
#   Expected Data: 703, Actual Data: 703
#   Expected Response: 1, Actual Response: 1
#   Expected Tag: 0, Actual Tag: 0
# Time:               166120 Total correct outputs: 4058, Total errors detected: 1316
# Monitor -> Transaction Received Index 0 -> Cmd=5, Tag=1, R1=f, D1=3, D2=d, Data=00000000 | Port 2
# Transaction Created -> ADD Transaction -> Cmd=1, Data=00000000, R1=c, D1=3, D2=f, Tag=1
# Monitor -> DUT Output -> PORT 2 -> Time: 166140, Tag Out: 1, Data Out: 0, Resp Out: 1
# This is the value of i:           2
#               166140 Dummy DUT Last Known Input Values: Req Tag: '{1, 0, 0, 0}, Command: '{1, 10, 10, 10}
# COMMAND SENT: 1
# Scoreboard -> Time:               166140 Data Sent to Dummy DUT -> Cmd=0001, Data=         0, R1=12, D1= 3, D2=15, Tag=1
# Scoreboard -> Time:               166140 Current Register Values in Dummy DUT: Command: 0001, D1 =          0, D2 =          0, R1 =          0, Tag: 1
# CORRECT: Outputs are matching at Port 1
# Port 1 Checked Values:
#   Expected Data: 0, Actual Data: 0
#   Expected Response: 1, Actual Response: 1
#   Expected Tag: 1, Actual Tag: 1
# CORRECT: Outputs are matching at Port 2
# Port 2 Checked Values:
#   Expected Data: 703, Actual Data: 703
#   Expected Response: 1, Actual Response: 1
#   Expected Tag: 0, Actual Tag: 0
# CORRECT: Outputs are matching at Port 3
# Port 3 Checked Values:
#   Expected Data: 703, Actual Data: 703
#   Expected Response: 1, Actual Response: 1
#   Expected Tag: 0, Actual Tag: 0
# CORRECT: Outputs are matching at Port 4
# Port 4 Checked Values:
#   Expected Data: 703, Actual Data: 703
#   Expected Response: 1, Actual Response: 1
#   Expected Tag: 0, Actual Tag: 0
# Time:               166140 Total correct outputs: 4062, Total errors detected: 1316
# Monitor -> Transaction Received Index 0 -> Cmd=1, Tag=1, R1=c, D1=3, D2=f, Data=00000000 | Port 2
# Driver -> Transaction Pushed to DUT on Port: 2
# Transaction Created -> SUB Transaction -> Cmd=2, Data=00000000, R1=7, D1=6, D2=7, Tag=1
# Monitor -> DUT Output -> PORT 2 -> Time: 166340, Tag Out: 1, Data Out: 0, Resp Out: 2
# This is the value of i:           2
#               166340 Dummy DUT Last Known Input Values: Req Tag: '{1, 0, 0, 0}, Command: '{2, 10, 10, 10}
# COMMAND SENT: 2
# Scoreboard -> Time:               166340 Data Sent to Dummy DUT -> Cmd=0010, Data=         0, R1= 7, D1= 6, D2= 7, Tag=1
# Scoreboard -> Time:               166340 Current Register Values in Dummy DUT: Command: 0010, D1 =          0, D2 =          0, R1 =          0, Tag: 1
# ERROR: Mismatch detected at Port 1
# Port 1 Checked Values:
#   Expected Data: 0, Actual Data: 0
#   Expected Response: 1, Actual Response: 2
#   Expected Tag: 1, Actual Tag: 1
# CORRECT: Outputs are matching at Port 2
# Port 2 Checked Values:
#   Expected Data: 703, Actual Data: 703
#   Expected Response: 1, Actual Response: 1
#   Expected Tag: 0, Actual Tag: 0
# CORRECT: Outputs are matching at Port 3
# Port 3 Checked Values:
#   Expected Data: 703, Actual Data: 703
#   Expected Response: 1, Actual Response: 1
#   Expected Tag: 0, Actual Tag: 0
# CORRECT: Outputs are matching at Port 4
# Port 4 Checked Values:
#   Expected Data: 703, Actual Data: 703
#   Expected Response: 1, Actual Response: 1
#   Expected Tag: 0, Actual Tag: 0
# Time:               166340 Total correct outputs: 4065, Total errors detected: 1317
# Monitor -> Transaction Received Index 0 -> Cmd=2, Tag=1, R1=7, D1=6, D2=7, Data=00000000 | Port 2
# Driver -> Transaction Pushed to DUT on Port: 2
# Transaction Created -> ADD Transaction -> Cmd=1, Data=00000000, R1=b, D1=8, D2=2, Tag=1
# Monitor -> DUT Output -> PORT 2 -> Time: 166540, Tag Out: 1, Data Out: 0, Resp Out: 2
# This is the value of i:           2
#               166540 Dummy DUT Last Known Input Values: Req Tag: '{1, 0, 0, 0}, Command: '{1, 10, 10, 10}
# COMMAND SENT: 1
# Scoreboard -> Time:               166540 Data Sent to Dummy DUT -> Cmd=0001, Data=         0, R1=11, D1= 8, D2= 2, Tag=1
# Scoreboard -> Time:               166540 Current Register Values in Dummy DUT: Command: 0001, D1 =          0, D2 =          0, R1 =          0, Tag: 1
# ERROR: Mismatch detected at Port 1
# Port 1 Checked Values:
#   Expected Data: 0, Actual Data: 0
#   Expected Response: 1, Actual Response: 2
#   Expected Tag: 1, Actual Tag: 1
# CORRECT: Outputs are matching at Port 2
# Port 2 Checked Values:
#   Expected Data: 703, Actual Data: 703
#   Expected Response: 1, Actual Response: 1
#   Expected Tag: 0, Actual Tag: 0
# CORRECT: Outputs are matching at Port 3
# Port 3 Checked Values:
#   Expected Data: 703, Actual Data: 703
#   Expected Response: 1, Actual Response: 1
#   Expected Tag: 0, Actual Tag: 0
# CORRECT: Outputs are matching at Port 4
# Port 4 Checked Values:
#   Expected Data: 703, Actual Data: 703
#   Expected Response: 1, Actual Response: 1
#   Expected Tag: 0, Actual Tag: 0
# Time:               166540 Total correct outputs: 4068, Total errors detected: 1318
# Monitor -> Transaction Received Index 0 -> Cmd=1, Tag=1, R1=b, D1=8, D2=2, Data=00000000 | Port 2
# Driver -> Transaction Pushed to DUT on Port: 2
# Transaction Created -> ADD Transaction -> Cmd=1, Data=00000000, R1=d, D1=b, D2=9, Tag=0
# Monitor -> DUT Output -> PORT 2 -> Time: 166740, Tag Out: 1, Data Out: 0, Resp Out: 1
# This is the value of i:           2
#               166740 Dummy DUT Last Known Input Values: Req Tag: '{0, 0, 0, 0}, Command: '{1, 10, 10, 10}
# COMMAND SENT: 1
# Scoreboard -> Time:               166740 Data Sent to Dummy DUT -> Cmd=0001, Data=         0, R1=13, D1=11, D2= 9, Tag=0
# Scoreboard -> Time:               166740 Current Register Values in Dummy DUT: Command: 0001, D1 =          0, D2 =          0, R1 =          0, Tag: 0
# ERROR: Mismatch detected at Port 1
# Port 1 Checked Values:
#   Expected Data: 0, Actual Data: 0
#   Expected Response: 1, Actual Response: 1
#   Expected Tag: 0, Actual Tag: 1
# CORRECT: Outputs are matching at Port 2
# Port 2 Checked Values:
#   Expected Data: 703, Actual Data: 703
#   Expected Response: 1, Actual Response: 1
#   Expected Tag: 0, Actual Tag: 0
# CORRECT: Outputs are matching at Port 3
# Port 3 Checked Values:
#   Expected Data: 703, Actual Data: 703
#   Expected Response: 1, Actual Response: 1
#   Expected Tag: 0, Actual Tag: 0
# CORRECT: Outputs are matching at Port 4
# Port 4 Checked Values:
#   Expected Data: 703, Actual Data: 703
#   Expected Response: 1, Actual Response: 1
#   Expected Tag: 0, Actual Tag: 0
# Time:               166740 Total correct outputs: 4071, Total errors detected: 1319
# Monitor -> Transaction Received Index 0 -> Cmd=1, Tag=0, R1=d, D1=b, D2=9, Data=00000000 | Port 2
# Driver -> Transaction Pushed to DUT on Port: 2
# Transaction Created -> SUB Transaction -> Cmd=6, Data=00000000, R1=9, D1=0, D2=3, Tag=2
# Monitor -> DUT Output -> PORT 2 -> Time: 166940, Tag Out: 0, Data Out: 0, Resp Out: 1
# This is the value of i:           2
#               166940 Dummy DUT Last Known Input Values: Req Tag: '{2, 0, 0, 0}, Command: '{6, 10, 10, 10}
# COMMAND SENT: 6
# Scoreboard -> Time:               166940 Data Sent to Dummy DUT -> Cmd=0110, Data=         0, R1= 9, D1= 0, D2= 3, Tag=2
# Scoreboard -> Time:               166940 Current Register Values in Dummy DUT: Command: 0110, D1 =          0, D2 =          0, R1 =       1618, Tag: 2
# ERROR: Mismatch detected at Port 1
# Port 1 Checked Values:
#   Expected Data: 0, Actual Data: 0
#   Expected Response: 1, Actual Response: 1
#   Expected Tag: 2, Actual Tag: 0
# CORRECT: Outputs are matching at Port 2
# Port 2 Checked Values:
#   Expected Data: 703, Actual Data: 703
#   Expected Response: 1, Actual Response: 1
#   Expected Tag: 0, Actual Tag: 0
# CORRECT: Outputs are matching at Port 3
# Port 3 Checked Values:
#   Expected Data: 703, Actual Data: 703
#   Expected Response: 1, Actual Response: 1
#   Expected Tag: 0, Actual Tag: 0
# CORRECT: Outputs are matching at Port 4
# Port 4 Checked Values:
#   Expected Data: 703, Actual Data: 703
#   Expected Response: 1, Actual Response: 1
#   Expected Tag: 0, Actual Tag: 0
# Time:               166940 Total correct outputs: 4074, Total errors detected: 1320
# Monitor -> Transaction Received Index 0 -> Cmd=6, Tag=2, R1=9, D1=0, D2=3, Data=00000000 | Port 2
# Driver -> Transaction Pushed to DUT on Port: 2
# Transaction Created -> SUB Transaction -> Cmd=6, Data=00000000, R1=3, D1=2, D2=2, Tag=0
# Monitor -> DUT Output -> PORT 2 -> Time: 167140, Tag Out: 2, Data Out: 0, Resp Out: 1
# This is the value of i:           2
#               167140 Dummy DUT Last Known Input Values: Req Tag: '{0, 0, 0, 0}, Command: '{6, 10, 10, 10}
# COMMAND SENT: 6
# Scoreboard -> Time:               167140 Data Sent to Dummy DUT -> Cmd=0110, Data=         0, R1= 3, D1= 2, D2= 2, Tag=0
# Scoreboard -> Time:               167140 Current Register Values in Dummy DUT: Command: 0110, D1 =          0, D2 =          0, R1 =          0, Tag: 0
# ERROR: Mismatch detected at Port 1
# Port 1 Checked Values:
#   Expected Data: 0, Actual Data: 0
#   Expected Response: 1, Actual Response: 1
#   Expected Tag: 0, Actual Tag: 2
# CORRECT: Outputs are matching at Port 2
# Port 2 Checked Values:
#   Expected Data: 703, Actual Data: 703
#   Expected Response: 1, Actual Response: 1
#   Expected Tag: 0, Actual Tag: 0
# CORRECT: Outputs are matching at Port 3
# Port 3 Checked Values:
#   Expected Data: 703, Actual Data: 703
#   Expected Response: 1, Actual Response: 1
#   Expected Tag: 0, Actual Tag: 0
# CORRECT: Outputs are matching at Port 4
# Port 4 Checked Values:
#   Expected Data: 703, Actual Data: 703
#   Expected Response: 1, Actual Response: 1
#   Expected Tag: 0, Actual Tag: 0
# Time:               167140 Total correct outputs: 4077, Total errors detected: 1321
# Monitor -> Transaction Received Index 0 -> Cmd=6, Tag=0, R1=3, D1=2, D2=2, Data=00000000 | Port 2
# Driver -> Transaction Pushed to DUT on Port: 2
# Transaction Created -> SUB Transaction -> Cmd=2, Data=00000000, R1=4, D1=8, D2=d, Tag=0
# Monitor -> DUT Output -> PORT 2 -> Time: 167340, Tag Out: 0, Data Out: 0, Resp Out: 1
# This is the value of i:           2
#               167340 Dummy DUT Last Known Input Values: Req Tag: '{0, 0, 0, 0}, Command: '{2, 10, 10, 10}
# COMMAND SENT: 2
# Scoreboard -> Time:               167340 Data Sent to Dummy DUT -> Cmd=0010, Data=         0, R1= 4, D1= 8, D2=13, Tag=0
# Scoreboard -> Time:               167340 Current Register Values in Dummy DUT: Command: 0010, D1 =          0, D2 =          0, R1 =          0, Tag: 0
# CORRECT: Outputs are matching at Port 1
# Port 1 Checked Values:
#   Expected Data: 0, Actual Data: 0
#   Expected Response: 1, Actual Response: 1
#   Expected Tag: 0, Actual Tag: 0
# CORRECT: Outputs are matching at Port 2
# Port 2 Checked Values:
#   Expected Data: 703, Actual Data: 703
#   Expected Response: 1, Actual Response: 1
#   Expected Tag: 0, Actual Tag: 0
# CORRECT: Outputs are matching at Port 3
# Port 3 Checked Values:
#   Expected Data: 703, Actual Data: 703
#   Expected Response: 1, Actual Response: 1
#   Expected Tag: 0, Actual Tag: 0
# CORRECT: Outputs are matching at Port 4
# Port 4 Checked Values:
#   Expected Data: 703, Actual Data: 703
#   Expected Response: 1, Actual Response: 1
#   Expected Tag: 0, Actual Tag: 0
# Time:               167340 Total correct outputs: 4081, Total errors detected: 1321
# Monitor -> Transaction Received Index 0 -> Cmd=2, Tag=0, R1=4, D1=8, D2=d, Data=00000000 | Port 2
# Driver -> Transaction Pushed to DUT on Port: 2
# Transaction Created -> SUB Transaction -> Cmd=2, Data=00000000, R1=1, D1=4, D2=f, Tag=0
# Monitor -> DUT Output -> PORT 2 -> Time: 167540, Tag Out: 0, Data Out: 0, Resp Out: 1
# This is the value of i:           2
#               167540 Dummy DUT Last Known Input Values: Req Tag: '{0, 0, 0, 0}, Command: '{2, 10, 10, 10}
# COMMAND SENT: 2
# Scoreboard -> Time:               167540 Data Sent to Dummy DUT -> Cmd=0010, Data=         0, R1= 1, D1= 4, D2=15, Tag=0
# Scoreboard -> Time:               167540 Current Register Values in Dummy DUT: Command: 0010, D1 =          0, D2 =          0, R1 =          0, Tag: 0
# CORRECT: Outputs are matching at Port 1
# Port 1 Checked Values:
#   Expected Data: 0, Actual Data: 0
#   Expected Response: 1, Actual Response: 1
#   Expected Tag: 0, Actual Tag: 0
# CORRECT: Outputs are matching at Port 2
# Port 2 Checked Values:
#   Expected Data: 703, Actual Data: 703
#   Expected Response: 1, Actual Response: 1
#   Expected Tag: 0, Actual Tag: 0
# CORRECT: Outputs are matching at Port 3
# Port 3 Checked Values:
#   Expected Data: 703, Actual Data: 703
#   Expected Response: 1, Actual Response: 1
#   Expected Tag: 0, Actual Tag: 0
# CORRECT: Outputs are matching at Port 4
# Port 4 Checked Values:
#   Expected Data: 703, Actual Data: 703
#   Expected Response: 1, Actual Response: 1
#   Expected Tag: 0, Actual Tag: 0
# Time:               167540 Total correct outputs: 4085, Total errors detected: 1321
# Monitor -> Transaction Received Index 0 -> Cmd=2, Tag=0, R1=1, D1=4, D2=f, Data=00000000 | Port 2
# Driver -> Transaction Pushed to DUT on Port: 2
# Transaction Created -> SUB Transaction -> Cmd=6, Data=00000000, R1=2, D1=0, D2=6, Tag=1
# Monitor -> DUT Output -> PORT 2 -> Time: 167740, Tag Out: 0, Data Out: 0, Resp Out: 2
# This is the value of i:           2
#               167740 Dummy DUT Last Known Input Values: Req Tag: '{1, 0, 0, 0}, Command: '{6, 10, 10, 10}
# COMMAND SENT: 6
# Scoreboard -> Time:               167740 Data Sent to Dummy DUT -> Cmd=0110, Data=         0, R1= 2, D1= 0, D2= 6, Tag=1
# Scoreboard -> Time:               167740 Current Register Values in Dummy DUT: Command: 0110, D1 =          0, D2 =          0, R1 =       1618, Tag: 1
# ERROR: Mismatch detected at Port 1
# Port 1 Checked Values:
#   Expected Data: 0, Actual Data: 0
#   Expected Response: 1, Actual Response: 2
#   Expected Tag: 1, Actual Tag: 0
# CORRECT: Outputs are matching at Port 2
# Port 2 Checked Values:
#   Expected Data: 703, Actual Data: 703
#   Expected Response: 1, Actual Response: 1
#   Expected Tag: 0, Actual Tag: 0
# CORRECT: Outputs are matching at Port 3
# Port 3 Checked Values:
#   Expected Data: 703, Actual Data: 703
#   Expected Response: 1, Actual Response: 1
#   Expected Tag: 0, Actual Tag: 0
# CORRECT: Outputs are matching at Port 4
# Port 4 Checked Values:
#   Expected Data: 703, Actual Data: 703
#   Expected Response: 1, Actual Response: 1
#   Expected Tag: 0, Actual Tag: 0
# Time:               167740 Total correct outputs: 4088, Total errors detected: 1322
# Monitor -> Transaction Received Index 0 -> Cmd=6, Tag=1, R1=2, D1=0, D2=6, Data=00000000 | Port 2
# Driver -> Transaction Pushed to DUT on Port: 2
# Transaction Created -> SUB Transaction -> Cmd=6, Data=00000000, R1=e, D1=9, D2=a, Tag=2
# Monitor -> DUT Output -> PORT 2 -> Time: 167940, Tag Out: 1, Data Out: 0, Resp Out: 1
# This is the value of i:           2
#               167940 Dummy DUT Last Known Input Values: Req Tag: '{2, 0, 0, 0}, Command: '{6, 10, 10, 10}
# COMMAND SENT: 6
# Scoreboard -> Time:               167940 Data Sent to Dummy DUT -> Cmd=0110, Data=         0, R1=14, D1= 9, D2=10, Tag=2
# Scoreboard -> Time:               167940 Current Register Values in Dummy DUT: Command: 0110, D1 =          0, D2 =          0, R1 =       1618, Tag: 2
# ERROR: Mismatch detected at Port 1
# Port 1 Checked Values:
#   Expected Data: 0, Actual Data: 0
#   Expected Response: 1, Actual Response: 1
#   Expected Tag: 2, Actual Tag: 1
# CORRECT: Outputs are matching at Port 2
# Port 2 Checked Values:
#   Expected Data: 703, Actual Data: 703
#   Expected Response: 1, Actual Response: 1
#   Expected Tag: 0, Actual Tag: 0
# CORRECT: Outputs are matching at Port 3
# Port 3 Checked Values:
#   Expected Data: 703, Actual Data: 703
#   Expected Response: 1, Actual Response: 1
#   Expected Tag: 0, Actual Tag: 0
# CORRECT: Outputs are matching at Port 4
# Port 4 Checked Values:
#   Expected Data: 703, Actual Data: 703
#   Expected Response: 1, Actual Response: 1
#   Expected Tag: 0, Actual Tag: 0
# Time:               167940 Total correct outputs: 4091, Total errors detected: 1323
# Monitor -> Transaction Received Index 0 -> Cmd=6, Tag=2, R1=e, D1=9, D2=a, Data=00000000 | Port 2
# Driver -> Transaction Pushed to DUT on Port: 2
# Transaction Created -> SUB Transaction -> Cmd=2, Data=00000000, R1=6, D1=7, D2=4, Tag=2
# Monitor -> DUT Output -> PORT 2 -> Time: 168140, Tag Out: 2, Data Out: 0, Resp Out: 1
# This is the value of i:           2
#               168140 Dummy DUT Last Known Input Values: Req Tag: '{2, 0, 0, 0}, Command: '{2, 10, 10, 10}
# COMMAND SENT: 2
# Scoreboard -> Time:               168140 Data Sent to Dummy DUT -> Cmd=0010, Data=         0, R1= 6, D1= 7, D2= 4, Tag=2
# Scoreboard -> Time:               168140 Current Register Values in Dummy DUT: Command: 0010, D1 =          0, D2 =          0, R1 =          0, Tag: 2
# CORRECT: Outputs are matching at Port 1
# Port 1 Checked Values:
#   Expected Data: 0, Actual Data: 0
#   Expected Response: 1, Actual Response: 1
#   Expected Tag: 2, Actual Tag: 2
# CORRECT: Outputs are matching at Port 2
# Port 2 Checked Values:
#   Expected Data: 703, Actual Data: 703
#   Expected Response: 1, Actual Response: 1
#   Expected Tag: 0, Actual Tag: 0
# CORRECT: Outputs are matching at Port 3
# Port 3 Checked Values:
#   Expected Data: 703, Actual Data: 703
#   Expected Response: 1, Actual Response: 1
#   Expected Tag: 0, Actual Tag: 0
# CORRECT: Outputs are matching at Port 4
# Port 4 Checked Values:
#   Expected Data: 703, Actual Data: 703
#   Expected Response: 1, Actual Response: 1
#   Expected Tag: 0, Actual Tag: 0
# Time:               168140 Total correct outputs: 4095, Total errors detected: 1323
# Monitor -> Transaction Received Index 0 -> Cmd=2, Tag=2, R1=6, D1=7, D2=4, Data=00000000 | Port 2
# Driver -> Transaction Pushed to DUT on Port: 2
# Transaction Created -> SUB Transaction -> Cmd=5, Data=00000000, R1=2, D1=d, D2=8, Tag=2
# Monitor -> DUT Output -> PORT 2 -> Time: 168340, Tag Out: 2, Data Out: 0, Resp Out: 1
# This is the value of i:           2
#               168340 Dummy DUT Last Known Input Values: Req Tag: '{2, 0, 0, 0}, Command: '{5, 10, 10, 10}
# COMMAND SENT: 5
# Scoreboard -> Time:               168340 Data Sent to Dummy DUT -> Cmd=0101, Data=         0, R1= 2, D1=13, D2= 8, Tag=2
# Scoreboard -> Time:               168340 Current Register Values in Dummy DUT: Command: 0101, D1 =          0, D2 =          0, R1 =          0, Tag: 2
# CORRECT: Outputs are matching at Port 1
# Port 1 Checked Values:
#   Expected Data: 0, Actual Data: 0
#   Expected Response: 1, Actual Response: 1
#   Expected Tag: 2, Actual Tag: 2
# CORRECT: Outputs are matching at Port 2
# Port 2 Checked Values:
#   Expected Data: 703, Actual Data: 703
#   Expected Response: 1, Actual Response: 1
#   Expected Tag: 0, Actual Tag: 0
# CORRECT: Outputs are matching at Port 3
# Port 3 Checked Values:
#   Expected Data: 703, Actual Data: 703
#   Expected Response: 1, Actual Response: 1
#   Expected Tag: 0, Actual Tag: 0
# CORRECT: Outputs are matching at Port 4
# Port 4 Checked Values:
#   Expected Data: 703, Actual Data: 703
#   Expected Response: 1, Actual Response: 1
#   Expected Tag: 0, Actual Tag: 0
# Time:               168340 Total correct outputs: 4099, Total errors detected: 1323
# Monitor -> Transaction Received Index 0 -> Cmd=5, Tag=2, R1=2, D1=d, D2=8, Data=00000000 | Port 2
# Driver -> Transaction Pushed to DUT on Port: 2
# Transaction Created -> SUB Transaction -> Cmd=6, Data=00000000, R1=3, D1=1, D2=f, Tag=1
# Monitor -> DUT Output -> PORT 2 -> Time: 168540, Tag Out: 2, Data Out: 0, Resp Out: 1
# This is the value of i:           2
#               168540 Dummy DUT Last Known Input Values: Req Tag: '{1, 0, 0, 0}, Command: '{6, 10, 10, 10}
# COMMAND SENT: 6
# Scoreboard -> Time:               168540 Data Sent to Dummy DUT -> Cmd=0110, Data=         0, R1= 3, D1= 1, D2=15, Tag=1
# Scoreboard -> Time:               168540 Current Register Values in Dummy DUT: Command: 0110, D1 =          0, D2 =          0, R1 =          0, Tag: 1
# ERROR: Mismatch detected at Port 1
# Port 1 Checked Values:
#   Expected Data: 0, Actual Data: 0
#   Expected Response: 1, Actual Response: 1
#   Expected Tag: 1, Actual Tag: 2
# CORRECT: Outputs are matching at Port 2
# Port 2 Checked Values:
#   Expected Data: 703, Actual Data: 703
#   Expected Response: 1, Actual Response: 1
#   Expected Tag: 0, Actual Tag: 0
# CORRECT: Outputs are matching at Port 3
# Port 3 Checked Values:
#   Expected Data: 703, Actual Data: 703
#   Expected Response: 1, Actual Response: 1
#   Expected Tag: 0, Actual Tag: 0
# CORRECT: Outputs are matching at Port 4
# Port 4 Checked Values:
#   Expected Data: 703, Actual Data: 703
#   Expected Response: 1, Actual Response: 1
#   Expected Tag: 0, Actual Tag: 0
# Time:               168540 Total correct outputs: 4102, Total errors detected: 1324
# Monitor -> Transaction Received Index 0 -> Cmd=6, Tag=1, R1=3, D1=1, D2=f, Data=00000000 | Port 2
# Driver -> Transaction Pushed to DUT on Port: 2
# Transaction Created -> SUB Transaction -> Cmd=6, Data=00000000, R1=5, D1=6, D2=4, Tag=3
# Monitor -> DUT Output -> PORT 2 -> Time: 168740, Tag Out: 1, Data Out: 0, Resp Out: 1
# This is the value of i:           2
#               168740 Dummy DUT Last Known Input Values: Req Tag: '{3, 0, 0, 0}, Command: '{6, 10, 10, 10}
# COMMAND SENT: 6
# Scoreboard -> Time:               168740 Data Sent to Dummy DUT -> Cmd=0110, Data=         0, R1= 5, D1= 6, D2= 4, Tag=3
# Scoreboard -> Time:               168740 Current Register Values in Dummy DUT: Command: 0110, D1 =          0, D2 =          0, R1 =          0, Tag: 3
# ERROR: Mismatch detected at Port 1
# Port 1 Checked Values:
#   Expected Data: 0, Actual Data: 0
#   Expected Response: 1, Actual Response: 1
#   Expected Tag: 3, Actual Tag: 1
# CORRECT: Outputs are matching at Port 2
# Port 2 Checked Values:
#   Expected Data: 703, Actual Data: 703
#   Expected Response: 1, Actual Response: 1
#   Expected Tag: 0, Actual Tag: 0
# CORRECT: Outputs are matching at Port 3
# Port 3 Checked Values:
#   Expected Data: 703, Actual Data: 703
#   Expected Response: 1, Actual Response: 1
#   Expected Tag: 0, Actual Tag: 0
# CORRECT: Outputs are matching at Port 4
# Port 4 Checked Values:
#   Expected Data: 703, Actual Data: 703
#   Expected Response: 1, Actual Response: 1
#   Expected Tag: 0, Actual Tag: 0
# Time:               168740 Total correct outputs: 4105, Total errors detected: 1325
# Monitor -> Transaction Received Index 0 -> Cmd=6, Tag=3, R1=5, D1=6, D2=4, Data=00000000 | Port 2
# Driver -> Transaction Pushed to DUT on Port: 2
# Transaction Created -> ADD Transaction -> Cmd=1, Data=00000000, R1=0, D1=d, D2=8, Tag=3
# Monitor -> DUT Output -> PORT 2 -> Time: 168940, Tag Out: 3, Data Out: 0, Resp Out: 1
# This is the value of i:           2
#               168940 Dummy DUT Last Known Input Values: Req Tag: '{3, 0, 0, 0}, Command: '{1, 10, 10, 10}
# COMMAND SENT: 1
# Scoreboard -> Time:               168940 Data Sent to Dummy DUT -> Cmd=0001, Data=         0, R1= 0, D1=13, D2= 8, Tag=3
# Scoreboard -> Time:               168940 Current Register Values in Dummy DUT: Command: 0001, D1 =          0, D2 =          0, R1 =          0, Tag: 3
# CORRECT: Outputs are matching at Port 1
# Port 1 Checked Values:
#   Expected Data: 0, Actual Data: 0
#   Expected Response: 1, Actual Response: 1
#   Expected Tag: 3, Actual Tag: 3
# CORRECT: Outputs are matching at Port 2
# Port 2 Checked Values:
#   Expected Data: 703, Actual Data: 703
#   Expected Response: 1, Actual Response: 1
#   Expected Tag: 0, Actual Tag: 0
# CORRECT: Outputs are matching at Port 3
# Port 3 Checked Values:
#   Expected Data: 703, Actual Data: 703
#   Expected Response: 1, Actual Response: 1
#   Expected Tag: 0, Actual Tag: 0
# CORRECT: Outputs are matching at Port 4
# Port 4 Checked Values:
#   Expected Data: 703, Actual Data: 703
#   Expected Response: 1, Actual Response: 1
#   Expected Tag: 0, Actual Tag: 0
# Time:               168940 Total correct outputs: 4109, Total errors detected: 1325
# Monitor -> Transaction Received Index 0 -> Cmd=1, Tag=3, R1=0, D1=d, D2=8, Data=00000000 | Port 2
# Driver -> Transaction Pushed to DUT on Port: 2
# Transaction Created -> SUB Transaction -> Cmd=5, Data=00000000, R1=0, D1=1, D2=4, Tag=3
# Monitor -> DUT Output -> PORT 2 -> Time: 169140, Tag Out: 3, Data Out: 0, Resp Out: 2
# This is the value of i:           2
#               169140 Dummy DUT Last Known Input Values: Req Tag: '{3, 0, 0, 0}, Command: '{5, 10, 10, 10}
# COMMAND SENT: 5
# Scoreboard -> Time:               169140 Data Sent to Dummy DUT -> Cmd=0101, Data=         0, R1= 0, D1= 1, D2= 4, Tag=3
# Scoreboard -> Time:               169140 Current Register Values in Dummy DUT: Command: 0101, D1 =          0, D2 =          0, R1 =          0, Tag: 3
# ERROR: Mismatch detected at Port 1
# Port 1 Checked Values:
#   Expected Data: 0, Actual Data: 0
#   Expected Response: 1, Actual Response: 2
#   Expected Tag: 3, Actual Tag: 3
# CORRECT: Outputs are matching at Port 2
# Port 2 Checked Values:
#   Expected Data: 703, Actual Data: 703
#   Expected Response: 1, Actual Response: 1
#   Expected Tag: 0, Actual Tag: 0
# CORRECT: Outputs are matching at Port 3
# Port 3 Checked Values:
#   Expected Data: 703, Actual Data: 703
#   Expected Response: 1, Actual Response: 1
#   Expected Tag: 0, Actual Tag: 0
# CORRECT: Outputs are matching at Port 4
# Port 4 Checked Values:
#   Expected Data: 703, Actual Data: 703
#   Expected Response: 1, Actual Response: 1
#   Expected Tag: 0, Actual Tag: 0
# Time:               169140 Total correct outputs: 4112, Total errors detected: 1326
# Monitor -> Transaction Received Index 0 -> Cmd=5, Tag=3, R1=0, D1=1, D2=4, Data=00000000 | Port 2
# Driver -> Transaction Pushed to DUT on Port: 2
# Transaction Created -> SUB Transaction -> Cmd=5, Data=00000000, R1=a, D1=6, D2=1, Tag=3
# Monitor -> DUT Output -> PORT 2 -> Time: 169340, Tag Out: 3, Data Out: 0, Resp Out: 1
# This is the value of i:           2
#               169340 Dummy DUT Last Known Input Values: Req Tag: '{3, 0, 0, 0}, Command: '{5, 10, 10, 10}
# COMMAND SENT: 5
# Scoreboard -> Time:               169340 Data Sent to Dummy DUT -> Cmd=0101, Data=         0, R1=10, D1= 6, D2= 1, Tag=3
# Scoreboard -> Time:               169340 Current Register Values in Dummy DUT: Command: 0101, D1 =          0, D2 =          0, R1 =          0, Tag: 3
# CORRECT: Outputs are matching at Port 1
# Port 1 Checked Values:
#   Expected Data: 0, Actual Data: 0
#   Expected Response: 1, Actual Response: 1
#   Expected Tag: 3, Actual Tag: 3
# CORRECT: Outputs are matching at Port 2
# Port 2 Checked Values:
#   Expected Data: 703, Actual Data: 703
#   Expected Response: 1, Actual Response: 1
#   Expected Tag: 0, Actual Tag: 0
# CORRECT: Outputs are matching at Port 3
# Port 3 Checked Values:
#   Expected Data: 703, Actual Data: 703
#   Expected Response: 1, Actual Response: 1
#   Expected Tag: 0, Actual Tag: 0
# CORRECT: Outputs are matching at Port 4
# Port 4 Checked Values:
#   Expected Data: 703, Actual Data: 703
#   Expected Response: 1, Actual Response: 1
#   Expected Tag: 0, Actual Tag: 0
# Time:               169340 Total correct outputs: 4116, Total errors detected: 1326
# Monitor -> Transaction Received Index 0 -> Cmd=5, Tag=3, R1=a, D1=6, D2=1, Data=00000000 | Port 2
# Driver -> Transaction Pushed to DUT on Port: 2
# Transaction Created -> SUB Transaction -> Cmd=2, Data=00000000, R1=1, D1=c, D2=b, Tag=2
# Monitor -> DUT Output -> PORT 2 -> Time: 169540, Tag Out: 3, Data Out: 0, Resp Out: 1
# This is the value of i:           2
#               169540 Dummy DUT Last Known Input Values: Req Tag: '{2, 0, 0, 0}, Command: '{2, 10, 10, 10}
# COMMAND SENT: 2
# Scoreboard -> Time:               169540 Data Sent to Dummy DUT -> Cmd=0010, Data=         0, R1= 1, D1=12, D2=11, Tag=2
# Scoreboard -> Time:               169540 Current Register Values in Dummy DUT: Command: 0010, D1 =          0, D2 =          0, R1 =          0, Tag: 2
# ERROR: Mismatch detected at Port 1
# Port 1 Checked Values:
#   Expected Data: 0, Actual Data: 0
#   Expected Response: 1, Actual Response: 1
#   Expected Tag: 2, Actual Tag: 3
# CORRECT: Outputs are matching at Port 2
# Port 2 Checked Values:
#   Expected Data: 703, Actual Data: 703
#   Expected Response: 1, Actual Response: 1
#   Expected Tag: 0, Actual Tag: 0
# CORRECT: Outputs are matching at Port 3
# Port 3 Checked Values:
#   Expected Data: 703, Actual Data: 703
#   Expected Response: 1, Actual Response: 1
#   Expected Tag: 0, Actual Tag: 0
# CORRECT: Outputs are matching at Port 4
# Port 4 Checked Values:
#   Expected Data: 703, Actual Data: 703
#   Expected Response: 1, Actual Response: 1
#   Expected Tag: 0, Actual Tag: 0
# Time:               169540 Total correct outputs: 4119, Total errors detected: 1327
# Monitor -> Transaction Received Index 0 -> Cmd=2, Tag=2, R1=1, D1=c, D2=b, Data=00000000 | Port 2
# Driver -> Transaction Pushed to DUT on Port: 2
# Transaction Created -> SUB Transaction -> Cmd=5, Data=00000000, R1=7, D1=d, D2=8, Tag=0
# Monitor -> DUT Output -> PORT 2 -> Time: 169740, Tag Out: 2, Data Out: 0, Resp Out: 2
# This is the value of i:           2
#               169740 Dummy DUT Last Known Input Values: Req Tag: '{0, 0, 0, 0}, Command: '{5, 10, 10, 10}
# COMMAND SENT: 5
# Scoreboard -> Time:               169740 Data Sent to Dummy DUT -> Cmd=0101, Data=         0, R1= 7, D1=13, D2= 8, Tag=0
# Scoreboard -> Time:               169740 Current Register Values in Dummy DUT: Command: 0101, D1 =          0, D2 =          0, R1 =          0, Tag: 0
# ERROR: Mismatch detected at Port 1
# Port 1 Checked Values:
#   Expected Data: 0, Actual Data: 0
#   Expected Response: 1, Actual Response: 2
#   Expected Tag: 0, Actual Tag: 2
# CORRECT: Outputs are matching at Port 2
# Port 2 Checked Values:
#   Expected Data: 703, Actual Data: 703
#   Expected Response: 1, Actual Response: 1
#   Expected Tag: 0, Actual Tag: 0
# CORRECT: Outputs are matching at Port 3
# Port 3 Checked Values:
#   Expected Data: 703, Actual Data: 703
#   Expected Response: 1, Actual Response: 1
#   Expected Tag: 0, Actual Tag: 0
# CORRECT: Outputs are matching at Port 4
# Port 4 Checked Values:
#   Expected Data: 703, Actual Data: 703
#   Expected Response: 1, Actual Response: 1
#   Expected Tag: 0, Actual Tag: 0
# Time:               169740 Total correct outputs: 4122, Total errors detected: 1328
# Monitor -> Transaction Received Index 0 -> Cmd=5, Tag=0, R1=7, D1=d, D2=8, Data=00000000 | Port 2
# Driver -> Transaction Pushed to DUT on Port: 2
# Transaction Created -> SUB Transaction -> Cmd=5, Data=00000000, R1=9, D1=4, D2=c, Tag=3
# Monitor -> DUT Output -> PORT 2 -> Time: 169940, Tag Out: 0, Data Out: 0, Resp Out: 1
# This is the value of i:           2
#               169940 Dummy DUT Last Known Input Values: Req Tag: '{3, 0, 0, 0}, Command: '{5, 10, 10, 10}
# COMMAND SENT: 5
# Scoreboard -> Time:               169940 Data Sent to Dummy DUT -> Cmd=0101, Data=         0, R1= 9, D1= 4, D2=12, Tag=3
# Scoreboard -> Time:               169940 Current Register Values in Dummy DUT: Command: 0101, D1 =          0, D2 =          0, R1 =          0, Tag: 3
# ERROR: Mismatch detected at Port 1
# Port 1 Checked Values:
#   Expected Data: 0, Actual Data: 0
#   Expected Response: 1, Actual Response: 1
#   Expected Tag: 3, Actual Tag: 0
# CORRECT: Outputs are matching at Port 2
# Port 2 Checked Values:
#   Expected Data: 703, Actual Data: 703
#   Expected Response: 1, Actual Response: 1
#   Expected Tag: 0, Actual Tag: 0
# CORRECT: Outputs are matching at Port 3
# Port 3 Checked Values:
#   Expected Data: 703, Actual Data: 703
#   Expected Response: 1, Actual Response: 1
#   Expected Tag: 0, Actual Tag: 0
# CORRECT: Outputs are matching at Port 4
# Port 4 Checked Values:
#   Expected Data: 703, Actual Data: 703
#   Expected Response: 1, Actual Response: 1
#   Expected Tag: 0, Actual Tag: 0
# Time:               169940 Total correct outputs: 4125, Total errors detected: 1329
# Monitor -> Transaction Received Index 0 -> Cmd=5, Tag=3, R1=9, D1=4, D2=c, Data=00000000 | Port 2
# Driver -> Transaction Pushed to DUT on Port: 2
# Transaction Created -> SUB Transaction -> Cmd=6, Data=00000000, R1=0, D1=e, D2=9, Tag=2
# Monitor -> DUT Output -> PORT 2 -> Time: 170140, Tag Out: 3, Data Out: 0, Resp Out: 1
# This is the value of i:           2
#               170140 Dummy DUT Last Known Input Values: Req Tag: '{2, 0, 0, 0}, Command: '{6, 10, 10, 10}
# COMMAND SENT: 6
# Scoreboard -> Time:               170140 Data Sent to Dummy DUT -> Cmd=0110, Data=         0, R1= 0, D1=14, D2= 9, Tag=2
# Scoreboard -> Time:               170140 Current Register Values in Dummy DUT: Command: 0110, D1 =          0, D2 =          0, R1 =       1618, Tag: 2
# ERROR: Mismatch detected at Port 1
# Port 1 Checked Values:
#   Expected Data: 0, Actual Data: 0
#   Expected Response: 1, Actual Response: 1
#   Expected Tag: 2, Actual Tag: 3
# CORRECT: Outputs are matching at Port 2
# Port 2 Checked Values:
#   Expected Data: 703, Actual Data: 703
#   Expected Response: 1, Actual Response: 1
#   Expected Tag: 0, Actual Tag: 0
# CORRECT: Outputs are matching at Port 3
# Port 3 Checked Values:
#   Expected Data: 703, Actual Data: 703
#   Expected Response: 1, Actual Response: 1
#   Expected Tag: 0, Actual Tag: 0
# CORRECT: Outputs are matching at Port 4
# Port 4 Checked Values:
#   Expected Data: 703, Actual Data: 703
#   Expected Response: 1, Actual Response: 1
#   Expected Tag: 0, Actual Tag: 0
# Time:               170140 Total correct outputs: 4128, Total errors detected: 1330
# Monitor -> Transaction Received Index 0 -> Cmd=6, Tag=2, R1=0, D1=e, D2=9, Data=00000000 | Port 2
# Driver -> Transaction Pushed to DUT on Port: 2
# Transaction Created -> SUB Transaction -> Cmd=6, Data=00000000, R1=6, D1=7, D2=6, Tag=0
# Monitor -> DUT Output -> PORT 2 -> Time: 170340, Tag Out: 2, Data Out: 0, Resp Out: 1
# This is the value of i:           2
#               170340 Dummy DUT Last Known Input Values: Req Tag: '{0, 0, 0, 0}, Command: '{6, 10, 10, 10}
# COMMAND SENT: 6
# Scoreboard -> Time:               170340 Data Sent to Dummy DUT -> Cmd=0110, Data=         0, R1= 6, D1= 7, D2= 6, Tag=0
# Scoreboard -> Time:               170340 Current Register Values in Dummy DUT: Command: 0110, D1 =          0, D2 =          0, R1 =          0, Tag: 0
# ERROR: Mismatch detected at Port 1
# Port 1 Checked Values:
#   Expected Data: 0, Actual Data: 0
#   Expected Response: 1, Actual Response: 1
#   Expected Tag: 0, Actual Tag: 2
# CORRECT: Outputs are matching at Port 2
# Port 2 Checked Values:
#   Expected Data: 703, Actual Data: 703
#   Expected Response: 1, Actual Response: 1
#   Expected Tag: 0, Actual Tag: 0
# CORRECT: Outputs are matching at Port 3
# Port 3 Checked Values:
#   Expected Data: 703, Actual Data: 703
#   Expected Response: 1, Actual Response: 1
#   Expected Tag: 0, Actual Tag: 0
# CORRECT: Outputs are matching at Port 4
# Port 4 Checked Values:
#   Expected Data: 703, Actual Data: 703
#   Expected Response: 1, Actual Response: 1
#   Expected Tag: 0, Actual Tag: 0
# Time:               170340 Total correct outputs: 4131, Total errors detected: 1331
# Monitor -> Transaction Received Index 0 -> Cmd=6, Tag=0, R1=6, D1=7, D2=6, Data=00000000 | Port 2
# Driver -> Transaction Pushed to DUT on Port: 2
# Transaction Created -> SUB Transaction -> Cmd=5, Data=00000000, R1=0, D1=e, D2=5, Tag=3
# Monitor -> DUT Output -> PORT 2 -> Time: 170540, Tag Out: 0, Data Out: 0, Resp Out: 1
# This is the value of i:           2
#               170540 Dummy DUT Last Known Input Values: Req Tag: '{3, 0, 0, 0}, Command: '{5, 10, 10, 10}
# COMMAND SENT: 5
# Scoreboard -> Time:               170540 Data Sent to Dummy DUT -> Cmd=0101, Data=         0, R1= 0, D1=14, D2= 5, Tag=3
# Scoreboard -> Time:               170540 Current Register Values in Dummy DUT: Command: 0101, D1 =          0, D2 =          0, R1 =       1618, Tag: 3
# ERROR: Mismatch detected at Port 1
# Port 1 Checked Values:
#   Expected Data: 0, Actual Data: 0
#   Expected Response: 1, Actual Response: 1
#   Expected Tag: 3, Actual Tag: 0
# CORRECT: Outputs are matching at Port 2
# Port 2 Checked Values:
#   Expected Data: 703, Actual Data: 703
#   Expected Response: 1, Actual Response: 1
#   Expected Tag: 0, Actual Tag: 0
# CORRECT: Outputs are matching at Port 3
# Port 3 Checked Values:
#   Expected Data: 703, Actual Data: 703
#   Expected Response: 1, Actual Response: 1
#   Expected Tag: 0, Actual Tag: 0
# CORRECT: Outputs are matching at Port 4
# Port 4 Checked Values:
#   Expected Data: 703, Actual Data: 703
#   Expected Response: 1, Actual Response: 1
#   Expected Tag: 0, Actual Tag: 0
# Time:               170540 Total correct outputs: 4134, Total errors detected: 1332
# Monitor -> Transaction Received Index 0 -> Cmd=5, Tag=3, R1=0, D1=e, D2=5, Data=00000000 | Port 2
# Driver -> Transaction Pushed to DUT on Port: 2
# Transaction Created -> SUB Transaction -> Cmd=2, Data=00000000, R1=0, D1=c, D2=5, Tag=1
# Monitor -> DUT Output -> PORT 2 -> Time: 170740, Tag Out: 3, Data Out: 0, Resp Out: 1
# This is the value of i:           2
#               170740 Dummy DUT Last Known Input Values: Req Tag: '{1, 0, 0, 0}, Command: '{2, 10, 10, 10}
# COMMAND SENT: 2
# Scoreboard -> Time:               170740 Data Sent to Dummy DUT -> Cmd=0010, Data=         0, R1= 0, D1=12, D2= 5, Tag=1
# Scoreboard -> Time:               170740 Current Register Values in Dummy DUT: Command: 0010, D1 =          0, D2 =          0, R1 =          0, Tag: 1
# ERROR: Mismatch detected at Port 1
# Port 1 Checked Values:
#   Expected Data: 0, Actual Data: 0
#   Expected Response: 1, Actual Response: 1
#   Expected Tag: 1, Actual Tag: 3
# CORRECT: Outputs are matching at Port 2
# Port 2 Checked Values:
#   Expected Data: 703, Actual Data: 703
#   Expected Response: 1, Actual Response: 1
#   Expected Tag: 0, Actual Tag: 0
# CORRECT: Outputs are matching at Port 3
# Port 3 Checked Values:
#   Expected Data: 703, Actual Data: 703
#   Expected Response: 1, Actual Response: 1
#   Expected Tag: 0, Actual Tag: 0
# CORRECT: Outputs are matching at Port 4
# Port 4 Checked Values:
#   Expected Data: 703, Actual Data: 703
#   Expected Response: 1, Actual Response: 1
#   Expected Tag: 0, Actual Tag: 0
# Time:               170740 Total correct outputs: 4137, Total errors detected: 1333
# Monitor -> Transaction Received Index 0 -> Cmd=2, Tag=1, R1=0, D1=c, D2=5, Data=00000000 | Port 2
# Driver -> Transaction Pushed to DUT on Port: 2
# Transaction Created -> SUB Transaction -> Cmd=5, Data=00000000, R1=8, D1=2, D2=0, Tag=3
# Monitor -> DUT Output -> PORT 2 -> Time: 170940, Tag Out: 1, Data Out: 0, Resp Out: 2
# This is the value of i:           2
#               170940 Dummy DUT Last Known Input Values: Req Tag: '{3, 0, 0, 0}, Command: '{5, 10, 10, 10}
# COMMAND SENT: 5
# Scoreboard -> Time:               170940 Data Sent to Dummy DUT -> Cmd=0101, Data=         0, R1= 8, D1= 2, D2= 0, Tag=3
# Scoreboard -> Time:               170940 Current Register Values in Dummy DUT: Command: 0101, D1 =          0, D2 =          0, R1 =          0, Tag: 3
# ERROR: Mismatch detected at Port 1
# Port 1 Checked Values:
#   Expected Data: 0, Actual Data: 0
#   Expected Response: 1, Actual Response: 2
#   Expected Tag: 3, Actual Tag: 1
# CORRECT: Outputs are matching at Port 2
# Port 2 Checked Values:
#   Expected Data: 703, Actual Data: 703
#   Expected Response: 1, Actual Response: 1
#   Expected Tag: 0, Actual Tag: 0
# CORRECT: Outputs are matching at Port 3
# Port 3 Checked Values:
#   Expected Data: 703, Actual Data: 703
#   Expected Response: 1, Actual Response: 1
#   Expected Tag: 0, Actual Tag: 0
# CORRECT: Outputs are matching at Port 4
# Port 4 Checked Values:
#   Expected Data: 703, Actual Data: 703
#   Expected Response: 1, Actual Response: 1
#   Expected Tag: 0, Actual Tag: 0
# Time:               170940 Total correct outputs: 4140, Total errors detected: 1334
# Monitor -> Transaction Received Index 0 -> Cmd=5, Tag=3, R1=8, D1=2, D2=0, Data=00000000 | Port 2
# Driver -> Transaction Pushed to DUT on Port: 2
# Transaction Created -> SUB Transaction -> Cmd=5, Data=00000000, R1=b, D1=0, D2=8, Tag=3
# Monitor -> DUT Output -> PORT 2 -> Time: 171140, Tag Out: 3, Data Out: 0, Resp Out: 1
# This is the value of i:           2
#               171140 Dummy DUT Last Known Input Values: Req Tag: '{3, 0, 0, 0}, Command: '{5, 10, 10, 10}
# COMMAND SENT: 5
# Scoreboard -> Time:               171140 Data Sent to Dummy DUT -> Cmd=0101, Data=         0, R1=11, D1= 0, D2= 8, Tag=3
# Scoreboard -> Time:               171140 Current Register Values in Dummy DUT: Command: 0101, D1 =          0, D2 =          0, R1 =          0, Tag: 3
# CORRECT: Outputs are matching at Port 1
# Port 1 Checked Values:
#   Expected Data: 0, Actual Data: 0
#   Expected Response: 1, Actual Response: 1
#   Expected Tag: 3, Actual Tag: 3
# CORRECT: Outputs are matching at Port 2
# Port 2 Checked Values:
#   Expected Data: 703, Actual Data: 703
#   Expected Response: 1, Actual Response: 1
#   Expected Tag: 0, Actual Tag: 0
# CORRECT: Outputs are matching at Port 3
# Port 3 Checked Values:
#   Expected Data: 703, Actual Data: 703
#   Expected Response: 1, Actual Response: 1
#   Expected Tag: 0, Actual Tag: 0
# CORRECT: Outputs are matching at Port 4
# Port 4 Checked Values:
#   Expected Data: 703, Actual Data: 703
#   Expected Response: 1, Actual Response: 1
#   Expected Tag: 0, Actual Tag: 0
# Time:               171140 Total correct outputs: 4144, Total errors detected: 1334
# Monitor -> Transaction Received Index 0 -> Cmd=5, Tag=3, R1=b, D1=0, D2=8, Data=00000000 | Port 2
# Driver -> Transaction Pushed to DUT on Port: 2
# Transaction Created -> SUB Transaction -> Cmd=5, Data=00000000, R1=1, D1=0, D2=9, Tag=1
# Monitor -> DUT Output -> PORT 2 -> Time: 171340, Tag Out: 3, Data Out: 0, Resp Out: 1
# This is the value of i:           2
#               171340 Dummy DUT Last Known Input Values: Req Tag: '{1, 0, 0, 0}, Command: '{5, 10, 10, 10}
# COMMAND SENT: 5
# Scoreboard -> Time:               171340 Data Sent to Dummy DUT -> Cmd=0101, Data=         0, R1= 1, D1= 0, D2= 9, Tag=1
# Scoreboard -> Time:               171340 Current Register Values in Dummy DUT: Command: 0101, D1 =          0, D2 =          0, R1 =          0, Tag: 1
# ERROR: Mismatch detected at Port 1
# Port 1 Checked Values:
#   Expected Data: 0, Actual Data: 0
#   Expected Response: 1, Actual Response: 1
#   Expected Tag: 1, Actual Tag: 3
# CORRECT: Outputs are matching at Port 2
# Port 2 Checked Values:
#   Expected Data: 703, Actual Data: 703
#   Expected Response: 1, Actual Response: 1
#   Expected Tag: 0, Actual Tag: 0
# CORRECT: Outputs are matching at Port 3
# Port 3 Checked Values:
#   Expected Data: 703, Actual Data: 703
#   Expected Response: 1, Actual Response: 1
#   Expected Tag: 0, Actual Tag: 0
# CORRECT: Outputs are matching at Port 4
# Port 4 Checked Values:
#   Expected Data: 703, Actual Data: 703
#   Expected Response: 1, Actual Response: 1
#   Expected Tag: 0, Actual Tag: 0
# Time:               171340 Total correct outputs: 4147, Total errors detected: 1335
# Monitor -> Transaction Received Index 0 -> Cmd=5, Tag=1, R1=1, D1=0, D2=9, Data=00000000 | Port 2
# Driver -> Transaction Pushed to DUT on Port: 2
# Transaction Created -> SUB Transaction -> Cmd=5, Data=00000000, R1=9, D1=9, D2=e, Tag=1
# Monitor -> DUT Output -> PORT 2 -> Time: 171540, Tag Out: 1, Data Out: 0, Resp Out: 1
# This is the value of i:           2
#               171540 Dummy DUT Last Known Input Values: Req Tag: '{1, 0, 0, 0}, Command: '{5, 10, 10, 10}
# COMMAND SENT: 5
# Scoreboard -> Time:               171540 Data Sent to Dummy DUT -> Cmd=0101, Data=         0, R1= 9, D1= 9, D2=14, Tag=1
# Scoreboard -> Time:               171540 Current Register Values in Dummy DUT: Command: 0101, D1 =          0, D2 =          0, R1 =          0, Tag: 1
# CORRECT: Outputs are matching at Port 1
# Port 1 Checked Values:
#   Expected Data: 0, Actual Data: 0
#   Expected Response: 1, Actual Response: 1
#   Expected Tag: 1, Actual Tag: 1
# CORRECT: Outputs are matching at Port 2
# Port 2 Checked Values:
#   Expected Data: 703, Actual Data: 703
#   Expected Response: 1, Actual Response: 1
#   Expected Tag: 0, Actual Tag: 0
# CORRECT: Outputs are matching at Port 3
# Port 3 Checked Values:
#   Expected Data: 703, Actual Data: 703
#   Expected Response: 1, Actual Response: 1
#   Expected Tag: 0, Actual Tag: 0
# CORRECT: Outputs are matching at Port 4
# Port 4 Checked Values:
#   Expected Data: 703, Actual Data: 703
#   Expected Response: 1, Actual Response: 1
#   Expected Tag: 0, Actual Tag: 0
# Time:               171540 Total correct outputs: 4151, Total errors detected: 1335
# Monitor -> Transaction Received Index 0 -> Cmd=5, Tag=1, R1=9, D1=9, D2=e, Data=00000000 | Port 2
# Driver -> Transaction Pushed to DUT on Port: 2
# Transaction Created -> SUB Transaction -> Cmd=2, Data=00000000, R1=e, D1=6, D2=e, Tag=1
# Monitor -> DUT Output -> PORT 2 -> Time: 171740, Tag Out: 1, Data Out: 0, Resp Out: 1
# This is the value of i:           2
#               171740 Dummy DUT Last Known Input Values: Req Tag: '{1, 0, 0, 0}, Command: '{2, 10, 10, 10}
# COMMAND SENT: 2
# Scoreboard -> Time:               171740 Data Sent to Dummy DUT -> Cmd=0010, Data=         0, R1=14, D1= 6, D2=14, Tag=1
# Scoreboard -> Time:               171740 Current Register Values in Dummy DUT: Command: 0010, D1 =          0, D2 =          0, R1 = 4294965678, Tag: 1
# CORRECT: Outputs are matching at Port 1
# Port 1 Checked Values:
#   Expected Data: 0, Actual Data: 0
#   Expected Response: 1, Actual Response: 1
#   Expected Tag: 1, Actual Tag: 1
# CORRECT: Outputs are matching at Port 2
# Port 2 Checked Values:
#   Expected Data: 703, Actual Data: 703
#   Expected Response: 1, Actual Response: 1
#   Expected Tag: 0, Actual Tag: 0
# CORRECT: Outputs are matching at Port 3
# Port 3 Checked Values:
#   Expected Data: 703, Actual Data: 703
#   Expected Response: 1, Actual Response: 1
#   Expected Tag: 0, Actual Tag: 0
# CORRECT: Outputs are matching at Port 4
# Port 4 Checked Values:
#   Expected Data: 703, Actual Data: 703
#   Expected Response: 1, Actual Response: 1
#   Expected Tag: 0, Actual Tag: 0
# Time:               171740 Total correct outputs: 4155, Total errors detected: 1335
# Monitor -> Transaction Received Index 0 -> Cmd=2, Tag=1, R1=e, D1=6, D2=e, Data=00000000 | Port 2
# Driver -> Transaction Pushed to DUT on Port: 2
# Transaction Created -> ADD Transaction -> Cmd=1, Data=00000000, R1=5, D1=a, D2=3, Tag=1
# Monitor -> DUT Output -> PORT 2 -> Time: 171940, Tag Out: 1, Data Out: 0, Resp Out: 1
# This is the value of i:           2
#               171940 Dummy DUT Last Known Input Values: Req Tag: '{1, 0, 0, 0}, Command: '{1, 10, 10, 10}
# COMMAND SENT: 1
# Scoreboard -> Time:               171940 Data Sent to Dummy DUT -> Cmd=0001, Data=         0, R1= 5, D1=10, D2= 3, Tag=1
# Scoreboard -> Time:               171940 Current Register Values in Dummy DUT: Command: 0001, D1 =          0, D2 =          0, R1 =          0, Tag: 1
# CORRECT: Outputs are matching at Port 1
# Port 1 Checked Values:
#   Expected Data: 0, Actual Data: 0
#   Expected Response: 1, Actual Response: 1
#   Expected Tag: 1, Actual Tag: 1
# CORRECT: Outputs are matching at Port 2
# Port 2 Checked Values:
#   Expected Data: 703, Actual Data: 703
#   Expected Response: 1, Actual Response: 1
#   Expected Tag: 0, Actual Tag: 0
# CORRECT: Outputs are matching at Port 3
# Port 3 Checked Values:
#   Expected Data: 703, Actual Data: 703
#   Expected Response: 1, Actual Response: 1
#   Expected Tag: 0, Actual Tag: 0
# CORRECT: Outputs are matching at Port 4
# Port 4 Checked Values:
#   Expected Data: 703, Actual Data: 703
#   Expected Response: 1, Actual Response: 1
#   Expected Tag: 0, Actual Tag: 0
# Time:               171940 Total correct outputs: 4159, Total errors detected: 1335
# Monitor -> Transaction Received Index 0 -> Cmd=1, Tag=1, R1=5, D1=a, D2=3, Data=00000000 | Port 2
# Driver -> Transaction Pushed to DUT on Port: 2
# Transaction Created -> SUB Transaction -> Cmd=2, Data=00000000, R1=8, D1=e, D2=9, Tag=0
# Monitor -> DUT Output -> PORT 2 -> Time: 172140, Tag Out: 1, Data Out: 0, Resp Out: 2
# This is the value of i:           2
#               172140 Dummy DUT Last Known Input Values: Req Tag: '{0, 0, 0, 0}, Command: '{2, 10, 10, 10}
# COMMAND SENT: 2
# Scoreboard -> Time:               172140 Data Sent to Dummy DUT -> Cmd=0010, Data=         0, R1= 8, D1=14, D2= 9, Tag=0
# Scoreboard -> Time:               172140 Current Register Values in Dummy DUT: Command: 0010, D1 =          0, D2 =          0, R1 = 4294965678, Tag: 0
# ERROR: Mismatch detected at Port 1
# Port 1 Checked Values:
#   Expected Data: 0, Actual Data: 0
#   Expected Response: 1, Actual Response: 2
#   Expected Tag: 0, Actual Tag: 1
# CORRECT: Outputs are matching at Port 2
# Port 2 Checked Values:
#   Expected Data: 703, Actual Data: 703
#   Expected Response: 1, Actual Response: 1
#   Expected Tag: 0, Actual Tag: 0
# CORRECT: Outputs are matching at Port 3
# Port 3 Checked Values:
#   Expected Data: 703, Actual Data: 703
#   Expected Response: 1, Actual Response: 1
#   Expected Tag: 0, Actual Tag: 0
# CORRECT: Outputs are matching at Port 4
# Port 4 Checked Values:
#   Expected Data: 703, Actual Data: 703
#   Expected Response: 1, Actual Response: 1
#   Expected Tag: 0, Actual Tag: 0
# Time:               172140 Total correct outputs: 4162, Total errors detected: 1336
# Monitor -> Transaction Received Index 0 -> Cmd=2, Tag=0, R1=8, D1=e, D2=9, Data=00000000 | Port 2
# Driver -> Transaction Pushed to DUT on Port: 2
# Transaction Created -> SUB Transaction -> Cmd=2, Data=00000000, R1=a, D1=0, D2=d, Tag=2
# Monitor -> DUT Output -> PORT 2 -> Time: 172340, Tag Out: 0, Data Out: 0, Resp Out: 1
# This is the value of i:           2
#               172340 Dummy DUT Last Known Input Values: Req Tag: '{2, 0, 0, 0}, Command: '{2, 10, 10, 10}
# COMMAND SENT: 2
# Scoreboard -> Time:               172340 Data Sent to Dummy DUT -> Cmd=0010, Data=         0, R1=10, D1= 0, D2=13, Tag=2
# Scoreboard -> Time:               172340 Current Register Values in Dummy DUT: Command: 0010, D1 =          0, D2 =          0, R1 =          0, Tag: 2
# ERROR: Mismatch detected at Port 1
# Port 1 Checked Values:
#   Expected Data: 0, Actual Data: 0
#   Expected Response: 1, Actual Response: 1
#   Expected Tag: 2, Actual Tag: 0
# CORRECT: Outputs are matching at Port 2
# Port 2 Checked Values:
#   Expected Data: 703, Actual Data: 703
#   Expected Response: 1, Actual Response: 1
#   Expected Tag: 0, Actual Tag: 0
# CORRECT: Outputs are matching at Port 3
# Port 3 Checked Values:
#   Expected Data: 703, Actual Data: 703
#   Expected Response: 1, Actual Response: 1
#   Expected Tag: 0, Actual Tag: 0
# CORRECT: Outputs are matching at Port 4
# Port 4 Checked Values:
#   Expected Data: 703, Actual Data: 703
#   Expected Response: 1, Actual Response: 1
#   Expected Tag: 0, Actual Tag: 0
# Time:               172340 Total correct outputs: 4165, Total errors detected: 1337
# Monitor -> Transaction Received Index 0 -> Cmd=2, Tag=2, R1=a, D1=0, D2=d, Data=00000000 | Port 2
# Driver -> Transaction Pushed to DUT on Port: 2
# Transaction Created -> SUB Transaction -> Cmd=2, Data=00000000, R1=3, D1=3, D2=0, Tag=0
# Monitor -> DUT Output -> PORT 2 -> Time: 172540, Tag Out: 2, Data Out: 0, Resp Out: 2
# This is the value of i:           2
#               172540 Dummy DUT Last Known Input Values: Req Tag: '{0, 0, 0, 0}, Command: '{2, 10, 10, 10}
# COMMAND SENT: 2
# Scoreboard -> Time:               172540 Data Sent to Dummy DUT -> Cmd=0010, Data=         0, R1= 3, D1= 3, D2= 0, Tag=0
# Scoreboard -> Time:               172540 Current Register Values in Dummy DUT: Command: 0010, D1 =          0, D2 =          0, R1 =          0, Tag: 0
# ERROR: Mismatch detected at Port 1
# Port 1 Checked Values:
#   Expected Data: 0, Actual Data: 0
#   Expected Response: 1, Actual Response: 2
#   Expected Tag: 0, Actual Tag: 2
# CORRECT: Outputs are matching at Port 2
# Port 2 Checked Values:
#   Expected Data: 703, Actual Data: 703
#   Expected Response: 1, Actual Response: 1
#   Expected Tag: 0, Actual Tag: 0
# CORRECT: Outputs are matching at Port 3
# Port 3 Checked Values:
#   Expected Data: 703, Actual Data: 703
#   Expected Response: 1, Actual Response: 1
#   Expected Tag: 0, Actual Tag: 0
# CORRECT: Outputs are matching at Port 4
# Port 4 Checked Values:
#   Expected Data: 703, Actual Data: 703
#   Expected Response: 1, Actual Response: 1
#   Expected Tag: 0, Actual Tag: 0
# Time:               172540 Total correct outputs: 4168, Total errors detected: 1338
# Monitor -> Transaction Received Index 0 -> Cmd=2, Tag=0, R1=3, D1=3, D2=0, Data=00000000 | Port 2
# Driver -> Transaction Pushed to DUT on Port: 2
# Transaction Created -> SUB Transaction -> Cmd=6, Data=00000000, R1=9, D1=3, D2=8, Tag=0
# Monitor -> DUT Output -> PORT 2 -> Time: 172740, Tag Out: 0, Data Out: 0, Resp Out: 2
# This is the value of i:           2
#               172740 Dummy DUT Last Known Input Values: Req Tag: '{0, 0, 0, 0}, Command: '{6, 10, 10, 10}
# COMMAND SENT: 6
# Scoreboard -> Time:               172740 Data Sent to Dummy DUT -> Cmd=0110, Data=         0, R1= 9, D1= 3, D2= 8, Tag=0
# Scoreboard -> Time:               172740 Current Register Values in Dummy DUT: Command: 0110, D1 =          0, D2 =          0, R1 =          0, Tag: 0
# ERROR: Mismatch detected at Port 1
# Port 1 Checked Values:
#   Expected Data: 0, Actual Data: 0
#   Expected Response: 1, Actual Response: 2
#   Expected Tag: 0, Actual Tag: 0
# CORRECT: Outputs are matching at Port 2
# Port 2 Checked Values:
#   Expected Data: 703, Actual Data: 703
#   Expected Response: 1, Actual Response: 1
#   Expected Tag: 0, Actual Tag: 0
# CORRECT: Outputs are matching at Port 3
# Port 3 Checked Values:
#   Expected Data: 703, Actual Data: 703
#   Expected Response: 1, Actual Response: 1
#   Expected Tag: 0, Actual Tag: 0
# CORRECT: Outputs are matching at Port 4
# Port 4 Checked Values:
#   Expected Data: 703, Actual Data: 703
#   Expected Response: 1, Actual Response: 1
#   Expected Tag: 0, Actual Tag: 0
# Time:               172740 Total correct outputs: 4171, Total errors detected: 1339
# Monitor -> Transaction Received Index 0 -> Cmd=6, Tag=0, R1=9, D1=3, D2=8, Data=00000000 | Port 2
# Driver -> Transaction Pushed to DUT on Port: 2
# Transaction Created -> SUB Transaction -> Cmd=6, Data=00000000, R1=a, D1=f, D2=d, Tag=0
# Monitor -> DUT Output -> PORT 2 -> Time: 172940, Tag Out: 0, Data Out: 0, Resp Out: 1
# This is the value of i:           2
#               172940 Dummy DUT Last Known Input Values: Req Tag: '{0, 0, 0, 0}, Command: '{6, 10, 10, 10}
# COMMAND SENT: 6
# Scoreboard -> Time:               172940 Data Sent to Dummy DUT -> Cmd=0110, Data=         0, R1=10, D1=15, D2=13, Tag=0
# Scoreboard -> Time:               172940 Current Register Values in Dummy DUT: Command: 0110, D1 =          0, D2 =          0, R1 =          0, Tag: 0
# CORRECT: Outputs are matching at Port 1
# Port 1 Checked Values:
#   Expected Data: 0, Actual Data: 0
#   Expected Response: 1, Actual Response: 1
#   Expected Tag: 0, Actual Tag: 0
# CORRECT: Outputs are matching at Port 2
# Port 2 Checked Values:
#   Expected Data: 703, Actual Data: 703
#   Expected Response: 1, Actual Response: 1
#   Expected Tag: 0, Actual Tag: 0
# CORRECT: Outputs are matching at Port 3
# Port 3 Checked Values:
#   Expected Data: 703, Actual Data: 703
#   Expected Response: 1, Actual Response: 1
#   Expected Tag: 0, Actual Tag: 0
# CORRECT: Outputs are matching at Port 4
# Port 4 Checked Values:
#   Expected Data: 703, Actual Data: 703
#   Expected Response: 1, Actual Response: 1
#   Expected Tag: 0, Actual Tag: 0
# Time:               172940 Total correct outputs: 4175, Total errors detected: 1339
# Monitor -> Transaction Received Index 0 -> Cmd=6, Tag=0, R1=a, D1=f, D2=d, Data=00000000 | Port 2
# Driver -> Transaction Pushed to DUT on Port: 2
# Transaction Created -> ADD Transaction -> Cmd=1, Data=00000000, R1=1, D1=7, D2=5, Tag=1
# Monitor -> DUT Output -> PORT 2 -> Time: 173140, Tag Out: 0, Data Out: 0, Resp Out: 1
# This is the value of i:           2
#               173140 Dummy DUT Last Known Input Values: Req Tag: '{1, 0, 0, 0}, Command: '{1, 10, 10, 10}
# COMMAND SENT: 1
# Scoreboard -> Time:               173140 Data Sent to Dummy DUT -> Cmd=0001, Data=         0, R1= 1, D1= 7, D2= 5, Tag=1
# Scoreboard -> Time:               173140 Current Register Values in Dummy DUT: Command: 0001, D1 =          0, D2 =          0, R1 =          0, Tag: 1
# ERROR: Mismatch detected at Port 1
# Port 1 Checked Values:
#   Expected Data: 0, Actual Data: 0
#   Expected Response: 1, Actual Response: 1
#   Expected Tag: 1, Actual Tag: 0
# CORRECT: Outputs are matching at Port 2
# Port 2 Checked Values:
#   Expected Data: 703, Actual Data: 703
#   Expected Response: 1, Actual Response: 1
#   Expected Tag: 0, Actual Tag: 0
# CORRECT: Outputs are matching at Port 3
# Port 3 Checked Values:
#   Expected Data: 703, Actual Data: 703
#   Expected Response: 1, Actual Response: 1
#   Expected Tag: 0, Actual Tag: 0
# CORRECT: Outputs are matching at Port 4
# Port 4 Checked Values:
#   Expected Data: 703, Actual Data: 703
#   Expected Response: 1, Actual Response: 1
#   Expected Tag: 0, Actual Tag: 0
# Time:               173140 Total correct outputs: 4178, Total errors detected: 1340
# Monitor -> Transaction Received Index 0 -> Cmd=1, Tag=1, R1=1, D1=7, D2=5, Data=00000000 | Port 2
# Driver -> Transaction Pushed to DUT on Port: 2
# Transaction Created -> ADD Transaction -> Cmd=1, Data=00000000, R1=1, D1=f, D2=3, Tag=1
# Monitor -> DUT Output -> PORT 2 -> Time: 173340, Tag Out: 1, Data Out: 0, Resp Out: 1
# This is the value of i:           2
#               173340 Dummy DUT Last Known Input Values: Req Tag: '{1, 0, 0, 0}, Command: '{1, 10, 10, 10}
# COMMAND SENT: 1
# Scoreboard -> Time:               173340 Data Sent to Dummy DUT -> Cmd=0001, Data=         0, R1= 1, D1=15, D2= 3, Tag=1
# Scoreboard -> Time:               173340 Current Register Values in Dummy DUT: Command: 0001, D1 =          0, D2 =          0, R1 =          0, Tag: 1
# CORRECT: Outputs are matching at Port 1
# Port 1 Checked Values:
#   Expected Data: 0, Actual Data: 0
#   Expected Response: 1, Actual Response: 1
#   Expected Tag: 1, Actual Tag: 1
# CORRECT: Outputs are matching at Port 2
# Port 2 Checked Values:
#   Expected Data: 703, Actual Data: 703
#   Expected Response: 1, Actual Response: 1
#   Expected Tag: 0, Actual Tag: 0
# CORRECT: Outputs are matching at Port 3
# Port 3 Checked Values:
#   Expected Data: 703, Actual Data: 703
#   Expected Response: 1, Actual Response: 1
#   Expected Tag: 0, Actual Tag: 0
# CORRECT: Outputs are matching at Port 4
# Port 4 Checked Values:
#   Expected Data: 703, Actual Data: 703
#   Expected Response: 1, Actual Response: 1
#   Expected Tag: 0, Actual Tag: 0
# Time:               173340 Total correct outputs: 4182, Total errors detected: 1340
# Monitor -> Transaction Received Index 0 -> Cmd=1, Tag=1, R1=1, D1=f, D2=3, Data=00000000 | Port 2
# Driver -> Transaction Pushed to DUT on Port: 2
# Transaction Created -> ADD Transaction -> Cmd=1, Data=00000000, R1=2, D1=f, D2=9, Tag=3
# Monitor -> DUT Output -> PORT 2 -> Time: 173540, Tag Out: 1, Data Out: 0, Resp Out: 2
# This is the value of i:           2
#               173540 Dummy DUT Last Known Input Values: Req Tag: '{3, 0, 0, 0}, Command: '{1, 10, 10, 10}
# COMMAND SENT: 1
# Scoreboard -> Time:               173540 Data Sent to Dummy DUT -> Cmd=0001, Data=         0, R1= 2, D1=15, D2= 9, Tag=3
# Scoreboard -> Time:               173540 Current Register Values in Dummy DUT: Command: 0001, D1 =          0, D2 =          0, R1 =          0, Tag: 3
# ERROR: Mismatch detected at Port 1
# Port 1 Checked Values:
#   Expected Data: 0, Actual Data: 0
#   Expected Response: 1, Actual Response: 2
#   Expected Tag: 3, Actual Tag: 1
# CORRECT: Outputs are matching at Port 2
# Port 2 Checked Values:
#   Expected Data: 703, Actual Data: 703
#   Expected Response: 1, Actual Response: 1
#   Expected Tag: 0, Actual Tag: 0
# CORRECT: Outputs are matching at Port 3
# Port 3 Checked Values:
#   Expected Data: 703, Actual Data: 703
#   Expected Response: 1, Actual Response: 1
#   Expected Tag: 0, Actual Tag: 0
# CORRECT: Outputs are matching at Port 4
# Port 4 Checked Values:
#   Expected Data: 703, Actual Data: 703
#   Expected Response: 1, Actual Response: 1
#   Expected Tag: 0, Actual Tag: 0
# Time:               173540 Total correct outputs: 4185, Total errors detected: 1341
# Monitor -> Transaction Received Index 0 -> Cmd=1, Tag=3, R1=2, D1=f, D2=9, Data=00000000 | Port 2
# Driver -> Transaction Pushed to DUT on Port: 2
# Transaction Created -> SUB Transaction -> Cmd=6, Data=00000000, R1=5, D1=8, D2=1, Tag=0
# Monitor -> DUT Output -> PORT 2 -> Time: 173740, Tag Out: 3, Data Out: 0, Resp Out: 1
# This is the value of i:           2
#               173740 Dummy DUT Last Known Input Values: Req Tag: '{0, 0, 0, 0}, Command: '{6, 10, 10, 10}
# COMMAND SENT: 6
# Scoreboard -> Time:               173740 Data Sent to Dummy DUT -> Cmd=0110, Data=         0, R1= 5, D1= 8, D2= 1, Tag=0
# Scoreboard -> Time:               173740 Current Register Values in Dummy DUT: Command: 0110, D1 =          0, D2 =          0, R1 = 4294965678, Tag: 0
# ERROR: Mismatch detected at Port 1
# Port 1 Checked Values:
#   Expected Data: 0, Actual Data: 0
#   Expected Response: 1, Actual Response: 1
#   Expected Tag: 0, Actual Tag: 3
# CORRECT: Outputs are matching at Port 2
# Port 2 Checked Values:
#   Expected Data: 703, Actual Data: 703
#   Expected Response: 1, Actual Response: 1
#   Expected Tag: 0, Actual Tag: 0
# CORRECT: Outputs are matching at Port 3
# Port 3 Checked Values:
#   Expected Data: 703, Actual Data: 703
#   Expected Response: 1, Actual Response: 1
#   Expected Tag: 0, Actual Tag: 0
# CORRECT: Outputs are matching at Port 4
# Port 4 Checked Values:
#   Expected Data: 703, Actual Data: 703
#   Expected Response: 1, Actual Response: 1
#   Expected Tag: 0, Actual Tag: 0
# Time:               173740 Total correct outputs: 4188, Total errors detected: 1342
# Monitor -> Transaction Received Index 0 -> Cmd=6, Tag=0, R1=5, D1=8, D2=1, Data=00000000 | Port 2
# Driver -> Transaction Pushed to DUT on Port: 2
# Transaction Created -> SUB Transaction -> Cmd=6, Data=00000000, R1=1, D1=f, D2=2, Tag=2
# Monitor -> DUT Output -> PORT 2 -> Time: 173940, Tag Out: 0, Data Out: 0, Resp Out: 1
# This is the value of i:           3
# Driver -> Transaction Pushed to DUT on Port: 3
#               174120 Dummy DUT Last Known Input Values: Req Tag: '{2, 0, 0, 0}, Command: '{6, 10, 10, 10}
# COMMAND SENT: 6
# Scoreboard -> Time:               174120 Data Sent to Dummy DUT -> Cmd=0110, Data=         0, R1= 1, D1=15, D2= 2, Tag=2
# Scoreboard -> Time:               174120 Current Register Values in Dummy DUT: Command: 0110, D1 =          0, D2 =          0, R1 =          0, Tag: 2
# CORRECT: Outputs are matching at Port 1
# Port 1 Checked Values:
#   Expected Data: 0, Actual Data: 0
#   Expected Response: 1, Actual Response: 1
#   Expected Tag: 2, Actual Tag: 2
# CORRECT: Outputs are matching at Port 2
# Port 2 Checked Values:
#   Expected Data: 703, Actual Data: 703
#   Expected Response: 1, Actual Response: 1
#   Expected Tag: 0, Actual Tag: 0
# CORRECT: Outputs are matching at Port 3
# Port 3 Checked Values:
#   Expected Data: 703, Actual Data: 703
#   Expected Response: 1, Actual Response: 1
#   Expected Tag: 0, Actual Tag: 0
# CORRECT: Outputs are matching at Port 4
# Port 4 Checked Values:
#   Expected Data: 703, Actual Data: 703
#   Expected Response: 1, Actual Response: 1
#   Expected Tag: 0, Actual Tag: 0
# Time:               174120 Total correct outputs: 4192, Total errors detected: 1342
# Monitor -> Transaction Received Index 0 -> Cmd=6, Tag=2, R1=1, D1=f, D2=2, Data=00000000 | Port 3
# Transaction Created -> SUB Transaction -> Cmd=5, Data=00000000, R1=8, D1=5, D2=1, Tag=0
# Monitor -> DUT Output -> PORT 3 -> Time: 174140, Tag Out: 2, Data Out: 0, Resp Out: 1
# This is the value of i:           3
#               174140 Dummy DUT Last Known Input Values: Req Tag: '{0, 0, 0, 0}, Command: '{5, 10, 10, 10}
# COMMAND SENT: 5
# Scoreboard -> Time:               174140 Data Sent to Dummy DUT -> Cmd=0101, Data=         0, R1= 8, D1= 5, D2= 1, Tag=0
# Scoreboard -> Time:               174140 Current Register Values in Dummy DUT: Command: 0101, D1 =          0, D2 =          0, R1 = 4294965678, Tag: 0
# ERROR: Mismatch detected at Port 1
# Port 1 Checked Values:
#   Expected Data: 0, Actual Data: 0
#   Expected Response: 1, Actual Response: 1
#   Expected Tag: 0, Actual Tag: 2
# CORRECT: Outputs are matching at Port 2
# Port 2 Checked Values:
#   Expected Data: 703, Actual Data: 703
#   Expected Response: 1, Actual Response: 1
#   Expected Tag: 0, Actual Tag: 0
# CORRECT: Outputs are matching at Port 3
# Port 3 Checked Values:
#   Expected Data: 703, Actual Data: 703
#   Expected Response: 1, Actual Response: 1
#   Expected Tag: 0, Actual Tag: 0
# CORRECT: Outputs are matching at Port 4
# Port 4 Checked Values:
#   Expected Data: 703, Actual Data: 703
#   Expected Response: 1, Actual Response: 1
#   Expected Tag: 0, Actual Tag: 0
# Time:               174140 Total correct outputs: 4195, Total errors detected: 1343
# Monitor -> Transaction Received Index 0 -> Cmd=5, Tag=0, R1=8, D1=5, D2=1, Data=00000000 | Port 3
# Driver -> Transaction Pushed to DUT on Port: 3
# Transaction Created -> ADD Transaction -> Cmd=1, Data=00000000, R1=3, D1=8, D2=2, Tag=2
# Monitor -> DUT Output -> PORT 3 -> Time: 174340, Tag Out: 0, Data Out: 0, Resp Out: 1
# This is the value of i:           3
#               174340 Dummy DUT Last Known Input Values: Req Tag: '{2, 0, 0, 0}, Command: '{1, 10, 10, 10}
# COMMAND SENT: 1
# Scoreboard -> Time:               174340 Data Sent to Dummy DUT -> Cmd=0001, Data=         0, R1= 3, D1= 8, D2= 2, Tag=2
# Scoreboard -> Time:               174340 Current Register Values in Dummy DUT: Command: 0001, D1 =          0, D2 =          0, R1 = 4294965678, Tag: 2
# ERROR: Mismatch detected at Port 1
# Port 1 Checked Values:
#   Expected Data: 0, Actual Data: 0
#   Expected Response: 1, Actual Response: 1
#   Expected Tag: 2, Actual Tag: 0
# CORRECT: Outputs are matching at Port 2
# Port 2 Checked Values:
#   Expected Data: 703, Actual Data: 703
#   Expected Response: 1, Actual Response: 1
#   Expected Tag: 0, Actual Tag: 0
# CORRECT: Outputs are matching at Port 3
# Port 3 Checked Values:
#   Expected Data: 703, Actual Data: 703
#   Expected Response: 1, Actual Response: 1
#   Expected Tag: 0, Actual Tag: 0
# CORRECT: Outputs are matching at Port 4
# Port 4 Checked Values:
#   Expected Data: 703, Actual Data: 703
#   Expected Response: 1, Actual Response: 1
#   Expected Tag: 0, Actual Tag: 0
# Time:               174340 Total correct outputs: 4198, Total errors detected: 1344
# Monitor -> Transaction Received Index 0 -> Cmd=1, Tag=2, R1=3, D1=8, D2=2, Data=00000000 | Port 3
# Driver -> Transaction Pushed to DUT on Port: 3
# Transaction Created -> SUB Transaction -> Cmd=6, Data=00000000, R1=c, D1=7, D2=c, Tag=3
# Monitor -> DUT Output -> PORT 3 -> Time: 174540, Tag Out: 2, Data Out: 0, Resp Out: 1
# This is the value of i:           3
#               174540 Dummy DUT Last Known Input Values: Req Tag: '{3, 0, 0, 0}, Command: '{6, 10, 10, 10}
# COMMAND SENT: 6
# Scoreboard -> Time:               174540 Data Sent to Dummy DUT -> Cmd=0110, Data=         0, R1=12, D1= 7, D2=12, Tag=3
# Scoreboard -> Time:               174540 Current Register Values in Dummy DUT: Command: 0110, D1 =          0, D2 =          0, R1 =          0, Tag: 3
# ERROR: Mismatch detected at Port 1
# Port 1 Checked Values:
#   Expected Data: 0, Actual Data: 0
#   Expected Response: 1, Actual Response: 1
#   Expected Tag: 3, Actual Tag: 2
# CORRECT: Outputs are matching at Port 2
# Port 2 Checked Values:
#   Expected Data: 703, Actual Data: 703
#   Expected Response: 1, Actual Response: 1
#   Expected Tag: 0, Actual Tag: 0
# CORRECT: Outputs are matching at Port 3
# Port 3 Checked Values:
#   Expected Data: 703, Actual Data: 703
#   Expected Response: 1, Actual Response: 1
#   Expected Tag: 0, Actual Tag: 0
# CORRECT: Outputs are matching at Port 4
# Port 4 Checked Values:
#   Expected Data: 703, Actual Data: 703
#   Expected Response: 1, Actual Response: 1
#   Expected Tag: 0, Actual Tag: 0
# Time:               174540 Total correct outputs: 4201, Total errors detected: 1345
# Monitor -> Transaction Received Index 0 -> Cmd=6, Tag=3, R1=c, D1=7, D2=c, Data=00000000 | Port 3
# Driver -> Transaction Pushed to DUT on Port: 3
# Transaction Created -> SUB Transaction -> Cmd=5, Data=00000000, R1=0, D1=9, D2=d, Tag=0
# Monitor -> DUT Output -> PORT 3 -> Time: 174740, Tag Out: 3, Data Out: 0, Resp Out: 1
# This is the value of i:           3
#               174740 Dummy DUT Last Known Input Values: Req Tag: '{0, 0, 0, 0}, Command: '{5, 10, 10, 10}
# COMMAND SENT: 5
# Scoreboard -> Time:               174740 Data Sent to Dummy DUT -> Cmd=0101, Data=         0, R1= 0, D1= 9, D2=13, Tag=0
# Scoreboard -> Time:               174740 Current Register Values in Dummy DUT: Command: 0101, D1 =          0, D2 =          0, R1 =          0, Tag: 0
# ERROR: Mismatch detected at Port 1
# Port 1 Checked Values:
#   Expected Data: 0, Actual Data: 0
#   Expected Response: 1, Actual Response: 1
#   Expected Tag: 0, Actual Tag: 3
# CORRECT: Outputs are matching at Port 2
# Port 2 Checked Values:
#   Expected Data: 703, Actual Data: 703
#   Expected Response: 1, Actual Response: 1
#   Expected Tag: 0, Actual Tag: 0
# CORRECT: Outputs are matching at Port 3
# Port 3 Checked Values:
#   Expected Data: 703, Actual Data: 703
#   Expected Response: 1, Actual Response: 1
#   Expected Tag: 0, Actual Tag: 0
# CORRECT: Outputs are matching at Port 4
# Port 4 Checked Values:
#   Expected Data: 703, Actual Data: 703
#   Expected Response: 1, Actual Response: 1
#   Expected Tag: 0, Actual Tag: 0
# Time:               174740 Total correct outputs: 4204, Total errors detected: 1346
# Monitor -> Transaction Received Index 0 -> Cmd=5, Tag=0, R1=0, D1=9, D2=d, Data=00000000 | Port 3
# Driver -> Transaction Pushed to DUT on Port: 3
# Transaction Created -> SUB Transaction -> Cmd=6, Data=00000000, R1=f, D1=e, D2=7, Tag=0
# Monitor -> DUT Output -> PORT 3 -> Time: 174940, Tag Out: 0, Data Out: 0, Resp Out: 1
# This is the value of i:           3
#               174940 Dummy DUT Last Known Input Values: Req Tag: '{0, 0, 0, 0}, Command: '{6, 10, 10, 10}
# COMMAND SENT: 6
# Scoreboard -> Time:               174940 Data Sent to Dummy DUT -> Cmd=0110, Data=         0, R1=15, D1=14, D2= 7, Tag=0
# Scoreboard -> Time:               174940 Current Register Values in Dummy DUT: Command: 0110, D1 =          0, D2 =          0, R1 = 4294965678, Tag: 0
# CORRECT: Outputs are matching at Port 1
# Port 1 Checked Values:
#   Expected Data: 0, Actual Data: 0
#   Expected Response: 1, Actual Response: 1
#   Expected Tag: 0, Actual Tag: 0
# CORRECT: Outputs are matching at Port 2
# Port 2 Checked Values:
#   Expected Data: 703, Actual Data: 703
#   Expected Response: 1, Actual Response: 1
#   Expected Tag: 0, Actual Tag: 0
# CORRECT: Outputs are matching at Port 3
# Port 3 Checked Values:
#   Expected Data: 703, Actual Data: 703
#   Expected Response: 1, Actual Response: 1
#   Expected Tag: 0, Actual Tag: 0
# CORRECT: Outputs are matching at Port 4
# Port 4 Checked Values:
#   Expected Data: 703, Actual Data: 703
#   Expected Response: 1, Actual Response: 1
#   Expected Tag: 0, Actual Tag: 0
# Time:               174940 Total correct outputs: 4208, Total errors detected: 1346
# Monitor -> Transaction Received Index 0 -> Cmd=6, Tag=0, R1=f, D1=e, D2=7, Data=00000000 | Port 3
# Driver -> Transaction Pushed to DUT on Port: 3
# Transaction Created -> SUB Transaction -> Cmd=5, Data=00000000, R1=a, D1=1, D2=c, Tag=1
# Monitor -> DUT Output -> PORT 3 -> Time: 175140, Tag Out: 0, Data Out: 0, Resp Out: 1
# This is the value of i:           3
#               175140 Dummy DUT Last Known Input Values: Req Tag: '{1, 0, 0, 0}, Command: '{5, 10, 10, 10}
# COMMAND SENT: 5
# Scoreboard -> Time:               175140 Data Sent to Dummy DUT -> Cmd=0101, Data=         0, R1=10, D1= 1, D2=12, Tag=1
# Scoreboard -> Time:               175140 Current Register Values in Dummy DUT: Command: 0101, D1 =          0, D2 =          0, R1 =          0, Tag: 1
# ERROR: Mismatch detected at Port 1
# Port 1 Checked Values:
#   Expected Data: 0, Actual Data: 0
#   Expected Response: 1, Actual Response: 1
#   Expected Tag: 1, Actual Tag: 0
# CORRECT: Outputs are matching at Port 2
# Port 2 Checked Values:
#   Expected Data: 703, Actual Data: 703
#   Expected Response: 1, Actual Response: 1
#   Expected Tag: 0, Actual Tag: 0
# CORRECT: Outputs are matching at Port 3
# Port 3 Checked Values:
#   Expected Data: 703, Actual Data: 703
#   Expected Response: 1, Actual Response: 1
#   Expected Tag: 0, Actual Tag: 0
# CORRECT: Outputs are matching at Port 4
# Port 4 Checked Values:
#   Expected Data: 703, Actual Data: 703
#   Expected Response: 1, Actual Response: 1
#   Expected Tag: 0, Actual Tag: 0
# Time:               175140 Total correct outputs: 4211, Total errors detected: 1347
# Monitor -> Transaction Received Index 0 -> Cmd=5, Tag=1, R1=a, D1=1, D2=c, Data=00000000 | Port 3
# Driver -> Transaction Pushed to DUT on Port: 3
# Transaction Created -> SUB Transaction -> Cmd=6, Data=00000000, R1=6, D1=9, D2=c, Tag=1
# Monitor -> DUT Output -> PORT 3 -> Time: 175340, Tag Out: 1, Data Out: 0, Resp Out: 1
# This is the value of i:           3
#               175340 Dummy DUT Last Known Input Values: Req Tag: '{1, 0, 0, 0}, Command: '{6, 10, 10, 10}
# COMMAND SENT: 6
# Scoreboard -> Time:               175340 Data Sent to Dummy DUT -> Cmd=0110, Data=         0, R1= 6, D1= 9, D2=12, Tag=1
# Scoreboard -> Time:               175340 Current Register Values in Dummy DUT: Command: 0110, D1 =          0, D2 =          0, R1 =          0, Tag: 1
# CORRECT: Outputs are matching at Port 1
# Port 1 Checked Values:
#   Expected Data: 0, Actual Data: 0
#   Expected Response: 1, Actual Response: 1
#   Expected Tag: 1, Actual Tag: 1
# CORRECT: Outputs are matching at Port 2
# Port 2 Checked Values:
#   Expected Data: 703, Actual Data: 703
#   Expected Response: 1, Actual Response: 1
#   Expected Tag: 0, Actual Tag: 0
# CORRECT: Outputs are matching at Port 3
# Port 3 Checked Values:
#   Expected Data: 703, Actual Data: 703
#   Expected Response: 1, Actual Response: 1
#   Expected Tag: 0, Actual Tag: 0
# CORRECT: Outputs are matching at Port 4
# Port 4 Checked Values:
#   Expected Data: 703, Actual Data: 703
#   Expected Response: 1, Actual Response: 1
#   Expected Tag: 0, Actual Tag: 0
# Time:               175340 Total correct outputs: 4215, Total errors detected: 1347
# Monitor -> Transaction Received Index 0 -> Cmd=6, Tag=1, R1=6, D1=9, D2=c, Data=00000000 | Port 3
# Driver -> Transaction Pushed to DUT on Port: 3
# Transaction Created -> SUB Transaction -> Cmd=5, Data=00000000, R1=2, D1=7, D2=7, Tag=1
# Monitor -> DUT Output -> PORT 3 -> Time: 175540, Tag Out: 1, Data Out: 0, Resp Out: 1
# This is the value of i:           3
#               175540 Dummy DUT Last Known Input Values: Req Tag: '{1, 0, 0, 0}, Command: '{5, 10, 10, 10}
# COMMAND SENT: 5
# Scoreboard -> Time:               175540 Data Sent to Dummy DUT -> Cmd=0101, Data=         0, R1= 2, D1= 7, D2= 7, Tag=1
# Scoreboard -> Time:               175540 Current Register Values in Dummy DUT: Command: 0101, D1 =          0, D2 =          0, R1 =          0, Tag: 1
# CORRECT: Outputs are matching at Port 1
# Port 1 Checked Values:
#   Expected Data: 0, Actual Data: 0
#   Expected Response: 1, Actual Response: 1
#   Expected Tag: 1, Actual Tag: 1
# CORRECT: Outputs are matching at Port 2
# Port 2 Checked Values:
#   Expected Data: 703, Actual Data: 703
#   Expected Response: 1, Actual Response: 1
#   Expected Tag: 0, Actual Tag: 0
# CORRECT: Outputs are matching at Port 3
# Port 3 Checked Values:
#   Expected Data: 703, Actual Data: 703
#   Expected Response: 1, Actual Response: 1
#   Expected Tag: 0, Actual Tag: 0
# CORRECT: Outputs are matching at Port 4
# Port 4 Checked Values:
#   Expected Data: 703, Actual Data: 703
#   Expected Response: 1, Actual Response: 1
#   Expected Tag: 0, Actual Tag: 0
# Time:               175540 Total correct outputs: 4219, Total errors detected: 1347
# Monitor -> Transaction Received Index 0 -> Cmd=5, Tag=1, R1=2, D1=7, D2=7, Data=00000000 | Port 3
# Driver -> Transaction Pushed to DUT on Port: 3
# Transaction Created -> SUB Transaction -> Cmd=5, Data=00000000, R1=2, D1=7, D2=e, Tag=1
# Monitor -> DUT Output -> PORT 3 -> Time: 175740, Tag Out: 1, Data Out: 0, Resp Out: 1
# This is the value of i:           3
#               175740 Dummy DUT Last Known Input Values: Req Tag: '{1, 0, 0, 0}, Command: '{5, 10, 10, 10}
# COMMAND SENT: 5
# Scoreboard -> Time:               175740 Data Sent to Dummy DUT -> Cmd=0101, Data=         0, R1= 2, D1= 7, D2=14, Tag=1
# Scoreboard -> Time:               175740 Current Register Values in Dummy DUT: Command: 0101, D1 =          0, D2 =          0, R1 =          0, Tag: 1
# CORRECT: Outputs are matching at Port 1
# Port 1 Checked Values:
#   Expected Data: 0, Actual Data: 0
#   Expected Response: 1, Actual Response: 1
#   Expected Tag: 1, Actual Tag: 1
# CORRECT: Outputs are matching at Port 2
# Port 2 Checked Values:
#   Expected Data: 703, Actual Data: 703
#   Expected Response: 1, Actual Response: 1
#   Expected Tag: 0, Actual Tag: 0
# CORRECT: Outputs are matching at Port 3
# Port 3 Checked Values:
#   Expected Data: 703, Actual Data: 703
#   Expected Response: 1, Actual Response: 1
#   Expected Tag: 0, Actual Tag: 0
# CORRECT: Outputs are matching at Port 4
# Port 4 Checked Values:
#   Expected Data: 703, Actual Data: 703
#   Expected Response: 1, Actual Response: 1
#   Expected Tag: 0, Actual Tag: 0
# Time:               175740 Total correct outputs: 4223, Total errors detected: 1347
# Monitor -> Transaction Received Index 0 -> Cmd=5, Tag=1, R1=2, D1=7, D2=e, Data=00000000 | Port 3
# Driver -> Transaction Pushed to DUT on Port: 3
# Transaction Created -> SUB Transaction -> Cmd=6, Data=00000000, R1=7, D1=7, D2=b, Tag=3
# Monitor -> DUT Output -> PORT 3 -> Time: 175940, Tag Out: 1, Data Out: 0, Resp Out: 1
# This is the value of i:           3
#               175940 Dummy DUT Last Known Input Values: Req Tag: '{3, 0, 0, 0}, Command: '{6, 10, 10, 10}
# COMMAND SENT: 6
# Scoreboard -> Time:               175940 Data Sent to Dummy DUT -> Cmd=0110, Data=         0, R1= 7, D1= 7, D2=11, Tag=3
# Scoreboard -> Time:               175940 Current Register Values in Dummy DUT: Command: 0110, D1 =          0, D2 =          0, R1 =          0, Tag: 3
# ERROR: Mismatch detected at Port 1
# Port 1 Checked Values:
#   Expected Data: 0, Actual Data: 0
#   Expected Response: 1, Actual Response: 1
#   Expected Tag: 3, Actual Tag: 1
# CORRECT: Outputs are matching at Port 2
# Port 2 Checked Values:
#   Expected Data: 703, Actual Data: 703
#   Expected Response: 1, Actual Response: 1
#   Expected Tag: 0, Actual Tag: 0
# CORRECT: Outputs are matching at Port 3
# Port 3 Checked Values:
#   Expected Data: 703, Actual Data: 703
#   Expected Response: 1, Actual Response: 1
#   Expected Tag: 0, Actual Tag: 0
# CORRECT: Outputs are matching at Port 4
# Port 4 Checked Values:
#   Expected Data: 703, Actual Data: 703
#   Expected Response: 1, Actual Response: 1
#   Expected Tag: 0, Actual Tag: 0
# Time:               175940 Total correct outputs: 4226, Total errors detected: 1348
# Monitor -> Transaction Received Index 0 -> Cmd=6, Tag=3, R1=7, D1=7, D2=b, Data=00000000 | Port 3
# Driver -> Transaction Pushed to DUT on Port: 3
# Transaction Created -> SUB Transaction -> Cmd=5, Data=00000000, R1=6, D1=2, D2=2, Tag=2
# Monitor -> DUT Output -> PORT 3 -> Time: 176140, Tag Out: 3, Data Out: 0, Resp Out: 1
# This is the value of i:           3
#               176140 Dummy DUT Last Known Input Values: Req Tag: '{2, 0, 0, 0}, Command: '{5, 10, 10, 10}
# COMMAND SENT: 5
# Scoreboard -> Time:               176140 Data Sent to Dummy DUT -> Cmd=0101, Data=         0, R1= 6, D1= 2, D2= 2, Tag=2
# Scoreboard -> Time:               176140 Current Register Values in Dummy DUT: Command: 0101, D1 =          0, D2 =          0, R1 =          0, Tag: 2
# ERROR: Mismatch detected at Port 1
# Port 1 Checked Values:
#   Expected Data: 0, Actual Data: 0
#   Expected Response: 1, Actual Response: 1
#   Expected Tag: 2, Actual Tag: 3
# CORRECT: Outputs are matching at Port 2
# Port 2 Checked Values:
#   Expected Data: 703, Actual Data: 703
#   Expected Response: 1, Actual Response: 1
#   Expected Tag: 0, Actual Tag: 0
# CORRECT: Outputs are matching at Port 3
# Port 3 Checked Values:
#   Expected Data: 703, Actual Data: 703
#   Expected Response: 1, Actual Response: 1
#   Expected Tag: 0, Actual Tag: 0
# CORRECT: Outputs are matching at Port 4
# Port 4 Checked Values:
#   Expected Data: 703, Actual Data: 703
#   Expected Response: 1, Actual Response: 1
#   Expected Tag: 0, Actual Tag: 0
# Time:               176140 Total correct outputs: 4229, Total errors detected: 1349
# Monitor -> Transaction Received Index 0 -> Cmd=5, Tag=2, R1=6, D1=2, D2=2, Data=00000000 | Port 3
# Driver -> Transaction Pushed to DUT on Port: 3
# Transaction Created -> SUB Transaction -> Cmd=5, Data=00000000, R1=d, D1=4, D2=e, Tag=3
# Monitor -> DUT Output -> PORT 3 -> Time: 176340, Tag Out: 2, Data Out: 0, Resp Out: 1
# This is the value of i:           3
#               176340 Dummy DUT Last Known Input Values: Req Tag: '{3, 0, 0, 0}, Command: '{5, 10, 10, 10}
# COMMAND SENT: 5
# Scoreboard -> Time:               176340 Data Sent to Dummy DUT -> Cmd=0101, Data=         0, R1=13, D1= 4, D2=14, Tag=3
# Scoreboard -> Time:               176340 Current Register Values in Dummy DUT: Command: 0101, D1 =          0, D2 =          0, R1 =          0, Tag: 3
# ERROR: Mismatch detected at Port 1
# Port 1 Checked Values:
#   Expected Data: 0, Actual Data: 0
#   Expected Response: 1, Actual Response: 1
#   Expected Tag: 3, Actual Tag: 2
# CORRECT: Outputs are matching at Port 2
# Port 2 Checked Values:
#   Expected Data: 703, Actual Data: 703
#   Expected Response: 1, Actual Response: 1
#   Expected Tag: 0, Actual Tag: 0
# CORRECT: Outputs are matching at Port 3
# Port 3 Checked Values:
#   Expected Data: 703, Actual Data: 703
#   Expected Response: 1, Actual Response: 1
#   Expected Tag: 0, Actual Tag: 0
# CORRECT: Outputs are matching at Port 4
# Port 4 Checked Values:
#   Expected Data: 703, Actual Data: 703
#   Expected Response: 1, Actual Response: 1
#   Expected Tag: 0, Actual Tag: 0
# Time:               176340 Total correct outputs: 4232, Total errors detected: 1350
# Monitor -> Transaction Received Index 0 -> Cmd=5, Tag=3, R1=d, D1=4, D2=e, Data=00000000 | Port 3
# Driver -> Transaction Pushed to DUT on Port: 3
# Transaction Created -> SUB Transaction -> Cmd=2, Data=00000000, R1=7, D1=2, D2=5, Tag=2
# Monitor -> DUT Output -> PORT 3 -> Time: 176540, Tag Out: 3, Data Out: 0, Resp Out: 1
# This is the value of i:           3
#               176540 Dummy DUT Last Known Input Values: Req Tag: '{2, 0, 0, 0}, Command: '{2, 10, 10, 10}
# COMMAND SENT: 2
# Scoreboard -> Time:               176540 Data Sent to Dummy DUT -> Cmd=0010, Data=         0, R1= 7, D1= 2, D2= 5, Tag=2
# Scoreboard -> Time:               176540 Current Register Values in Dummy DUT: Command: 0010, D1 =          0, D2 =          0, R1 =       1618, Tag: 2
# ERROR: Mismatch detected at Port 1
# Port 1 Checked Values:
#   Expected Data: 0, Actual Data: 0
#   Expected Response: 1, Actual Response: 1
#   Expected Tag: 2, Actual Tag: 3
# CORRECT: Outputs are matching at Port 2
# Port 2 Checked Values:
#   Expected Data: 703, Actual Data: 703
#   Expected Response: 1, Actual Response: 1
#   Expected Tag: 0, Actual Tag: 0
# CORRECT: Outputs are matching at Port 3
# Port 3 Checked Values:
#   Expected Data: 703, Actual Data: 703
#   Expected Response: 1, Actual Response: 1
#   Expected Tag: 0, Actual Tag: 0
# CORRECT: Outputs are matching at Port 4
# Port 4 Checked Values:
#   Expected Data: 703, Actual Data: 703
#   Expected Response: 1, Actual Response: 1
#   Expected Tag: 0, Actual Tag: 0
# Time:               176540 Total correct outputs: 4235, Total errors detected: 1351
# Monitor -> Transaction Received Index 0 -> Cmd=2, Tag=2, R1=7, D1=2, D2=5, Data=00000000 | Port 3
# Driver -> Transaction Pushed to DUT on Port: 3
# Transaction Created -> SUB Transaction -> Cmd=2, Data=00000000, R1=7, D1=6, D2=b, Tag=1
# Monitor -> DUT Output -> PORT 3 -> Time: 176740, Tag Out: 2, Data Out: 0, Resp Out: 2
# This is the value of i:           3
#               176740 Dummy DUT Last Known Input Values: Req Tag: '{1, 0, 0, 0}, Command: '{2, 10, 10, 10}
# COMMAND SENT: 2
# Scoreboard -> Time:               176740 Data Sent to Dummy DUT -> Cmd=0010, Data=         0, R1= 7, D1= 6, D2=11, Tag=1
# Scoreboard -> Time:               176740 Current Register Values in Dummy DUT: Command: 0010, D1 =          0, D2 =          0, R1 =          0, Tag: 1
# ERROR: Mismatch detected at Port 1
# Port 1 Checked Values:
#   Expected Data: 0, Actual Data: 0
#   Expected Response: 1, Actual Response: 2
#   Expected Tag: 1, Actual Tag: 2
# CORRECT: Outputs are matching at Port 2
# Port 2 Checked Values:
#   Expected Data: 703, Actual Data: 703
#   Expected Response: 1, Actual Response: 1
#   Expected Tag: 0, Actual Tag: 0
# CORRECT: Outputs are matching at Port 3
# Port 3 Checked Values:
#   Expected Data: 703, Actual Data: 703
#   Expected Response: 1, Actual Response: 1
#   Expected Tag: 0, Actual Tag: 0
# CORRECT: Outputs are matching at Port 4
# Port 4 Checked Values:
#   Expected Data: 703, Actual Data: 703
#   Expected Response: 1, Actual Response: 1
#   Expected Tag: 0, Actual Tag: 0
# Time:               176740 Total correct outputs: 4238, Total errors detected: 1352
# Monitor -> Transaction Received Index 0 -> Cmd=2, Tag=1, R1=7, D1=6, D2=b, Data=00000000 | Port 3
# Driver -> Transaction Pushed to DUT on Port: 3
# Transaction Created -> SUB Transaction -> Cmd=5, Data=00000000, R1=8, D1=a, D2=9, Tag=1
# Monitor -> DUT Output -> PORT 3 -> Time: 176940, Tag Out: 1, Data Out: 0, Resp Out: 2
# This is the value of i:           3
#               176940 Dummy DUT Last Known Input Values: Req Tag: '{1, 0, 0, 0}, Command: '{5, 10, 10, 10}
# COMMAND SENT: 5
# Scoreboard -> Time:               176940 Data Sent to Dummy DUT -> Cmd=0101, Data=         0, R1= 8, D1=10, D2= 9, Tag=1
# Scoreboard -> Time:               176940 Current Register Values in Dummy DUT: Command: 0101, D1 =          0, D2 =          0, R1 =          0, Tag: 1
# ERROR: Mismatch detected at Port 1
# Port 1 Checked Values:
#   Expected Data: 0, Actual Data: 0
#   Expected Response: 1, Actual Response: 2
#   Expected Tag: 1, Actual Tag: 1
# CORRECT: Outputs are matching at Port 2
# Port 2 Checked Values:
#   Expected Data: 703, Actual Data: 703
#   Expected Response: 1, Actual Response: 1
#   Expected Tag: 0, Actual Tag: 0
# CORRECT: Outputs are matching at Port 3
# Port 3 Checked Values:
#   Expected Data: 703, Actual Data: 703
#   Expected Response: 1, Actual Response: 1
#   Expected Tag: 0, Actual Tag: 0
# CORRECT: Outputs are matching at Port 4
# Port 4 Checked Values:
#   Expected Data: 703, Actual Data: 703
#   Expected Response: 1, Actual Response: 1
#   Expected Tag: 0, Actual Tag: 0
# Time:               176940 Total correct outputs: 4241, Total errors detected: 1353
# Monitor -> Transaction Received Index 0 -> Cmd=5, Tag=1, R1=8, D1=a, D2=9, Data=00000000 | Port 3
# Driver -> Transaction Pushed to DUT on Port: 3
# Transaction Created -> SUB Transaction -> Cmd=5, Data=00000000, R1=d, D1=2, D2=c, Tag=3
# Monitor -> DUT Output -> PORT 3 -> Time: 177140, Tag Out: 1, Data Out: 0, Resp Out: 1
# This is the value of i:           3
#               177140 Dummy DUT Last Known Input Values: Req Tag: '{3, 0, 0, 0}, Command: '{5, 10, 10, 10}
# COMMAND SENT: 5
# Scoreboard -> Time:               177140 Data Sent to Dummy DUT -> Cmd=0101, Data=         0, R1=13, D1= 2, D2=12, Tag=3
# Scoreboard -> Time:               177140 Current Register Values in Dummy DUT: Command: 0101, D1 =          0, D2 =          0, R1 =          0, Tag: 3
# ERROR: Mismatch detected at Port 1
# Port 1 Checked Values:
#   Expected Data: 0, Actual Data: 0
#   Expected Response: 1, Actual Response: 1
#   Expected Tag: 3, Actual Tag: 1
# CORRECT: Outputs are matching at Port 2
# Port 2 Checked Values:
#   Expected Data: 703, Actual Data: 703
#   Expected Response: 1, Actual Response: 1
#   Expected Tag: 0, Actual Tag: 0
# CORRECT: Outputs are matching at Port 3
# Port 3 Checked Values:
#   Expected Data: 703, Actual Data: 703
#   Expected Response: 1, Actual Response: 1
#   Expected Tag: 0, Actual Tag: 0
# CORRECT: Outputs are matching at Port 4
# Port 4 Checked Values:
#   Expected Data: 703, Actual Data: 703
#   Expected Response: 1, Actual Response: 1
#   Expected Tag: 0, Actual Tag: 0
# Time:               177140 Total correct outputs: 4244, Total errors detected: 1354
# Monitor -> Transaction Received Index 0 -> Cmd=5, Tag=3, R1=d, D1=2, D2=c, Data=00000000 | Port 3
# Driver -> Transaction Pushed to DUT on Port: 3
# Transaction Created -> SUB Transaction -> Cmd=2, Data=00000000, R1=9, D1=1, D2=5, Tag=2
# Monitor -> DUT Output -> PORT 3 -> Time: 177340, Tag Out: 3, Data Out: 0, Resp Out: 1
# This is the value of i:           3
#               177340 Dummy DUT Last Known Input Values: Req Tag: '{2, 0, 0, 0}, Command: '{2, 10, 10, 10}
# COMMAND SENT: 2
# Scoreboard -> Time:               177340 Data Sent to Dummy DUT -> Cmd=0010, Data=         0, R1= 9, D1= 1, D2= 5, Tag=2
# Scoreboard -> Time:               177340 Current Register Values in Dummy DUT: Command: 0010, D1 =          0, D2 =          0, R1 =       1618, Tag: 2
# ERROR: Mismatch detected at Port 1
# Port 1 Checked Values:
#   Expected Data: 0, Actual Data: 0
#   Expected Response: 1, Actual Response: 1
#   Expected Tag: 2, Actual Tag: 3
# CORRECT: Outputs are matching at Port 2
# Port 2 Checked Values:
#   Expected Data: 703, Actual Data: 703
#   Expected Response: 1, Actual Response: 1
#   Expected Tag: 0, Actual Tag: 0
# CORRECT: Outputs are matching at Port 3
# Port 3 Checked Values:
#   Expected Data: 703, Actual Data: 703
#   Expected Response: 1, Actual Response: 1
#   Expected Tag: 0, Actual Tag: 0
# CORRECT: Outputs are matching at Port 4
# Port 4 Checked Values:
#   Expected Data: 703, Actual Data: 703
#   Expected Response: 1, Actual Response: 1
#   Expected Tag: 0, Actual Tag: 0
# Time:               177340 Total correct outputs: 4247, Total errors detected: 1355
# Monitor -> Transaction Received Index 0 -> Cmd=2, Tag=2, R1=9, D1=1, D2=5, Data=00000000 | Port 3
# Driver -> Transaction Pushed to DUT on Port: 3
# Transaction Created -> SUB Transaction -> Cmd=2, Data=00000000, R1=2, D1=9, D2=d, Tag=3
# Monitor -> DUT Output -> PORT 3 -> Time: 177540, Tag Out: 2, Data Out: 0, Resp Out: 2
# This is the value of i:           3
#               177540 Dummy DUT Last Known Input Values: Req Tag: '{3, 0, 0, 0}, Command: '{2, 10, 10, 10}
# COMMAND SENT: 2
# Scoreboard -> Time:               177540 Data Sent to Dummy DUT -> Cmd=0010, Data=         0, R1= 2, D1= 9, D2=13, Tag=3
# Scoreboard -> Time:               177540 Current Register Values in Dummy DUT: Command: 0010, D1 =          0, D2 =          0, R1 =       1618, Tag: 3
# ERROR: Mismatch detected at Port 1
# Port 1 Checked Values:
#   Expected Data: 0, Actual Data: 0
#   Expected Response: 1, Actual Response: 2
#   Expected Tag: 3, Actual Tag: 2
# CORRECT: Outputs are matching at Port 2
# Port 2 Checked Values:
#   Expected Data: 703, Actual Data: 703
#   Expected Response: 1, Actual Response: 1
#   Expected Tag: 0, Actual Tag: 0
# CORRECT: Outputs are matching at Port 3
# Port 3 Checked Values:
#   Expected Data: 703, Actual Data: 703
#   Expected Response: 1, Actual Response: 1
#   Expected Tag: 0, Actual Tag: 0
# CORRECT: Outputs are matching at Port 4
# Port 4 Checked Values:
#   Expected Data: 703, Actual Data: 703
#   Expected Response: 1, Actual Response: 1
#   Expected Tag: 0, Actual Tag: 0
# Time:               177540 Total correct outputs: 4250, Total errors detected: 1356
# Monitor -> Transaction Received Index 0 -> Cmd=2, Tag=3, R1=2, D1=9, D2=d, Data=00000000 | Port 3
# Driver -> Transaction Pushed to DUT on Port: 3
# Transaction Created -> SUB Transaction -> Cmd=2, Data=00000000, R1=1, D1=e, D2=e, Tag=1
# Monitor -> DUT Output -> PORT 3 -> Time: 177740, Tag Out: 3, Data Out: 0, Resp Out: 1
# This is the value of i:           3
#               177740 Dummy DUT Last Known Input Values: Req Tag: '{1, 0, 0, 0}, Command: '{2, 10, 10, 10}
# COMMAND SENT: 2
# Scoreboard -> Time:               177740 Data Sent to Dummy DUT -> Cmd=0010, Data=         0, R1= 1, D1=14, D2=14, Tag=1
# Scoreboard -> Time:               177740 Current Register Values in Dummy DUT: Command: 0010, D1 =          0, D2 =          0, R1 =          0, Tag: 1
# ERROR: Mismatch detected at Port 1
# Port 1 Checked Values:
#   Expected Data: 0, Actual Data: 0
#   Expected Response: 1, Actual Response: 1
#   Expected Tag: 1, Actual Tag: 3
# CORRECT: Outputs are matching at Port 2
# Port 2 Checked Values:
#   Expected Data: 703, Actual Data: 703
#   Expected Response: 1, Actual Response: 1
#   Expected Tag: 0, Actual Tag: 0
# CORRECT: Outputs are matching at Port 3
# Port 3 Checked Values:
#   Expected Data: 703, Actual Data: 703
#   Expected Response: 1, Actual Response: 1
#   Expected Tag: 0, Actual Tag: 0
# CORRECT: Outputs are matching at Port 4
# Port 4 Checked Values:
#   Expected Data: 703, Actual Data: 703
#   Expected Response: 1, Actual Response: 1
#   Expected Tag: 0, Actual Tag: 0
# Time:               177740 Total correct outputs: 4253, Total errors detected: 1357
# Monitor -> Transaction Received Index 0 -> Cmd=2, Tag=1, R1=1, D1=e, D2=e, Data=00000000 | Port 3
# Driver -> Transaction Pushed to DUT on Port: 3
# Transaction Created -> SUB Transaction -> Cmd=2, Data=00000000, R1=e, D1=2, D2=9, Tag=0
# Monitor -> DUT Output -> PORT 3 -> Time: 177940, Tag Out: 1, Data Out: 0, Resp Out: 1
# This is the value of i:           3
#               177940 Dummy DUT Last Known Input Values: Req Tag: '{0, 0, 0, 0}, Command: '{2, 10, 10, 10}
# COMMAND SENT: 2
# Scoreboard -> Time:               177940 Data Sent to Dummy DUT -> Cmd=0010, Data=         0, R1=14, D1= 2, D2= 9, Tag=0
# Scoreboard -> Time:               177940 Current Register Values in Dummy DUT: Command: 0010, D1 =          0, D2 =          0, R1 =          0, Tag: 0
# ERROR: Mismatch detected at Port 1
# Port 1 Checked Values:
#   Expected Data: 0, Actual Data: 0
#   Expected Response: 1, Actual Response: 1
#   Expected Tag: 0, Actual Tag: 1
# CORRECT: Outputs are matching at Port 2
# Port 2 Checked Values:
#   Expected Data: 703, Actual Data: 703
#   Expected Response: 1, Actual Response: 1
#   Expected Tag: 0, Actual Tag: 0
# CORRECT: Outputs are matching at Port 3
# Port 3 Checked Values:
#   Expected Data: 703, Actual Data: 703
#   Expected Response: 1, Actual Response: 1
#   Expected Tag: 0, Actual Tag: 0
# CORRECT: Outputs are matching at Port 4
# Port 4 Checked Values:
#   Expected Data: 703, Actual Data: 703
#   Expected Response: 1, Actual Response: 1
#   Expected Tag: 0, Actual Tag: 0
# Time:               177940 Total correct outputs: 4256, Total errors detected: 1358
# Monitor -> Transaction Received Index 0 -> Cmd=2, Tag=0, R1=e, D1=2, D2=9, Data=00000000 | Port 3
# Driver -> Transaction Pushed to DUT on Port: 3
# Transaction Created -> SUB Transaction -> Cmd=6, Data=00000000, R1=8, D1=7, D2=a, Tag=0
# Monitor -> DUT Output -> PORT 3 -> Time: 178140, Tag Out: 0, Data Out: 0, Resp Out: 2
# This is the value of i:           3
#               178140 Dummy DUT Last Known Input Values: Req Tag: '{0, 0, 0, 0}, Command: '{6, 10, 10, 10}
# COMMAND SENT: 6
# Scoreboard -> Time:               178140 Data Sent to Dummy DUT -> Cmd=0110, Data=         0, R1= 8, D1= 7, D2=10, Tag=0
# Scoreboard -> Time:               178140 Current Register Values in Dummy DUT: Command: 0110, D1 =          0, D2 =          0, R1 =          0, Tag: 0
# ERROR: Mismatch detected at Port 1
# Port 1 Checked Values:
#   Expected Data: 0, Actual Data: 0
#   Expected Response: 1, Actual Response: 2
#   Expected Tag: 0, Actual Tag: 0
# CORRECT: Outputs are matching at Port 2
# Port 2 Checked Values:
#   Expected Data: 703, Actual Data: 703
#   Expected Response: 1, Actual Response: 1
#   Expected Tag: 0, Actual Tag: 0
# CORRECT: Outputs are matching at Port 3
# Port 3 Checked Values:
#   Expected Data: 703, Actual Data: 703
#   Expected Response: 1, Actual Response: 1
#   Expected Tag: 0, Actual Tag: 0
# CORRECT: Outputs are matching at Port 4
# Port 4 Checked Values:
#   Expected Data: 703, Actual Data: 703
#   Expected Response: 1, Actual Response: 1
#   Expected Tag: 0, Actual Tag: 0
# Time:               178140 Total correct outputs: 4259, Total errors detected: 1359
# Monitor -> Transaction Received Index 0 -> Cmd=6, Tag=0, R1=8, D1=7, D2=a, Data=00000000 | Port 3
# Driver -> Transaction Pushed to DUT on Port: 3
# Transaction Created -> SUB Transaction -> Cmd=2, Data=00000000, R1=a, D1=4, D2=c, Tag=2
# Monitor -> DUT Output -> PORT 3 -> Time: 178340, Tag Out: 0, Data Out: 0, Resp Out: 1
# This is the value of i:           3
#               178340 Dummy DUT Last Known Input Values: Req Tag: '{2, 0, 0, 0}, Command: '{2, 10, 10, 10}
# COMMAND SENT: 2
# Scoreboard -> Time:               178340 Data Sent to Dummy DUT -> Cmd=0010, Data=         0, R1=10, D1= 4, D2=12, Tag=2
# Scoreboard -> Time:               178340 Current Register Values in Dummy DUT: Command: 0010, D1 =          0, D2 =          0, R1 =          0, Tag: 2
# ERROR: Mismatch detected at Port 1
# Port 1 Checked Values:
#   Expected Data: 0, Actual Data: 0
#   Expected Response: 1, Actual Response: 1
#   Expected Tag: 2, Actual Tag: 0
# CORRECT: Outputs are matching at Port 2
# Port 2 Checked Values:
#   Expected Data: 703, Actual Data: 703
#   Expected Response: 1, Actual Response: 1
#   Expected Tag: 0, Actual Tag: 0
# CORRECT: Outputs are matching at Port 3
# Port 3 Checked Values:
#   Expected Data: 703, Actual Data: 703
#   Expected Response: 1, Actual Response: 1
#   Expected Tag: 0, Actual Tag: 0
# CORRECT: Outputs are matching at Port 4
# Port 4 Checked Values:
#   Expected Data: 703, Actual Data: 703
#   Expected Response: 1, Actual Response: 1
#   Expected Tag: 0, Actual Tag: 0
# Time:               178340 Total correct outputs: 4262, Total errors detected: 1360
# Monitor -> Transaction Received Index 0 -> Cmd=2, Tag=2, R1=a, D1=4, D2=c, Data=00000000 | Port 3
# Driver -> Transaction Pushed to DUT on Port: 3
# Transaction Created -> SUB Transaction -> Cmd=6, Data=00000000, R1=1, D1=c, D2=5, Tag=3
# Monitor -> DUT Output -> PORT 3 -> Time: 178540, Tag Out: 2, Data Out: 0, Resp Out: 2
# This is the value of i:           3
#               178540 Dummy DUT Last Known Input Values: Req Tag: '{3, 0, 0, 0}, Command: '{6, 10, 10, 10}
# COMMAND SENT: 6
# Scoreboard -> Time:               178540 Data Sent to Dummy DUT -> Cmd=0110, Data=         0, R1= 1, D1=12, D2= 5, Tag=3
# Scoreboard -> Time:               178540 Current Register Values in Dummy DUT: Command: 0110, D1 =          0, D2 =          0, R1 =          0, Tag: 3
# ERROR: Mismatch detected at Port 1
# Port 1 Checked Values:
#   Expected Data: 0, Actual Data: 0
#   Expected Response: 1, Actual Response: 2
#   Expected Tag: 3, Actual Tag: 2
# CORRECT: Outputs are matching at Port 2
# Port 2 Checked Values:
#   Expected Data: 703, Actual Data: 703
#   Expected Response: 1, Actual Response: 1
#   Expected Tag: 0, Actual Tag: 0
# CORRECT: Outputs are matching at Port 3
# Port 3 Checked Values:
#   Expected Data: 703, Actual Data: 703
#   Expected Response: 1, Actual Response: 1
#   Expected Tag: 0, Actual Tag: 0
# CORRECT: Outputs are matching at Port 4
# Port 4 Checked Values:
#   Expected Data: 703, Actual Data: 703
#   Expected Response: 1, Actual Response: 1
#   Expected Tag: 0, Actual Tag: 0
# Time:               178540 Total correct outputs: 4265, Total errors detected: 1361
# Monitor -> Transaction Received Index 0 -> Cmd=6, Tag=3, R1=1, D1=c, D2=5, Data=00000000 | Port 3
# Driver -> Transaction Pushed to DUT on Port: 3
# Transaction Created -> SUB Transaction -> Cmd=6, Data=00000000, R1=d, D1=6, D2=3, Tag=1
# Monitor -> DUT Output -> PORT 3 -> Time: 178740, Tag Out: 3, Data Out: 0, Resp Out: 1
# This is the value of i:           3
#               178740 Dummy DUT Last Known Input Values: Req Tag: '{1, 0, 0, 0}, Command: '{6, 10, 10, 10}
# COMMAND SENT: 6
# Scoreboard -> Time:               178740 Data Sent to Dummy DUT -> Cmd=0110, Data=         0, R1=13, D1= 6, D2= 3, Tag=1
# Scoreboard -> Time:               178740 Current Register Values in Dummy DUT: Command: 0110, D1 =          0, D2 =          0, R1 =          0, Tag: 1
# ERROR: Mismatch detected at Port 1
# Port 1 Checked Values:
#   Expected Data: 0, Actual Data: 0
#   Expected Response: 1, Actual Response: 1
#   Expected Tag: 1, Actual Tag: 3
# CORRECT: Outputs are matching at Port 2
# Port 2 Checked Values:
#   Expected Data: 703, Actual Data: 703
#   Expected Response: 1, Actual Response: 1
#   Expected Tag: 0, Actual Tag: 0
# CORRECT: Outputs are matching at Port 3
# Port 3 Checked Values:
#   Expected Data: 703, Actual Data: 703
#   Expected Response: 1, Actual Response: 1
#   Expected Tag: 0, Actual Tag: 0
# CORRECT: Outputs are matching at Port 4
# Port 4 Checked Values:
#   Expected Data: 703, Actual Data: 703
#   Expected Response: 1, Actual Response: 1
#   Expected Tag: 0, Actual Tag: 0
# Time:               178740 Total correct outputs: 4268, Total errors detected: 1362
# Monitor -> Transaction Received Index 0 -> Cmd=6, Tag=1, R1=d, D1=6, D2=3, Data=00000000 | Port 3
# Driver -> Transaction Pushed to DUT on Port: 3
# Transaction Created -> SUB Transaction -> Cmd=2, Data=00000000, R1=b, D1=b, D2=4, Tag=2
# Monitor -> DUT Output -> PORT 3 -> Time: 178940, Tag Out: 1, Data Out: 0, Resp Out: 1
# This is the value of i:           3
#               178940 Dummy DUT Last Known Input Values: Req Tag: '{2, 0, 0, 0}, Command: '{2, 10, 10, 10}
# COMMAND SENT: 2
# Scoreboard -> Time:               178940 Data Sent to Dummy DUT -> Cmd=0010, Data=         0, R1=11, D1=11, D2= 4, Tag=2
# Scoreboard -> Time:               178940 Current Register Values in Dummy DUT: Command: 0010, D1 =          0, D2 =          0, R1 =          0, Tag: 2
# ERROR: Mismatch detected at Port 1
# Port 1 Checked Values:
#   Expected Data: 0, Actual Data: 0
#   Expected Response: 1, Actual Response: 1
#   Expected Tag: 2, Actual Tag: 1
# CORRECT: Outputs are matching at Port 2
# Port 2 Checked Values:
#   Expected Data: 703, Actual Data: 703
#   Expected Response: 1, Actual Response: 1
#   Expected Tag: 0, Actual Tag: 0
# CORRECT: Outputs are matching at Port 3
# Port 3 Checked Values:
#   Expected Data: 703, Actual Data: 703
#   Expected Response: 1, Actual Response: 1
#   Expected Tag: 0, Actual Tag: 0
# CORRECT: Outputs are matching at Port 4
# Port 4 Checked Values:
#   Expected Data: 703, Actual Data: 703
#   Expected Response: 1, Actual Response: 1
#   Expected Tag: 0, Actual Tag: 0
# Time:               178940 Total correct outputs: 4271, Total errors detected: 1363
# Monitor -> Transaction Received Index 0 -> Cmd=2, Tag=2, R1=b, D1=b, D2=4, Data=00000000 | Port 3
# Driver -> Transaction Pushed to DUT on Port: 3
# Transaction Created -> ADD Transaction -> Cmd=1, Data=00000000, R1=a, D1=4, D2=f, Tag=3
# Monitor -> DUT Output -> PORT 3 -> Time: 179140, Tag Out: 2, Data Out: 0, Resp Out: 1
# This is the value of i:           3
#               179140 Dummy DUT Last Known Input Values: Req Tag: '{3, 0, 0, 0}, Command: '{1, 10, 10, 10}
# COMMAND SENT: 1
# Scoreboard -> Time:               179140 Data Sent to Dummy DUT -> Cmd=0001, Data=         0, R1=10, D1= 4, D2=15, Tag=3
# Scoreboard -> Time:               179140 Current Register Values in Dummy DUT: Command: 0001, D1 =          0, D2 =          0, R1 = 4294965678, Tag: 3
# ERROR: Mismatch detected at Port 1
# Port 1 Checked Values:
#   Expected Data: 0, Actual Data: 0
#   Expected Response: 1, Actual Response: 1
#   Expected Tag: 3, Actual Tag: 2
# CORRECT: Outputs are matching at Port 2
# Port 2 Checked Values:
#   Expected Data: 703, Actual Data: 703
#   Expected Response: 1, Actual Response: 1
#   Expected Tag: 0, Actual Tag: 0
# CORRECT: Outputs are matching at Port 3
# Port 3 Checked Values:
#   Expected Data: 703, Actual Data: 703
#   Expected Response: 1, Actual Response: 1
#   Expected Tag: 0, Actual Tag: 0
# CORRECT: Outputs are matching at Port 4
# Port 4 Checked Values:
#   Expected Data: 703, Actual Data: 703
#   Expected Response: 1, Actual Response: 1
#   Expected Tag: 0, Actual Tag: 0
# Time:               179140 Total correct outputs: 4274, Total errors detected: 1364
# Monitor -> Transaction Received Index 0 -> Cmd=1, Tag=3, R1=a, D1=4, D2=f, Data=00000000 | Port 3
# Driver -> Transaction Pushed to DUT on Port: 3
# Transaction Created -> SUB Transaction -> Cmd=6, Data=00000000, R1=9, D1=c, D2=0, Tag=3
# Monitor -> DUT Output -> PORT 3 -> Time: 179340, Tag Out: 3, Data Out: 0, Resp Out: 1
# This is the value of i:           3
#               179340 Dummy DUT Last Known Input Values: Req Tag: '{3, 0, 0, 0}, Command: '{6, 10, 10, 10}
# COMMAND SENT: 6
# Scoreboard -> Time:               179340 Data Sent to Dummy DUT -> Cmd=0110, Data=         0, R1= 9, D1=12, D2= 0, Tag=3
# Scoreboard -> Time:               179340 Current Register Values in Dummy DUT: Command: 0110, D1 =          0, D2 =          0, R1 =          0, Tag: 3
# CORRECT: Outputs are matching at Port 1
# Port 1 Checked Values:
#   Expected Data: 0, Actual Data: 0
#   Expected Response: 1, Actual Response: 1
#   Expected Tag: 3, Actual Tag: 3
# CORRECT: Outputs are matching at Port 2
# Port 2 Checked Values:
#   Expected Data: 703, Actual Data: 703
#   Expected Response: 1, Actual Response: 1
#   Expected Tag: 0, Actual Tag: 0
# CORRECT: Outputs are matching at Port 3
# Port 3 Checked Values:
#   Expected Data: 703, Actual Data: 703
#   Expected Response: 1, Actual Response: 1
#   Expected Tag: 0, Actual Tag: 0
# CORRECT: Outputs are matching at Port 4
# Port 4 Checked Values:
#   Expected Data: 703, Actual Data: 703
#   Expected Response: 1, Actual Response: 1
#   Expected Tag: 0, Actual Tag: 0
# Time:               179340 Total correct outputs: 4278, Total errors detected: 1364
# Monitor -> Transaction Received Index 0 -> Cmd=6, Tag=3, R1=9, D1=c, D2=0, Data=00000000 | Port 3
# Driver -> Transaction Pushed to DUT on Port: 3
# Transaction Created -> ADD Transaction -> Cmd=1, Data=00000000, R1=b, D1=3, D2=1, Tag=1
# Monitor -> DUT Output -> PORT 3 -> Time: 179540, Tag Out: 3, Data Out: 0, Resp Out: 1
# This is the value of i:           3
#               179540 Dummy DUT Last Known Input Values: Req Tag: '{1, 0, 0, 0}, Command: '{1, 10, 10, 10}
# COMMAND SENT: 1
# Scoreboard -> Time:               179540 Data Sent to Dummy DUT -> Cmd=0001, Data=         0, R1=11, D1= 3, D2= 1, Tag=1
# Scoreboard -> Time:               179540 Current Register Values in Dummy DUT: Command: 0001, D1 =          0, D2 =          0, R1 = 4294965678, Tag: 1
# ERROR: Mismatch detected at Port 1
# Port 1 Checked Values:
#   Expected Data: 0, Actual Data: 0
#   Expected Response: 1, Actual Response: 1
#   Expected Tag: 1, Actual Tag: 3
# CORRECT: Outputs are matching at Port 2
# Port 2 Checked Values:
#   Expected Data: 703, Actual Data: 703
#   Expected Response: 1, Actual Response: 1
#   Expected Tag: 0, Actual Tag: 0
# CORRECT: Outputs are matching at Port 3
# Port 3 Checked Values:
#   Expected Data: 703, Actual Data: 703
#   Expected Response: 1, Actual Response: 1
#   Expected Tag: 0, Actual Tag: 0
# CORRECT: Outputs are matching at Port 4
# Port 4 Checked Values:
#   Expected Data: 703, Actual Data: 703
#   Expected Response: 1, Actual Response: 1
#   Expected Tag: 0, Actual Tag: 0
# Time:               179540 Total correct outputs: 4281, Total errors detected: 1365
# Monitor -> Transaction Received Index 0 -> Cmd=1, Tag=1, R1=b, D1=3, D2=1, Data=00000000 | Port 3
# Driver -> Transaction Pushed to DUT on Port: 3
# Transaction Created -> ADD Transaction -> Cmd=1, Data=00000000, R1=d, D1=a, D2=0, Tag=1
# Monitor -> DUT Output -> PORT 3 -> Time: 179740, Tag Out: 1, Data Out: 0, Resp Out: 1
# This is the value of i:           3
#               179740 Dummy DUT Last Known Input Values: Req Tag: '{1, 0, 0, 0}, Command: '{1, 10, 10, 10}
# COMMAND SENT: 1
# Scoreboard -> Time:               179740 Data Sent to Dummy DUT -> Cmd=0001, Data=         0, R1=13, D1=10, D2= 0, Tag=1
# Scoreboard -> Time:               179740 Current Register Values in Dummy DUT: Command: 0001, D1 = 4294965678, D2 =          0, R1 = 4294965678, Tag: 1
# CORRECT: Outputs are matching at Port 1
# Port 1 Checked Values:
#   Expected Data: 0, Actual Data: 0
#   Expected Response: 1, Actual Response: 1
#   Expected Tag: 1, Actual Tag: 1
# CORRECT: Outputs are matching at Port 2
# Port 2 Checked Values:
#   Expected Data: 703, Actual Data: 703
#   Expected Response: 1, Actual Response: 1
#   Expected Tag: 0, Actual Tag: 0
# CORRECT: Outputs are matching at Port 3
# Port 3 Checked Values:
#   Expected Data: 703, Actual Data: 703
#   Expected Response: 1, Actual Response: 1
#   Expected Tag: 0, Actual Tag: 0
# CORRECT: Outputs are matching at Port 4
# Port 4 Checked Values:
#   Expected Data: 703, Actual Data: 703
#   Expected Response: 1, Actual Response: 1
#   Expected Tag: 0, Actual Tag: 0
# Time:               179740 Total correct outputs: 4285, Total errors detected: 1365
# Monitor -> Transaction Received Index 0 -> Cmd=1, Tag=1, R1=d, D1=a, D2=0, Data=00000000 | Port 3
# Driver -> Transaction Pushed to DUT on Port: 3
# Transaction Created -> SUB Transaction -> Cmd=2, Data=00000000, R1=5, D1=5, D2=1, Tag=2
# Monitor -> DUT Output -> PORT 3 -> Time: 179940, Tag Out: 1, Data Out: 0, Resp Out: 1
# This is the value of i:           3
#               179940 Dummy DUT Last Known Input Values: Req Tag: '{2, 0, 0, 0}, Command: '{2, 10, 10, 10}
# COMMAND SENT: 2
# Scoreboard -> Time:               179940 Data Sent to Dummy DUT -> Cmd=0010, Data=         0, R1= 5, D1= 5, D2= 1, Tag=2
# Scoreboard -> Time:               179940 Current Register Values in Dummy DUT: Command: 0010, D1 = 4294965678, D2 =          0, R1 = 4294965678, Tag: 2
# ERROR: Mismatch detected at Port 1
# Port 1 Checked Values:
#   Expected Data: 0, Actual Data: 0
#   Expected Response: 1, Actual Response: 1
#   Expected Tag: 2, Actual Tag: 1
# CORRECT: Outputs are matching at Port 2
# Port 2 Checked Values:
#   Expected Data: 703, Actual Data: 703
#   Expected Response: 1, Actual Response: 1
#   Expected Tag: 0, Actual Tag: 0
# CORRECT: Outputs are matching at Port 3
# Port 3 Checked Values:
#   Expected Data: 703, Actual Data: 703
#   Expected Response: 1, Actual Response: 1
#   Expected Tag: 0, Actual Tag: 0
# CORRECT: Outputs are matching at Port 4
# Port 4 Checked Values:
#   Expected Data: 703, Actual Data: 703
#   Expected Response: 1, Actual Response: 1
#   Expected Tag: 0, Actual Tag: 0
# Time:               179940 Total correct outputs: 4288, Total errors detected: 1366
# Monitor -> Transaction Received Index 0 -> Cmd=2, Tag=2, R1=5, D1=5, D2=1, Data=00000000 | Port 3
# Driver -> Transaction Pushed to DUT on Port: 3
# Transaction Created -> ADD Transaction -> Cmd=1, Data=00000000, R1=6, D1=0, D2=7, Tag=0
# Monitor -> DUT Output -> PORT 3 -> Time: 180140, Tag Out: 2, Data Out: 0, Resp Out: 1
# This is the value of i:           3
#               180140 Dummy DUT Last Known Input Values: Req Tag: '{0, 0, 0, 0}, Command: '{1, 10, 10, 10}
# COMMAND SENT: 1
# Scoreboard -> Time:               180140 Data Sent to Dummy DUT -> Cmd=0001, Data=         0, R1= 6, D1= 0, D2= 7, Tag=0
# Scoreboard -> Time:               180140 Current Register Values in Dummy DUT: Command: 0001, D1 = 4294965678, D2 =          0, R1 =          0, Tag: 0
# ERROR: Mismatch detected at Port 1
# Port 1 Checked Values:
#   Expected Data: 0, Actual Data: 0
#   Expected Response: 1, Actual Response: 1
#   Expected Tag: 0, Actual Tag: 2
# CORRECT: Outputs are matching at Port 2
# Port 2 Checked Values:
#   Expected Data: 703, Actual Data: 703
#   Expected Response: 1, Actual Response: 1
#   Expected Tag: 0, Actual Tag: 0
# CORRECT: Outputs are matching at Port 3
# Port 3 Checked Values:
#   Expected Data: 703, Actual Data: 703
#   Expected Response: 1, Actual Response: 1
#   Expected Tag: 0, Actual Tag: 0
# CORRECT: Outputs are matching at Port 4
# Port 4 Checked Values:
#   Expected Data: 703, Actual Data: 703
#   Expected Response: 1, Actual Response: 1
#   Expected Tag: 0, Actual Tag: 0
# Time:               180140 Total correct outputs: 4291, Total errors detected: 1367
# Monitor -> Transaction Received Index 0 -> Cmd=1, Tag=0, R1=6, D1=0, D2=7, Data=00000000 | Port 3
# Driver -> Transaction Pushed to DUT on Port: 3
# Transaction Created -> ADD Transaction -> Cmd=1, Data=00000000, R1=4, D1=b, D2=0, Tag=0
# Monitor -> DUT Output -> PORT 3 -> Time: 180340, Tag Out: 0, Data Out: 0, Resp Out: 1
# This is the value of i:           3
#               180340 Dummy DUT Last Known Input Values: Req Tag: '{0, 0, 0, 0}, Command: '{1, 10, 10, 10}
# COMMAND SENT: 1
# Scoreboard -> Time:               180340 Data Sent to Dummy DUT -> Cmd=0001, Data=         0, R1= 4, D1=11, D2= 0, Tag=0
# Scoreboard -> Time:               180340 Current Register Values in Dummy DUT: Command: 0001, D1 = 4294965678, D2 =          0, R1 = 4294965678, Tag: 0
# CORRECT: Outputs are matching at Port 1
# Port 1 Checked Values:
#   Expected Data: 0, Actual Data: 0
#   Expected Response: 1, Actual Response: 1
#   Expected Tag: 0, Actual Tag: 0
# CORRECT: Outputs are matching at Port 2
# Port 2 Checked Values:
#   Expected Data: 703, Actual Data: 703
#   Expected Response: 1, Actual Response: 1
#   Expected Tag: 0, Actual Tag: 0
# CORRECT: Outputs are matching at Port 3
# Port 3 Checked Values:
#   Expected Data: 703, Actual Data: 703
#   Expected Response: 1, Actual Response: 1
#   Expected Tag: 0, Actual Tag: 0
# CORRECT: Outputs are matching at Port 4
# Port 4 Checked Values:
#   Expected Data: 703, Actual Data: 703
#   Expected Response: 1, Actual Response: 1
#   Expected Tag: 0, Actual Tag: 0
# Time:               180340 Total correct outputs: 4295, Total errors detected: 1367
# Monitor -> Transaction Received Index 0 -> Cmd=1, Tag=0, R1=4, D1=b, D2=0, Data=00000000 | Port 3
# Driver -> Transaction Pushed to DUT on Port: 3
# Transaction Created -> SUB Transaction -> Cmd=5, Data=00000000, R1=2, D1=f, D2=2, Tag=3
# Monitor -> DUT Output -> PORT 3 -> Time: 180540, Tag Out: 0, Data Out: 0, Resp Out: 1
# This is the value of i:           3
#               180540 Dummy DUT Last Known Input Values: Req Tag: '{3, 0, 0, 0}, Command: '{5, 10, 10, 10}
# COMMAND SENT: 5
# Scoreboard -> Time:               180540 Data Sent to Dummy DUT -> Cmd=0101, Data=         0, R1= 2, D1=15, D2= 2, Tag=3
# Scoreboard -> Time:               180540 Current Register Values in Dummy DUT: Command: 0101, D1 = 4294965678, D2 =          0, R1 =          0, Tag: 3
# ERROR: Mismatch detected at Port 1
# Port 1 Checked Values:
#   Expected Data: 0, Actual Data: 0
#   Expected Response: 1, Actual Response: 1
#   Expected Tag: 3, Actual Tag: 0
# CORRECT: Outputs are matching at Port 2
# Port 2 Checked Values:
#   Expected Data: 703, Actual Data: 703
#   Expected Response: 1, Actual Response: 1
#   Expected Tag: 0, Actual Tag: 0
# CORRECT: Outputs are matching at Port 3
# Port 3 Checked Values:
#   Expected Data: 703, Actual Data: 703
#   Expected Response: 1, Actual Response: 1
#   Expected Tag: 0, Actual Tag: 0
# CORRECT: Outputs are matching at Port 4
# Port 4 Checked Values:
#   Expected Data: 703, Actual Data: 703
#   Expected Response: 1, Actual Response: 1
#   Expected Tag: 0, Actual Tag: 0
# Time:               180540 Total correct outputs: 4298, Total errors detected: 1368
# Monitor -> Transaction Received Index 0 -> Cmd=5, Tag=3, R1=2, D1=f, D2=2, Data=00000000 | Port 3
# Driver -> Transaction Pushed to DUT on Port: 3
# Transaction Created -> SUB Transaction -> Cmd=6, Data=00000000, R1=c, D1=4, D2=9, Tag=0
# Monitor -> DUT Output -> PORT 3 -> Time: 180740, Tag Out: 3, Data Out: 0, Resp Out: 1
# This is the value of i:           3
#               180740 Dummy DUT Last Known Input Values: Req Tag: '{0, 0, 0, 0}, Command: '{6, 10, 10, 10}
# COMMAND SENT: 6
# Scoreboard -> Time:               180740 Data Sent to Dummy DUT -> Cmd=0110, Data=         0, R1=12, D1= 4, D2= 9, Tag=0
# Scoreboard -> Time:               180740 Current Register Values in Dummy DUT: Command: 0110, D1 = 4294965678, D2 =          0, R1 = 4294965678, Tag: 0
# ERROR: Mismatch detected at Port 1
# Port 1 Checked Values:
#   Expected Data: 0, Actual Data: 0
#   Expected Response: 1, Actual Response: 1
#   Expected Tag: 0, Actual Tag: 3
# CORRECT: Outputs are matching at Port 2
# Port 2 Checked Values:
#   Expected Data: 703, Actual Data: 703
#   Expected Response: 1, Actual Response: 1
#   Expected Tag: 0, Actual Tag: 0
# CORRECT: Outputs are matching at Port 3
# Port 3 Checked Values:
#   Expected Data: 703, Actual Data: 703
#   Expected Response: 1, Actual Response: 1
#   Expected Tag: 0, Actual Tag: 0
# CORRECT: Outputs are matching at Port 4
# Port 4 Checked Values:
#   Expected Data: 703, Actual Data: 703
#   Expected Response: 1, Actual Response: 1
#   Expected Tag: 0, Actual Tag: 0
# Time:               180740 Total correct outputs: 4301, Total errors detected: 1369
# Monitor -> Transaction Received Index 0 -> Cmd=6, Tag=0, R1=c, D1=4, D2=9, Data=00000000 | Port 3
# Driver -> Transaction Pushed to DUT on Port: 3
# Transaction Created -> SUB Transaction -> Cmd=6, Data=00000000, R1=8, D1=b, D2=2, Tag=3
# Monitor -> DUT Output -> PORT 3 -> Time: 180940, Tag Out: 0, Data Out: 0, Resp Out: 1
# This is the value of i:           3
#               180940 Dummy DUT Last Known Input Values: Req Tag: '{3, 0, 0, 0}, Command: '{6, 10, 10, 10}
# COMMAND SENT: 6
# Scoreboard -> Time:               180940 Data Sent to Dummy DUT -> Cmd=0110, Data=         0, R1= 8, D1=11, D2= 2, Tag=3
# Scoreboard -> Time:               180940 Current Register Values in Dummy DUT: Command: 0110, D1 = 4294965678, D2 =          0, R1 = 4294965678, Tag: 3
# ERROR: Mismatch detected at Port 1
# Port 1 Checked Values:
#   Expected Data: 0, Actual Data: 0
#   Expected Response: 1, Actual Response: 1
#   Expected Tag: 3, Actual Tag: 0
# CORRECT: Outputs are matching at Port 2
# Port 2 Checked Values:
#   Expected Data: 703, Actual Data: 703
#   Expected Response: 1, Actual Response: 1
#   Expected Tag: 0, Actual Tag: 0
# CORRECT: Outputs are matching at Port 3
# Port 3 Checked Values:
#   Expected Data: 703, Actual Data: 703
#   Expected Response: 1, Actual Response: 1
#   Expected Tag: 0, Actual Tag: 0
# CORRECT: Outputs are matching at Port 4
# Port 4 Checked Values:
#   Expected Data: 703, Actual Data: 703
#   Expected Response: 1, Actual Response: 1
#   Expected Tag: 0, Actual Tag: 0
# Time:               180940 Total correct outputs: 4304, Total errors detected: 1370
# Monitor -> Transaction Received Index 0 -> Cmd=6, Tag=3, R1=8, D1=b, D2=2, Data=00000000 | Port 3
# Driver -> Transaction Pushed to DUT on Port: 3
# Transaction Created -> SUB Transaction -> Cmd=2, Data=00000000, R1=7, D1=c, D2=5, Tag=0
# Monitor -> DUT Output -> PORT 3 -> Time: 181140, Tag Out: 3, Data Out: 0, Resp Out: 1
# This is the value of i:           3
#               181140 Dummy DUT Last Known Input Values: Req Tag: '{0, 0, 0, 0}, Command: '{2, 10, 10, 10}
# COMMAND SENT: 2
# Scoreboard -> Time:               181140 Data Sent to Dummy DUT -> Cmd=0010, Data=         0, R1= 7, D1=12, D2= 5, Tag=0
# Scoreboard -> Time:               181140 Current Register Values in Dummy DUT: Command: 0010, D1 = 4294965678, D2 =          0, R1 =          0, Tag: 0
# ERROR: Mismatch detected at Port 1
# Port 1 Checked Values:
#   Expected Data: 0, Actual Data: 0
#   Expected Response: 1, Actual Response: 1
#   Expected Tag: 0, Actual Tag: 3
# CORRECT: Outputs are matching at Port 2
# Port 2 Checked Values:
#   Expected Data: 703, Actual Data: 703
#   Expected Response: 1, Actual Response: 1
#   Expected Tag: 0, Actual Tag: 0
# CORRECT: Outputs are matching at Port 3
# Port 3 Checked Values:
#   Expected Data: 703, Actual Data: 703
#   Expected Response: 1, Actual Response: 1
#   Expected Tag: 0, Actual Tag: 0
# CORRECT: Outputs are matching at Port 4
# Port 4 Checked Values:
#   Expected Data: 703, Actual Data: 703
#   Expected Response: 1, Actual Response: 1
#   Expected Tag: 0, Actual Tag: 0
# Time:               181140 Total correct outputs: 4307, Total errors detected: 1371
# Monitor -> Transaction Received Index 0 -> Cmd=2, Tag=0, R1=7, D1=c, D2=5, Data=00000000 | Port 3
# Driver -> Transaction Pushed to DUT on Port: 3
# Transaction Created -> SUB Transaction -> Cmd=6, Data=00000000, R1=8, D1=d, D2=a, Tag=2
# Monitor -> DUT Output -> PORT 3 -> Time: 181340, Tag Out: 0, Data Out: 0, Resp Out: 2
# This is the value of i:           3
#               181340 Dummy DUT Last Known Input Values: Req Tag: '{2, 0, 0, 0}, Command: '{6, 10, 10, 10}
# COMMAND SENT: 6
# Scoreboard -> Time:               181340 Data Sent to Dummy DUT -> Cmd=0110, Data=         0, R1= 8, D1=13, D2=10, Tag=2
# Scoreboard -> Time:               181340 Current Register Values in Dummy DUT: Command: 0110, D1 = 4294965678, D2 =          0, R1 =          0, Tag: 2
# ERROR: Mismatch detected at Port 1
# Port 1 Checked Values:
#   Expected Data: 0, Actual Data: 0
#   Expected Response: 1, Actual Response: 2
#   Expected Tag: 2, Actual Tag: 0
# CORRECT: Outputs are matching at Port 2
# Port 2 Checked Values:
#   Expected Data: 703, Actual Data: 703
#   Expected Response: 1, Actual Response: 1
#   Expected Tag: 0, Actual Tag: 0
# CORRECT: Outputs are matching at Port 3
# Port 3 Checked Values:
#   Expected Data: 703, Actual Data: 703
#   Expected Response: 1, Actual Response: 1
#   Expected Tag: 0, Actual Tag: 0
# CORRECT: Outputs are matching at Port 4
# Port 4 Checked Values:
#   Expected Data: 703, Actual Data: 703
#   Expected Response: 1, Actual Response: 1
#   Expected Tag: 0, Actual Tag: 0
# Time:               181340 Total correct outputs: 4310, Total errors detected: 1372
# Monitor -> Transaction Received Index 0 -> Cmd=6, Tag=2, R1=8, D1=d, D2=a, Data=00000000 | Port 3
# Driver -> Transaction Pushed to DUT on Port: 3
# Transaction Created -> SUB Transaction -> Cmd=2, Data=00000000, R1=b, D1=7, D2=e, Tag=0
# Monitor -> DUT Output -> PORT 3 -> Time: 181540, Tag Out: 2, Data Out: 0, Resp Out: 1
# This is the value of i:           3
#               181540 Dummy DUT Last Known Input Values: Req Tag: '{0, 0, 0, 0}, Command: '{2, 10, 10, 10}
# COMMAND SENT: 2
# Scoreboard -> Time:               181540 Data Sent to Dummy DUT -> Cmd=0010, Data=         0, R1=11, D1= 7, D2=14, Tag=0
# Scoreboard -> Time:               181540 Current Register Values in Dummy DUT: Command: 0010, D1 = 4294965678, D2 =          0, R1 =          0, Tag: 0
# ERROR: Mismatch detected at Port 1
# Port 1 Checked Values:
#   Expected Data: 0, Actual Data: 0
#   Expected Response: 1, Actual Response: 1
#   Expected Tag: 0, Actual Tag: 2
# CORRECT: Outputs are matching at Port 2
# Port 2 Checked Values:
#   Expected Data: 703, Actual Data: 703
#   Expected Response: 1, Actual Response: 1
#   Expected Tag: 0, Actual Tag: 0
# CORRECT: Outputs are matching at Port 3
# Port 3 Checked Values:
#   Expected Data: 703, Actual Data: 703
#   Expected Response: 1, Actual Response: 1
#   Expected Tag: 0, Actual Tag: 0
# CORRECT: Outputs are matching at Port 4
# Port 4 Checked Values:
#   Expected Data: 703, Actual Data: 703
#   Expected Response: 1, Actual Response: 1
#   Expected Tag: 0, Actual Tag: 0
# Time:               181540 Total correct outputs: 4313, Total errors detected: 1373
# Monitor -> Transaction Received Index 0 -> Cmd=2, Tag=0, R1=b, D1=7, D2=e, Data=00000000 | Port 3
# Driver -> Transaction Pushed to DUT on Port: 3
# Transaction Created -> SUB Transaction -> Cmd=6, Data=00000000, R1=8, D1=d, D2=0, Tag=0
# Monitor -> DUT Output -> PORT 3 -> Time: 181740, Tag Out: 0, Data Out: 0, Resp Out: 2
# This is the value of i:           3
#               181740 Dummy DUT Last Known Input Values: Req Tag: '{0, 0, 0, 0}, Command: '{6, 10, 10, 10}
# COMMAND SENT: 6
# Scoreboard -> Time:               181740 Data Sent to Dummy DUT -> Cmd=0110, Data=         0, R1= 8, D1=13, D2= 0, Tag=0
# Scoreboard -> Time:               181740 Current Register Values in Dummy DUT: Command: 0110, D1 = 4294965678, D2 =          0, R1 = 4294965678, Tag: 0
# ERROR: Mismatch detected at Port 1
# Port 1 Checked Values:
#   Expected Data: 0, Actual Data: 0
#   Expected Response: 1, Actual Response: 2
#   Expected Tag: 0, Actual Tag: 0
# CORRECT: Outputs are matching at Port 2
# Port 2 Checked Values:
#   Expected Data: 703, Actual Data: 703
#   Expected Response: 1, Actual Response: 1
#   Expected Tag: 0, Actual Tag: 0
# CORRECT: Outputs are matching at Port 3
# Port 3 Checked Values:
#   Expected Data: 703, Actual Data: 703
#   Expected Response: 1, Actual Response: 1
#   Expected Tag: 0, Actual Tag: 0
# CORRECT: Outputs are matching at Port 4
# Port 4 Checked Values:
#   Expected Data: 703, Actual Data: 703
#   Expected Response: 1, Actual Response: 1
#   Expected Tag: 0, Actual Tag: 0
# Time:               181740 Total correct outputs: 4316, Total errors detected: 1374
# Monitor -> Transaction Received Index 0 -> Cmd=6, Tag=0, R1=8, D1=d, D2=0, Data=00000000 | Port 3
# Driver -> Transaction Pushed to DUT on Port: 3
# Transaction Created -> SUB Transaction -> Cmd=2, Data=00000000, R1=7, D1=c, D2=5, Tag=0
# Monitor -> DUT Output -> PORT 3 -> Time: 181940, Tag Out: 0, Data Out: 0, Resp Out: 1
# This is the value of i:           4
# Driver -> Transaction Pushed to DUT on Port: 4
#               182120 Dummy DUT Last Known Input Values: Req Tag: '{0, 0, 0, 0}, Command: '{2, 10, 10, 10}
# COMMAND SENT: 2
# Scoreboard -> Time:               182120 Data Sent to Dummy DUT -> Cmd=0010, Data=         0, R1= 7, D1=12, D2= 5, Tag=0
# Scoreboard -> Time:               182120 Current Register Values in Dummy DUT: Command: 0010, D1 = 4294965678, D2 =          0, R1 =          0, Tag: 0
# ERROR: Mismatch detected at Port 1
# Port 1 Checked Values:
#   Expected Data: 0, Actual Data: 0
#   Expected Response: 1, Actual Response: 2
#   Expected Tag: 0, Actual Tag: 0
# CORRECT: Outputs are matching at Port 2
# Port 2 Checked Values:
#   Expected Data: 703, Actual Data: 703
#   Expected Response: 1, Actual Response: 1
#   Expected Tag: 0, Actual Tag: 0
# CORRECT: Outputs are matching at Port 3
# Port 3 Checked Values:
#   Expected Data: 703, Actual Data: 703
#   Expected Response: 1, Actual Response: 1
#   Expected Tag: 0, Actual Tag: 0
# CORRECT: Outputs are matching at Port 4
# Port 4 Checked Values:
#   Expected Data: 703, Actual Data: 703
#   Expected Response: 1, Actual Response: 1
#   Expected Tag: 0, Actual Tag: 0
# Time:               182120 Total correct outputs: 4319, Total errors detected: 1375
# Monitor -> Transaction Received Index 0 -> Cmd=2, Tag=0, R1=7, D1=c, D2=5, Data=00000000 | Port 4
# Transaction Created -> SUB Transaction -> Cmd=2, Data=00000000, R1=c, D1=7, D2=9, Tag=1
# Monitor -> DUT Output -> PORT 4 -> Time: 182140, Tag Out: 0, Data Out: 0, Resp Out: 2
# This is the value of i:           4
#               182140 Dummy DUT Last Known Input Values: Req Tag: '{1, 0, 0, 0}, Command: '{2, 10, 10, 10}
# COMMAND SENT: 2
# Scoreboard -> Time:               182140 Data Sent to Dummy DUT -> Cmd=0010, Data=         0, R1=12, D1= 7, D2= 9, Tag=1
# Scoreboard -> Time:               182140 Current Register Values in Dummy DUT: Command: 0010, D1 = 4294965678, D2 =          0, R1 =          0, Tag: 1
# ERROR: Mismatch detected at Port 1
# Port 1 Checked Values:
#   Expected Data: 0, Actual Data: 0
#   Expected Response: 1, Actual Response: 2
#   Expected Tag: 1, Actual Tag: 0
# CORRECT: Outputs are matching at Port 2
# Port 2 Checked Values:
#   Expected Data: 703, Actual Data: 703
#   Expected Response: 1, Actual Response: 1
#   Expected Tag: 0, Actual Tag: 0
# CORRECT: Outputs are matching at Port 3
# Port 3 Checked Values:
#   Expected Data: 703, Actual Data: 703
#   Expected Response: 1, Actual Response: 1
#   Expected Tag: 0, Actual Tag: 0
# CORRECT: Outputs are matching at Port 4
# Port 4 Checked Values:
#   Expected Data: 703, Actual Data: 703
#   Expected Response: 1, Actual Response: 1
#   Expected Tag: 0, Actual Tag: 0
# Time:               182140 Total correct outputs: 4322, Total errors detected: 1376
# Monitor -> Transaction Received Index 0 -> Cmd=2, Tag=1, R1=c, D1=7, D2=9, Data=00000000 | Port 4
# Driver -> Transaction Pushed to DUT on Port: 4
# Transaction Created -> SUB Transaction -> Cmd=6, Data=00000000, R1=3, D1=8, D2=c, Tag=3
# Monitor -> DUT Output -> PORT 4 -> Time: 182340, Tag Out: 1, Data Out: 0, Resp Out: 1
# This is the value of i:           4
#               182340 Dummy DUT Last Known Input Values: Req Tag: '{3, 0, 0, 0}, Command: '{6, 10, 10, 10}
# COMMAND SENT: 6
# Scoreboard -> Time:               182340 Data Sent to Dummy DUT -> Cmd=0110, Data=         0, R1= 3, D1= 8, D2=12, Tag=3
# Scoreboard -> Time:               182340 Current Register Values in Dummy DUT: Command: 0110, D1 = 4294965678, D2 =          0, R1 = 4294965678, Tag: 3
# ERROR: Mismatch detected at Port 1
# Port 1 Checked Values:
#   Expected Data: 0, Actual Data: 0
#   Expected Response: 1, Actual Response: 1
#   Expected Tag: 3, Actual Tag: 1
# CORRECT: Outputs are matching at Port 2
# Port 2 Checked Values:
#   Expected Data: 703, Actual Data: 703
#   Expected Response: 1, Actual Response: 1
#   Expected Tag: 0, Actual Tag: 0
# CORRECT: Outputs are matching at Port 3
# Port 3 Checked Values:
#   Expected Data: 703, Actual Data: 703
#   Expected Response: 1, Actual Response: 1
#   Expected Tag: 0, Actual Tag: 0
# CORRECT: Outputs are matching at Port 4
# Port 4 Checked Values:
#   Expected Data: 703, Actual Data: 703
#   Expected Response: 1, Actual Response: 1
#   Expected Tag: 0, Actual Tag: 0
# Time:               182340 Total correct outputs: 4325, Total errors detected: 1377
# Monitor -> Transaction Received Index 0 -> Cmd=6, Tag=3, R1=3, D1=8, D2=c, Data=00000000 | Port 4
# Driver -> Transaction Pushed to DUT on Port: 4
# Transaction Created -> SUB Transaction -> Cmd=5, Data=00000000, R1=4, D1=b, D2=7, Tag=0
# Monitor -> DUT Output -> PORT 4 -> Time: 182540, Tag Out: 3, Data Out: 0, Resp Out: 1
# This is the value of i:           4
#               182540 Dummy DUT Last Known Input Values: Req Tag: '{0, 0, 0, 0}, Command: '{5, 10, 10, 10}
# COMMAND SENT: 5
# Scoreboard -> Time:               182540 Data Sent to Dummy DUT -> Cmd=0101, Data=         0, R1= 4, D1=11, D2= 7, Tag=0
# Scoreboard -> Time:               182540 Current Register Values in Dummy DUT: Command: 0101, D1 = 4294965678, D2 =          0, R1 =          0, Tag: 0
# ERROR: Mismatch detected at Port 1
# Port 1 Checked Values:
#   Expected Data: 0, Actual Data: 0
#   Expected Response: 1, Actual Response: 1
#   Expected Tag: 0, Actual Tag: 3
# CORRECT: Outputs are matching at Port 2
# Port 2 Checked Values:
#   Expected Data: 703, Actual Data: 703
#   Expected Response: 1, Actual Response: 1
#   Expected Tag: 0, Actual Tag: 0
# CORRECT: Outputs are matching at Port 3
# Port 3 Checked Values:
#   Expected Data: 703, Actual Data: 703
#   Expected Response: 1, Actual Response: 1
#   Expected Tag: 0, Actual Tag: 0
# CORRECT: Outputs are matching at Port 4
# Port 4 Checked Values:
#   Expected Data: 703, Actual Data: 703
#   Expected Response: 1, Actual Response: 1
#   Expected Tag: 0, Actual Tag: 0
# Time:               182540 Total correct outputs: 4328, Total errors detected: 1378
# Monitor -> Transaction Received Index 0 -> Cmd=5, Tag=0, R1=4, D1=b, D2=7, Data=00000000 | Port 4
# Driver -> Transaction Pushed to DUT on Port: 4
# Transaction Created -> SUB Transaction -> Cmd=6, Data=00000000, R1=8, D1=6, D2=c, Tag=1
# Monitor -> DUT Output -> PORT 4 -> Time: 182740, Tag Out: 0, Data Out: 0, Resp Out: 1
# This is the value of i:           4
#               182740 Dummy DUT Last Known Input Values: Req Tag: '{1, 0, 0, 0}, Command: '{6, 10, 10, 10}
# COMMAND SENT: 6
# Scoreboard -> Time:               182740 Data Sent to Dummy DUT -> Cmd=0110, Data=         0, R1= 8, D1= 6, D2=12, Tag=1
# Scoreboard -> Time:               182740 Current Register Values in Dummy DUT: Command: 0110, D1 = 4294965678, D2 =          0, R1 =          0, Tag: 1
# ERROR: Mismatch detected at Port 1
# Port 1 Checked Values:
#   Expected Data: 0, Actual Data: 0
#   Expected Response: 1, Actual Response: 1
#   Expected Tag: 1, Actual Tag: 0
# CORRECT: Outputs are matching at Port 2
# Port 2 Checked Values:
#   Expected Data: 703, Actual Data: 703
#   Expected Response: 1, Actual Response: 1
#   Expected Tag: 0, Actual Tag: 0
# CORRECT: Outputs are matching at Port 3
# Port 3 Checked Values:
#   Expected Data: 703, Actual Data: 703
#   Expected Response: 1, Actual Response: 1
#   Expected Tag: 0, Actual Tag: 0
# CORRECT: Outputs are matching at Port 4
# Port 4 Checked Values:
#   Expected Data: 703, Actual Data: 703
#   Expected Response: 1, Actual Response: 1
#   Expected Tag: 0, Actual Tag: 0
# Time:               182740 Total correct outputs: 4331, Total errors detected: 1379
# Monitor -> Transaction Received Index 0 -> Cmd=6, Tag=1, R1=8, D1=6, D2=c, Data=00000000 | Port 4
# Driver -> Transaction Pushed to DUT on Port: 4
# Transaction Created -> SUB Transaction -> Cmd=2, Data=00000000, R1=f, D1=b, D2=9, Tag=0
# Monitor -> DUT Output -> PORT 4 -> Time: 182940, Tag Out: 1, Data Out: 0, Resp Out: 1
# This is the value of i:           4
#               182940 Dummy DUT Last Known Input Values: Req Tag: '{0, 0, 0, 0}, Command: '{2, 10, 10, 10}
# COMMAND SENT: 2
# Scoreboard -> Time:               182940 Data Sent to Dummy DUT -> Cmd=0010, Data=         0, R1=15, D1=11, D2= 9, Tag=0
# Scoreboard -> Time:               182940 Current Register Values in Dummy DUT: Command: 0010, D1 = 4294965678, D2 =          0, R1 =          0, Tag: 0
# ERROR: Mismatch detected at Port 1
# Port 1 Checked Values:
#   Expected Data: 0, Actual Data: 0
#   Expected Response: 1, Actual Response: 1
#   Expected Tag: 0, Actual Tag: 1
# CORRECT: Outputs are matching at Port 2
# Port 2 Checked Values:
#   Expected Data: 703, Actual Data: 703
#   Expected Response: 1, Actual Response: 1
#   Expected Tag: 0, Actual Tag: 0
# CORRECT: Outputs are matching at Port 3
# Port 3 Checked Values:
#   Expected Data: 703, Actual Data: 703
#   Expected Response: 1, Actual Response: 1
#   Expected Tag: 0, Actual Tag: 0
# CORRECT: Outputs are matching at Port 4
# Port 4 Checked Values:
#   Expected Data: 703, Actual Data: 703
#   Expected Response: 1, Actual Response: 1
#   Expected Tag: 0, Actual Tag: 0
# Time:               182940 Total correct outputs: 4334, Total errors detected: 1380
# Monitor -> Transaction Received Index 0 -> Cmd=2, Tag=0, R1=f, D1=b, D2=9, Data=00000000 | Port 4
# Driver -> Transaction Pushed to DUT on Port: 4
# Transaction Created -> SUB Transaction -> Cmd=5, Data=00000000, R1=6, D1=7, D2=f, Tag=1
# Monitor -> DUT Output -> PORT 4 -> Time: 183140, Tag Out: 0, Data Out: 0, Resp Out: 1
# This is the value of i:           4
#               183140 Dummy DUT Last Known Input Values: Req Tag: '{1, 0, 0, 0}, Command: '{5, 10, 10, 10}
# COMMAND SENT: 5
# Scoreboard -> Time:               183140 Data Sent to Dummy DUT -> Cmd=0101, Data=         0, R1= 6, D1= 7, D2=15, Tag=1
# Scoreboard -> Time:               183140 Current Register Values in Dummy DUT: Command: 0101, D1 = 4294965678, D2 =          0, R1 =          0, Tag: 1
# ERROR: Mismatch detected at Port 1
# Port 1 Checked Values:
#   Expected Data: 0, Actual Data: 0
#   Expected Response: 1, Actual Response: 1
#   Expected Tag: 1, Actual Tag: 0
# CORRECT: Outputs are matching at Port 2
# Port 2 Checked Values:
#   Expected Data: 703, Actual Data: 703
#   Expected Response: 1, Actual Response: 1
#   Expected Tag: 0, Actual Tag: 0
# CORRECT: Outputs are matching at Port 3
# Port 3 Checked Values:
#   Expected Data: 703, Actual Data: 703
#   Expected Response: 1, Actual Response: 1
#   Expected Tag: 0, Actual Tag: 0
# CORRECT: Outputs are matching at Port 4
# Port 4 Checked Values:
#   Expected Data: 703, Actual Data: 703
#   Expected Response: 1, Actual Response: 1
#   Expected Tag: 0, Actual Tag: 0
# Time:               183140 Total correct outputs: 4337, Total errors detected: 1381
# Monitor -> Transaction Received Index 0 -> Cmd=5, Tag=1, R1=6, D1=7, D2=f, Data=00000000 | Port 4
# Driver -> Transaction Pushed to DUT on Port: 4
# Transaction Created -> SUB Transaction -> Cmd=2, Data=00000000, R1=9, D1=5, D2=7, Tag=1
# Monitor -> DUT Output -> PORT 4 -> Time: 183340, Tag Out: 1, Data Out: 0, Resp Out: 1
# This is the value of i:           4
#               183340 Dummy DUT Last Known Input Values: Req Tag: '{1, 0, 0, 0}, Command: '{2, 10, 10, 10}
# COMMAND SENT: 2
# Scoreboard -> Time:               183340 Data Sent to Dummy DUT -> Cmd=0010, Data=         0, R1= 9, D1= 5, D2= 7, Tag=1
# Scoreboard -> Time:               183340 Current Register Values in Dummy DUT: Command: 0010, D1 = 4294965678, D2 =          0, R1 = 4294965678, Tag: 1
# CORRECT: Outputs are matching at Port 1
# Port 1 Checked Values:
#   Expected Data: 0, Actual Data: 0
#   Expected Response: 1, Actual Response: 1
#   Expected Tag: 1, Actual Tag: 1
# CORRECT: Outputs are matching at Port 2
# Port 2 Checked Values:
#   Expected Data: 703, Actual Data: 703
#   Expected Response: 1, Actual Response: 1
#   Expected Tag: 0, Actual Tag: 0
# CORRECT: Outputs are matching at Port 3
# Port 3 Checked Values:
#   Expected Data: 703, Actual Data: 703
#   Expected Response: 1, Actual Response: 1
#   Expected Tag: 0, Actual Tag: 0
# CORRECT: Outputs are matching at Port 4
# Port 4 Checked Values:
#   Expected Data: 703, Actual Data: 703
#   Expected Response: 1, Actual Response: 1
#   Expected Tag: 0, Actual Tag: 0
# Time:               183340 Total correct outputs: 4341, Total errors detected: 1381
# Monitor -> Transaction Received Index 0 -> Cmd=2, Tag=1, R1=9, D1=5, D2=7, Data=00000000 | Port 4
# Driver -> Transaction Pushed to DUT on Port: 4
# Transaction Created -> SUB Transaction -> Cmd=2, Data=00000000, R1=9, D1=e, D2=3, Tag=2
# Monitor -> DUT Output -> PORT 4 -> Time: 183540, Tag Out: 1, Data Out: 0, Resp Out: 1
# This is the value of i:           4
#               183540 Dummy DUT Last Known Input Values: Req Tag: '{2, 0, 0, 0}, Command: '{2, 10, 10, 10}
# COMMAND SENT: 2
# Scoreboard -> Time:               183540 Data Sent to Dummy DUT -> Cmd=0010, Data=         0, R1= 9, D1=14, D2= 3, Tag=2
# Scoreboard -> Time:               183540 Current Register Values in Dummy DUT: Command: 0010, D1 = 4294965678, D2 =          0, R1 =       1618, Tag: 2
# ERROR: Mismatch detected at Port 1
# Port 1 Checked Values:
#   Expected Data: 0, Actual Data: 0
#   Expected Response: 1, Actual Response: 1
#   Expected Tag: 2, Actual Tag: 1
# CORRECT: Outputs are matching at Port 2
# Port 2 Checked Values:
#   Expected Data: 703, Actual Data: 703
#   Expected Response: 1, Actual Response: 1
#   Expected Tag: 0, Actual Tag: 0
# CORRECT: Outputs are matching at Port 3
# Port 3 Checked Values:
#   Expected Data: 703, Actual Data: 703
#   Expected Response: 1, Actual Response: 1
#   Expected Tag: 0, Actual Tag: 0
# CORRECT: Outputs are matching at Port 4
# Port 4 Checked Values:
#   Expected Data: 703, Actual Data: 703
#   Expected Response: 1, Actual Response: 1
#   Expected Tag: 0, Actual Tag: 0
# Time:               183540 Total correct outputs: 4344, Total errors detected: 1382
# Monitor -> Transaction Received Index 0 -> Cmd=2, Tag=2, R1=9, D1=e, D2=3, Data=00000000 | Port 4
# Driver -> Transaction Pushed to DUT on Port: 4
# Transaction Created -> SUB Transaction -> Cmd=2, Data=00000000, R1=f, D1=3, D2=7, Tag=2
# Monitor -> DUT Output -> PORT 4 -> Time: 183740, Tag Out: 2, Data Out: 0, Resp Out: 1
# This is the value of i:           4
#               183740 Dummy DUT Last Known Input Values: Req Tag: '{2, 0, 0, 0}, Command: '{2, 10, 10, 10}
# COMMAND SENT: 2
# Scoreboard -> Time:               183740 Data Sent to Dummy DUT -> Cmd=0010, Data=         0, R1=15, D1= 3, D2= 7, Tag=2
# Scoreboard -> Time:               183740 Current Register Values in Dummy DUT: Command: 0010, D1 = 4294965678, D2 =          0, R1 = 4294965678, Tag: 2
# CORRECT: Outputs are matching at Port 1
# Port 1 Checked Values:
#   Expected Data: 0, Actual Data: 0
#   Expected Response: 1, Actual Response: 1
#   Expected Tag: 2, Actual Tag: 2
# CORRECT: Outputs are matching at Port 2
# Port 2 Checked Values:
#   Expected Data: 703, Actual Data: 703
#   Expected Response: 1, Actual Response: 1
#   Expected Tag: 0, Actual Tag: 0
# CORRECT: Outputs are matching at Port 3
# Port 3 Checked Values:
#   Expected Data: 703, Actual Data: 703
#   Expected Response: 1, Actual Response: 1
#   Expected Tag: 0, Actual Tag: 0
# CORRECT: Outputs are matching at Port 4
# Port 4 Checked Values:
#   Expected Data: 703, Actual Data: 703
#   Expected Response: 1, Actual Response: 1
#   Expected Tag: 0, Actual Tag: 0
# Time:               183740 Total correct outputs: 4348, Total errors detected: 1382
# Monitor -> Transaction Received Index 0 -> Cmd=2, Tag=2, R1=f, D1=3, D2=7, Data=00000000 | Port 4
# Driver -> Transaction Pushed to DUT on Port: 4
# Transaction Created -> SUB Transaction -> Cmd=2, Data=00000000, R1=2, D1=d, D2=2, Tag=3
# Monitor -> DUT Output -> PORT 4 -> Time: 183940, Tag Out: 2, Data Out: 0, Resp Out: 2
# This is the value of i:           4
#               183940 Dummy DUT Last Known Input Values: Req Tag: '{3, 0, 0, 0}, Command: '{2, 10, 10, 10}
# COMMAND SENT: 2
# Scoreboard -> Time:               183940 Data Sent to Dummy DUT -> Cmd=0010, Data=         0, R1= 2, D1=13, D2= 2, Tag=3
# Scoreboard -> Time:               183940 Current Register Values in Dummy DUT: Command: 0010, D1 = 4294965678, D2 =          0, R1 = 4294965678, Tag: 3
# ERROR: Mismatch detected at Port 1
# Port 1 Checked Values:
#   Expected Data: 0, Actual Data: 0
#   Expected Response: 1, Actual Response: 2
#   Expected Tag: 3, Actual Tag: 2
# CORRECT: Outputs are matching at Port 2
# Port 2 Checked Values:
#   Expected Data: 703, Actual Data: 703
#   Expected Response: 1, Actual Response: 1
#   Expected Tag: 0, Actual Tag: 0
# CORRECT: Outputs are matching at Port 3
# Port 3 Checked Values:
#   Expected Data: 703, Actual Data: 703
#   Expected Response: 1, Actual Response: 1
#   Expected Tag: 0, Actual Tag: 0
# CORRECT: Outputs are matching at Port 4
# Port 4 Checked Values:
#   Expected Data: 703, Actual Data: 703
#   Expected Response: 1, Actual Response: 1
#   Expected Tag: 0, Actual Tag: 0
# Time:               183940 Total correct outputs: 4351, Total errors detected: 1383
# Monitor -> Transaction Received Index 0 -> Cmd=2, Tag=3, R1=2, D1=d, D2=2, Data=00000000 | Port 4
# Driver -> Transaction Pushed to DUT on Port: 4
# Transaction Created -> ADD Transaction -> Cmd=1, Data=00000000, R1=4, D1=2, D2=6, Tag=0
# Monitor -> DUT Output -> PORT 4 -> Time: 184140, Tag Out: 3, Data Out: 0, Resp Out: 1
# This is the value of i:           4
#               184140 Dummy DUT Last Known Input Values: Req Tag: '{0, 0, 0, 0}, Command: '{1, 10, 10, 10}
# COMMAND SENT: 1
# Scoreboard -> Time:               184140 Data Sent to Dummy DUT -> Cmd=0001, Data=         0, R1= 4, D1= 2, D2= 6, Tag=0
# Scoreboard -> Time:               184140 Current Register Values in Dummy DUT: Command: 0001, D1 = 4294965678, D2 =          0, R1 = 4294965678, Tag: 0
# ERROR: Mismatch detected at Port 1
# Port 1 Checked Values:
#   Expected Data: 0, Actual Data: 0
#   Expected Response: 1, Actual Response: 1
#   Expected Tag: 0, Actual Tag: 3
# CORRECT: Outputs are matching at Port 2
# Port 2 Checked Values:
#   Expected Data: 703, Actual Data: 703
#   Expected Response: 1, Actual Response: 1
#   Expected Tag: 0, Actual Tag: 0
# CORRECT: Outputs are matching at Port 3
# Port 3 Checked Values:
#   Expected Data: 703, Actual Data: 703
#   Expected Response: 1, Actual Response: 1
#   Expected Tag: 0, Actual Tag: 0
# CORRECT: Outputs are matching at Port 4
# Port 4 Checked Values:
#   Expected Data: 703, Actual Data: 703
#   Expected Response: 1, Actual Response: 1
#   Expected Tag: 0, Actual Tag: 0
# Time:               184140 Total correct outputs: 4354, Total errors detected: 1384
# Monitor -> Transaction Received Index 0 -> Cmd=1, Tag=0, R1=4, D1=2, D2=6, Data=00000000 | Port 4
# Driver -> Transaction Pushed to DUT on Port: 4
# Transaction Created -> SUB Transaction -> Cmd=6, Data=00000000, R1=7, D1=c, D2=a, Tag=0
# Monitor -> DUT Output -> PORT 4 -> Time: 184340, Tag Out: 0, Data Out: 0, Resp Out: 1
# This is the value of i:           4
#               184340 Dummy DUT Last Known Input Values: Req Tag: '{0, 0, 0, 0}, Command: '{6, 10, 10, 10}
# COMMAND SENT: 6
# Scoreboard -> Time:               184340 Data Sent to Dummy DUT -> Cmd=0110, Data=         0, R1= 7, D1=12, D2=10, Tag=0
# Scoreboard -> Time:               184340 Current Register Values in Dummy DUT: Command: 0110, D1 = 4294965678, D2 =          0, R1 =          0, Tag: 0
# CORRECT: Outputs are matching at Port 1
# Port 1 Checked Values:
#   Expected Data: 0, Actual Data: 0
#   Expected Response: 1, Actual Response: 1
#   Expected Tag: 0, Actual Tag: 0
# CORRECT: Outputs are matching at Port 2
# Port 2 Checked Values:
#   Expected Data: 703, Actual Data: 703
#   Expected Response: 1, Actual Response: 1
#   Expected Tag: 0, Actual Tag: 0
# CORRECT: Outputs are matching at Port 3
# Port 3 Checked Values:
#   Expected Data: 703, Actual Data: 703
#   Expected Response: 1, Actual Response: 1
#   Expected Tag: 0, Actual Tag: 0
# CORRECT: Outputs are matching at Port 4
# Port 4 Checked Values:
#   Expected Data: 703, Actual Data: 703
#   Expected Response: 1, Actual Response: 1
#   Expected Tag: 0, Actual Tag: 0
# Time:               184340 Total correct outputs: 4358, Total errors detected: 1384
# Monitor -> Transaction Received Index 0 -> Cmd=6, Tag=0, R1=7, D1=c, D2=a, Data=00000000 | Port 4
# Driver -> Transaction Pushed to DUT on Port: 4
# Transaction Created -> SUB Transaction -> Cmd=2, Data=00000000, R1=a, D1=d, D2=8, Tag=1
# Monitor -> DUT Output -> PORT 4 -> Time: 184540, Tag Out: 0, Data Out: 0, Resp Out: 1
# This is the value of i:           4
#               184540 Dummy DUT Last Known Input Values: Req Tag: '{1, 0, 0, 0}, Command: '{2, 10, 10, 10}
# COMMAND SENT: 2
# Scoreboard -> Time:               184540 Data Sent to Dummy DUT -> Cmd=0010, Data=         0, R1=10, D1=13, D2= 8, Tag=1
# Scoreboard -> Time:               184540 Current Register Values in Dummy DUT: Command: 0010, D1 = 4294965678, D2 =          0, R1 = 4294965678, Tag: 1
# ERROR: Mismatch detected at Port 1
# Port 1 Checked Values:
#   Expected Data: 0, Actual Data: 0
#   Expected Response: 1, Actual Response: 1
#   Expected Tag: 1, Actual Tag: 0
# CORRECT: Outputs are matching at Port 2
# Port 2 Checked Values:
#   Expected Data: 703, Actual Data: 703
#   Expected Response: 1, Actual Response: 1
#   Expected Tag: 0, Actual Tag: 0
# CORRECT: Outputs are matching at Port 3
# Port 3 Checked Values:
#   Expected Data: 703, Actual Data: 703
#   Expected Response: 1, Actual Response: 1
#   Expected Tag: 0, Actual Tag: 0
# CORRECT: Outputs are matching at Port 4
# Port 4 Checked Values:
#   Expected Data: 703, Actual Data: 703
#   Expected Response: 1, Actual Response: 1
#   Expected Tag: 0, Actual Tag: 0
# Time:               184540 Total correct outputs: 4361, Total errors detected: 1385
# Monitor -> Transaction Received Index 0 -> Cmd=2, Tag=1, R1=a, D1=d, D2=8, Data=00000000 | Port 4
# Driver -> Transaction Pushed to DUT on Port: 4
# Transaction Created -> SUB Transaction -> Cmd=2, Data=00000000, R1=c, D1=6, D2=8, Tag=1
# Monitor -> DUT Output -> PORT 4 -> Time: 184740, Tag Out: 1, Data Out: 0, Resp Out: 1
# This is the value of i:           4
#               184740 Dummy DUT Last Known Input Values: Req Tag: '{1, 0, 0, 0}, Command: '{2, 10, 10, 10}
# COMMAND SENT: 2
# Scoreboard -> Time:               184740 Data Sent to Dummy DUT -> Cmd=0010, Data=         0, R1=12, D1= 6, D2= 8, Tag=1
# Scoreboard -> Time:               184740 Current Register Values in Dummy DUT: Command: 0010, D1 = 4294965678, D2 =          0, R1 =          0, Tag: 1
# CORRECT: Outputs are matching at Port 1
# Port 1 Checked Values:
#   Expected Data: 0, Actual Data: 0
#   Expected Response: 1, Actual Response: 1
#   Expected Tag: 1, Actual Tag: 1
# CORRECT: Outputs are matching at Port 2
# Port 2 Checked Values:
#   Expected Data: 703, Actual Data: 703
#   Expected Response: 1, Actual Response: 1
#   Expected Tag: 0, Actual Tag: 0
# CORRECT: Outputs are matching at Port 3
# Port 3 Checked Values:
#   Expected Data: 703, Actual Data: 703
#   Expected Response: 1, Actual Response: 1
#   Expected Tag: 0, Actual Tag: 0
# CORRECT: Outputs are matching at Port 4
# Port 4 Checked Values:
#   Expected Data: 703, Actual Data: 703
#   Expected Response: 1, Actual Response: 1
#   Expected Tag: 0, Actual Tag: 0
# Time:               184740 Total correct outputs: 4365, Total errors detected: 1385
# Monitor -> Transaction Received Index 0 -> Cmd=2, Tag=1, R1=c, D1=6, D2=8, Data=00000000 | Port 4
# Driver -> Transaction Pushed to DUT on Port: 4
# Transaction Created -> SUB Transaction -> Cmd=2, Data=00000000, R1=c, D1=a, D2=c, Tag=3
# Monitor -> DUT Output -> PORT 4 -> Time: 184940, Tag Out: 1, Data Out: 0, Resp Out: 1
# This is the value of i:           4
#               184940 Dummy DUT Last Known Input Values: Req Tag: '{3, 0, 0, 0}, Command: '{2, 10, 10, 10}
# COMMAND SENT: 2
# Scoreboard -> Time:               184940 Data Sent to Dummy DUT -> Cmd=0010, Data=         0, R1=12, D1=10, D2=12, Tag=3
# Scoreboard -> Time:               184940 Current Register Values in Dummy DUT: Command: 0010, D1 = 4294965678, D2 =          0, R1 = 4294965678, Tag: 3
# ERROR: Mismatch detected at Port 1
# Port 1 Checked Values:
#   Expected Data: 0, Actual Data: 0
#   Expected Response: 1, Actual Response: 1
#   Expected Tag: 3, Actual Tag: 1
# CORRECT: Outputs are matching at Port 2
# Port 2 Checked Values:
#   Expected Data: 703, Actual Data: 703
#   Expected Response: 1, Actual Response: 1
#   Expected Tag: 0, Actual Tag: 0
# CORRECT: Outputs are matching at Port 3
# Port 3 Checked Values:
#   Expected Data: 703, Actual Data: 703
#   Expected Response: 1, Actual Response: 1
#   Expected Tag: 0, Actual Tag: 0
# CORRECT: Outputs are matching at Port 4
# Port 4 Checked Values:
#   Expected Data: 703, Actual Data: 703
#   Expected Response: 1, Actual Response: 1
#   Expected Tag: 0, Actual Tag: 0
# Time:               184940 Total correct outputs: 4368, Total errors detected: 1386
# Monitor -> Transaction Received Index 0 -> Cmd=2, Tag=3, R1=c, D1=a, D2=c, Data=00000000 | Port 4
# Driver -> Transaction Pushed to DUT on Port: 4
# Transaction Created -> ADD Transaction -> Cmd=1, Data=00000000, R1=7, D1=f, D2=3, Tag=2
# Monitor -> DUT Output -> PORT 4 -> Time: 185140, Tag Out: 3, Data Out: 0, Resp Out: 2
# This is the value of i:           4
#               185140 Dummy DUT Last Known Input Values: Req Tag: '{2, 0, 0, 0}, Command: '{1, 10, 10, 10}
# COMMAND SENT: 1
# Scoreboard -> Time:               185140 Data Sent to Dummy DUT -> Cmd=0001, Data=         0, R1= 7, D1=15, D2= 3, Tag=2
# Scoreboard -> Time:               185140 Current Register Values in Dummy DUT: Command: 0001, D1 = 4294965678, D2 =          0, R1 = 4294964060, Tag: 2
# ERROR: Mismatch detected at Port 1
# Port 1 Checked Values:
#   Expected Data: 0, Actual Data: 0
#   Expected Response: 1, Actual Response: 2
#   Expected Tag: 2, Actual Tag: 3
# CORRECT: Outputs are matching at Port 2
# Port 2 Checked Values:
#   Expected Data: 703, Actual Data: 703
#   Expected Response: 1, Actual Response: 1
#   Expected Tag: 0, Actual Tag: 0
# CORRECT: Outputs are matching at Port 3
# Port 3 Checked Values:
#   Expected Data: 703, Actual Data: 703
#   Expected Response: 1, Actual Response: 1
#   Expected Tag: 0, Actual Tag: 0
# CORRECT: Outputs are matching at Port 4
# Port 4 Checked Values:
#   Expected Data: 703, Actual Data: 703
#   Expected Response: 1, Actual Response: 1
#   Expected Tag: 0, Actual Tag: 0
# Time:               185140 Total correct outputs: 4371, Total errors detected: 1387
# Monitor -> Transaction Received Index 0 -> Cmd=1, Tag=2, R1=7, D1=f, D2=3, Data=00000000 | Port 4
# Driver -> Transaction Pushed to DUT on Port: 4
# Transaction Created -> SUB Transaction -> Cmd=6, Data=00000000, R1=0, D1=d, D2=c, Tag=1
# Monitor -> DUT Output -> PORT 4 -> Time: 185340, Tag Out: 2, Data Out: 0, Resp Out: 1
# This is the value of i:           4
#               185340 Dummy DUT Last Known Input Values: Req Tag: '{1, 0, 0, 0}, Command: '{6, 10, 10, 10}
# COMMAND SENT: 6
# Scoreboard -> Time:               185340 Data Sent to Dummy DUT -> Cmd=0110, Data=         0, R1= 0, D1=13, D2=12, Tag=1
# Scoreboard -> Time:               185340 Current Register Values in Dummy DUT: Command: 0110, D1 = 4294965678, D2 =          0, R1 =          0, Tag: 1
# ERROR: Mismatch detected at Port 1
# Port 1 Checked Values:
#   Expected Data: 0, Actual Data: 0
#   Expected Response: 1, Actual Response: 1
#   Expected Tag: 1, Actual Tag: 2
# CORRECT: Outputs are matching at Port 2
# Port 2 Checked Values:
#   Expected Data: 703, Actual Data: 703
#   Expected Response: 1, Actual Response: 1
#   Expected Tag: 0, Actual Tag: 0
# CORRECT: Outputs are matching at Port 3
# Port 3 Checked Values:
#   Expected Data: 703, Actual Data: 703
#   Expected Response: 1, Actual Response: 1
#   Expected Tag: 0, Actual Tag: 0
# CORRECT: Outputs are matching at Port 4
# Port 4 Checked Values:
#   Expected Data: 703, Actual Data: 703
#   Expected Response: 1, Actual Response: 1
#   Expected Tag: 0, Actual Tag: 0
# Time:               185340 Total correct outputs: 4374, Total errors detected: 1388
# Monitor -> Transaction Received Index 0 -> Cmd=6, Tag=1, R1=0, D1=d, D2=c, Data=00000000 | Port 4
# Driver -> Transaction Pushed to DUT on Port: 4
# Transaction Created -> ADD Transaction -> Cmd=1, Data=00000000, R1=6, D1=4, D2=6, Tag=3
# Monitor -> DUT Output -> PORT 4 -> Time: 185540, Tag Out: 1, Data Out: 0, Resp Out: 1
# This is the value of i:           4
#               185540 Dummy DUT Last Known Input Values: Req Tag: '{3, 0, 0, 0}, Command: '{1, 10, 10, 10}
# COMMAND SENT: 1
# Scoreboard -> Time:               185540 Data Sent to Dummy DUT -> Cmd=0001, Data=         0, R1= 6, D1= 4, D2= 6, Tag=3
# Scoreboard -> Time:               185540 Current Register Values in Dummy DUT: Command: 0001, D1 = 4294965678, D2 =          0, R1 = 4294965678, Tag: 3
# ERROR: Mismatch detected at Port 1
# Port 1 Checked Values:
#   Expected Data: 0, Actual Data: 0
#   Expected Response: 1, Actual Response: 1
#   Expected Tag: 3, Actual Tag: 1
# CORRECT: Outputs are matching at Port 2
# Port 2 Checked Values:
#   Expected Data: 703, Actual Data: 703
#   Expected Response: 1, Actual Response: 1
#   Expected Tag: 0, Actual Tag: 0
# CORRECT: Outputs are matching at Port 3
# Port 3 Checked Values:
#   Expected Data: 703, Actual Data: 703
#   Expected Response: 1, Actual Response: 1
#   Expected Tag: 0, Actual Tag: 0
# CORRECT: Outputs are matching at Port 4
# Port 4 Checked Values:
#   Expected Data: 703, Actual Data: 703
#   Expected Response: 1, Actual Response: 1
#   Expected Tag: 0, Actual Tag: 0
# Time:               185540 Total correct outputs: 4377, Total errors detected: 1389
# Monitor -> Transaction Received Index 0 -> Cmd=1, Tag=3, R1=6, D1=4, D2=6, Data=00000000 | Port 4
# Driver -> Transaction Pushed to DUT on Port: 4
# Transaction Created -> ADD Transaction -> Cmd=1, Data=00000000, R1=8, D1=b, D2=7, Tag=1
# Monitor -> DUT Output -> PORT 4 -> Time: 185740, Tag Out: 3, Data Out: 0, Resp Out: 2
# This is the value of i:           4
#               185740 Dummy DUT Last Known Input Values: Req Tag: '{1, 0, 0, 0}, Command: '{1, 10, 10, 10}
# COMMAND SENT: 1
# Scoreboard -> Time:               185740 Data Sent to Dummy DUT -> Cmd=0001, Data=         0, R1= 8, D1=11, D2= 7, Tag=1
# Scoreboard -> Time:               185740 Current Register Values in Dummy DUT: Command: 0001, D1 = 4294965678, D2 =          0, R1 = 4294964060, Tag: 1
# ERROR: Mismatch detected at Port 1
# Port 1 Checked Values:
#   Expected Data: 0, Actual Data: 0
#   Expected Response: 1, Actual Response: 2
#   Expected Tag: 1, Actual Tag: 3
# CORRECT: Outputs are matching at Port 2
# Port 2 Checked Values:
#   Expected Data: 703, Actual Data: 703
#   Expected Response: 1, Actual Response: 1
#   Expected Tag: 0, Actual Tag: 0
# CORRECT: Outputs are matching at Port 3
# Port 3 Checked Values:
#   Expected Data: 703, Actual Data: 703
#   Expected Response: 1, Actual Response: 1
#   Expected Tag: 0, Actual Tag: 0
# CORRECT: Outputs are matching at Port 4
# Port 4 Checked Values:
#   Expected Data: 703, Actual Data: 703
#   Expected Response: 1, Actual Response: 1
#   Expected Tag: 0, Actual Tag: 0
# Time:               185740 Total correct outputs: 4380, Total errors detected: 1390
# Monitor -> Transaction Received Index 0 -> Cmd=1, Tag=1, R1=8, D1=b, D2=7, Data=00000000 | Port 4
# Driver -> Transaction Pushed to DUT on Port: 4
# Transaction Created -> SUB Transaction -> Cmd=6, Data=00000000, R1=b, D1=e, D2=3, Tag=0
# Monitor -> DUT Output -> PORT 4 -> Time: 185940, Tag Out: 1, Data Out: 0, Resp Out: 2
# This is the value of i:           4
#               185940 Dummy DUT Last Known Input Values: Req Tag: '{0, 0, 0, 0}, Command: '{6, 10, 10, 10}
# COMMAND SENT: 6
# Scoreboard -> Time:               185940 Data Sent to Dummy DUT -> Cmd=0110, Data=         0, R1=11, D1=14, D2= 3, Tag=0
# Scoreboard -> Time:               185940 Current Register Values in Dummy DUT: Command: 0110, D1 = 4294965678, D2 =          0, R1 =          0, Tag: 0
# ERROR: Mismatch detected at Port 1
# Port 1 Checked Values:
#   Expected Data: 0, Actual Data: 0
#   Expected Response: 1, Actual Response: 2
#   Expected Tag: 0, Actual Tag: 1
# CORRECT: Outputs are matching at Port 2
# Port 2 Checked Values:
#   Expected Data: 703, Actual Data: 703
#   Expected Response: 1, Actual Response: 1
#   Expected Tag: 0, Actual Tag: 0
# CORRECT: Outputs are matching at Port 3
# Port 3 Checked Values:
#   Expected Data: 703, Actual Data: 703
#   Expected Response: 1, Actual Response: 1
#   Expected Tag: 0, Actual Tag: 0
# CORRECT: Outputs are matching at Port 4
# Port 4 Checked Values:
#   Expected Data: 703, Actual Data: 703
#   Expected Response: 1, Actual Response: 1
#   Expected Tag: 0, Actual Tag: 0
# Time:               185940 Total correct outputs: 4383, Total errors detected: 1391
# Monitor -> Transaction Received Index 0 -> Cmd=6, Tag=0, R1=b, D1=e, D2=3, Data=00000000 | Port 4
# Driver -> Transaction Pushed to DUT on Port: 4
# Transaction Created -> SUB Transaction -> Cmd=6, Data=00000000, R1=b, D1=6, D2=0, Tag=2
# Monitor -> DUT Output -> PORT 4 -> Time: 186140, Tag Out: 0, Data Out: 0, Resp Out: 1
# This is the value of i:           4
#               186140 Dummy DUT Last Known Input Values: Req Tag: '{2, 0, 0, 0}, Command: '{6, 10, 10, 10}
# COMMAND SENT: 6
# Scoreboard -> Time:               186140 Data Sent to Dummy DUT -> Cmd=0110, Data=         0, R1=11, D1= 6, D2= 0, Tag=2
# Scoreboard -> Time:               186140 Current Register Values in Dummy DUT: Command: 0110, D1 = 4294965678, D2 =          0, R1 = 4294965678, Tag: 2
# ERROR: Mismatch detected at Port 1
# Port 1 Checked Values:
#   Expected Data: 0, Actual Data: 0
#   Expected Response: 1, Actual Response: 1
#   Expected Tag: 2, Actual Tag: 0
# CORRECT: Outputs are matching at Port 2
# Port 2 Checked Values:
#   Expected Data: 703, Actual Data: 703
#   Expected Response: 1, Actual Response: 1
#   Expected Tag: 0, Actual Tag: 0
# CORRECT: Outputs are matching at Port 3
# Port 3 Checked Values:
#   Expected Data: 703, Actual Data: 703
#   Expected Response: 1, Actual Response: 1
#   Expected Tag: 0, Actual Tag: 0
# CORRECT: Outputs are matching at Port 4
# Port 4 Checked Values:
#   Expected Data: 703, Actual Data: 703
#   Expected Response: 1, Actual Response: 1
#   Expected Tag: 0, Actual Tag: 0
# Time:               186140 Total correct outputs: 4386, Total errors detected: 1392
# Monitor -> Transaction Received Index 0 -> Cmd=6, Tag=2, R1=b, D1=6, D2=0, Data=00000000 | Port 4
# Driver -> Transaction Pushed to DUT on Port: 4
# Transaction Created -> SUB Transaction -> Cmd=5, Data=00000000, R1=7, D1=e, D2=1, Tag=3
# Monitor -> DUT Output -> PORT 4 -> Time: 186340, Tag Out: 2, Data Out: 0, Resp Out: 1
# This is the value of i:           4
#               186340 Dummy DUT Last Known Input Values: Req Tag: '{3, 0, 0, 0}, Command: '{5, 10, 10, 10}
# COMMAND SENT: 5
# Scoreboard -> Time:               186340 Data Sent to Dummy DUT -> Cmd=0101, Data=         0, R1= 7, D1=14, D2= 1, Tag=3
# Scoreboard -> Time:               186340 Current Register Values in Dummy DUT: Command: 0101, D1 = 4294965678, D2 =          0, R1 =          0, Tag: 3
# ERROR: Mismatch detected at Port 1
# Port 1 Checked Values:
#   Expected Data: 0, Actual Data: 0
#   Expected Response: 1, Actual Response: 1
#   Expected Tag: 3, Actual Tag: 2
# CORRECT: Outputs are matching at Port 2
# Port 2 Checked Values:
#   Expected Data: 703, Actual Data: 703
#   Expected Response: 1, Actual Response: 1
#   Expected Tag: 0, Actual Tag: 0
# CORRECT: Outputs are matching at Port 3
# Port 3 Checked Values:
#   Expected Data: 703, Actual Data: 703
#   Expected Response: 1, Actual Response: 1
#   Expected Tag: 0, Actual Tag: 0
# CORRECT: Outputs are matching at Port 4
# Port 4 Checked Values:
#   Expected Data: 703, Actual Data: 703
#   Expected Response: 1, Actual Response: 1
#   Expected Tag: 0, Actual Tag: 0
# Time:               186340 Total correct outputs: 4389, Total errors detected: 1393
# Monitor -> Transaction Received Index 0 -> Cmd=5, Tag=3, R1=7, D1=e, D2=1, Data=00000000 | Port 4
# Driver -> Transaction Pushed to DUT on Port: 4
# Transaction Created -> ADD Transaction -> Cmd=1, Data=00000000, R1=0, D1=6, D2=9, Tag=3
# Monitor -> DUT Output -> PORT 4 -> Time: 186540, Tag Out: 3, Data Out: 0, Resp Out: 1
# This is the value of i:           4
#               186540 Dummy DUT Last Known Input Values: Req Tag: '{3, 0, 0, 0}, Command: '{1, 10, 10, 10}
# COMMAND SENT: 1
# Scoreboard -> Time:               186540 Data Sent to Dummy DUT -> Cmd=0001, Data=         0, R1= 0, D1= 6, D2= 9, Tag=3
# Scoreboard -> Time:               186540 Current Register Values in Dummy DUT: Command: 0001, D1 = 4294965678, D2 =          0, R1 =          0, Tag: 3
# CORRECT: Outputs are matching at Port 1
# Port 1 Checked Values:
#   Expected Data: 0, Actual Data: 0
#   Expected Response: 1, Actual Response: 1
#   Expected Tag: 3, Actual Tag: 3
# CORRECT: Outputs are matching at Port 2
# Port 2 Checked Values:
#   Expected Data: 703, Actual Data: 703
#   Expected Response: 1, Actual Response: 1
#   Expected Tag: 0, Actual Tag: 0
# CORRECT: Outputs are matching at Port 3
# Port 3 Checked Values:
#   Expected Data: 703, Actual Data: 703
#   Expected Response: 1, Actual Response: 1
#   Expected Tag: 0, Actual Tag: 0
# CORRECT: Outputs are matching at Port 4
# Port 4 Checked Values:
#   Expected Data: 703, Actual Data: 703
#   Expected Response: 1, Actual Response: 1
#   Expected Tag: 0, Actual Tag: 0
# Time:               186540 Total correct outputs: 4393, Total errors detected: 1393
# Monitor -> Transaction Received Index 0 -> Cmd=1, Tag=3, R1=0, D1=6, D2=9, Data=00000000 | Port 4
# Driver -> Transaction Pushed to DUT on Port: 4
# Transaction Created -> ADD Transaction -> Cmd=1, Data=00000000, R1=5, D1=4, D2=9, Tag=2
# Monitor -> DUT Output -> PORT 4 -> Time: 186740, Tag Out: 3, Data Out: 0, Resp Out: 2
# This is the value of i:           4
#               186740 Dummy DUT Last Known Input Values: Req Tag: '{2, 0, 0, 0}, Command: '{1, 10, 10, 10}
# COMMAND SENT: 1
# Scoreboard -> Time:               186740 Data Sent to Dummy DUT -> Cmd=0001, Data=         0, R1= 5, D1= 4, D2= 9, Tag=2
# Scoreboard -> Time:               186740 Current Register Values in Dummy DUT: Command: 0001, D1 = 4294965678, D2 =          0, R1 =          0, Tag: 2
# ERROR: Mismatch detected at Port 1
# Port 1 Checked Values:
#   Expected Data: 0, Actual Data: 0
#   Expected Response: 1, Actual Response: 2
#   Expected Tag: 2, Actual Tag: 3
# CORRECT: Outputs are matching at Port 2
# Port 2 Checked Values:
#   Expected Data: 703, Actual Data: 703
#   Expected Response: 1, Actual Response: 1
#   Expected Tag: 0, Actual Tag: 0
# CORRECT: Outputs are matching at Port 3
# Port 3 Checked Values:
#   Expected Data: 703, Actual Data: 703
#   Expected Response: 1, Actual Response: 1
#   Expected Tag: 0, Actual Tag: 0
# CORRECT: Outputs are matching at Port 4
# Port 4 Checked Values:
#   Expected Data: 703, Actual Data: 703
#   Expected Response: 1, Actual Response: 1
#   Expected Tag: 0, Actual Tag: 0
# Time:               186740 Total correct outputs: 4396, Total errors detected: 1394
# Monitor -> Transaction Received Index 0 -> Cmd=1, Tag=2, R1=5, D1=4, D2=9, Data=00000000 | Port 4
# Driver -> Transaction Pushed to DUT on Port: 4
# Transaction Created -> ADD Transaction -> Cmd=1, Data=00000000, R1=6, D1=7, D2=7, Tag=1
# Monitor -> DUT Output -> PORT 4 -> Time: 186940, Tag Out: 2, Data Out: 0, Resp Out: 2
# This is the value of i:           4
#               186940 Dummy DUT Last Known Input Values: Req Tag: '{1, 0, 0, 0}, Command: '{1, 10, 10, 10}
# COMMAND SENT: 1
# Scoreboard -> Time:               186940 Data Sent to Dummy DUT -> Cmd=0001, Data=         0, R1= 6, D1= 7, D2= 7, Tag=1
# Scoreboard -> Time:               186940 Current Register Values in Dummy DUT: Command: 0001, D1 = 4294965678, D2 =          0, R1 =          0, Tag: 1
# ERROR: Mismatch detected at Port 1
# Port 1 Checked Values:
#   Expected Data: 0, Actual Data: 0
#   Expected Response: 1, Actual Response: 2
#   Expected Tag: 1, Actual Tag: 2
# CORRECT: Outputs are matching at Port 2
# Port 2 Checked Values:
#   Expected Data: 703, Actual Data: 703
#   Expected Response: 1, Actual Response: 1
#   Expected Tag: 0, Actual Tag: 0
# CORRECT: Outputs are matching at Port 3
# Port 3 Checked Values:
#   Expected Data: 703, Actual Data: 703
#   Expected Response: 1, Actual Response: 1
#   Expected Tag: 0, Actual Tag: 0
# CORRECT: Outputs are matching at Port 4
# Port 4 Checked Values:
#   Expected Data: 703, Actual Data: 703
#   Expected Response: 1, Actual Response: 1
#   Expected Tag: 0, Actual Tag: 0
# Time:               186940 Total correct outputs: 4399, Total errors detected: 1395
# Monitor -> Transaction Received Index 0 -> Cmd=1, Tag=1, R1=6, D1=7, D2=7, Data=00000000 | Port 4
# Driver -> Transaction Pushed to DUT on Port: 4
# Transaction Created -> SUB Transaction -> Cmd=5, Data=00000000, R1=8, D1=7, D2=9, Tag=1
# Monitor -> DUT Output -> PORT 4 -> Time: 187140, Tag Out: 1, Data Out: 0, Resp Out: 2
# This is the value of i:           4
#               187140 Dummy DUT Last Known Input Values: Req Tag: '{1, 0, 0, 0}, Command: '{5, 10, 10, 10}
# COMMAND SENT: 5
# Scoreboard -> Time:               187140 Data Sent to Dummy DUT -> Cmd=0101, Data=         0, R1= 8, D1= 7, D2= 9, Tag=1
# Scoreboard -> Time:               187140 Current Register Values in Dummy DUT: Command: 0101, D1 = 4294965678, D2 =          0, R1 =          0, Tag: 1
# ERROR: Mismatch detected at Port 1
# Port 1 Checked Values:
#   Expected Data: 0, Actual Data: 0
#   Expected Response: 1, Actual Response: 2
#   Expected Tag: 1, Actual Tag: 1
# CORRECT: Outputs are matching at Port 2
# Port 2 Checked Values:
#   Expected Data: 703, Actual Data: 703
#   Expected Response: 1, Actual Response: 1
#   Expected Tag: 0, Actual Tag: 0
# CORRECT: Outputs are matching at Port 3
# Port 3 Checked Values:
#   Expected Data: 703, Actual Data: 703
#   Expected Response: 1, Actual Response: 1
#   Expected Tag: 0, Actual Tag: 0
# CORRECT: Outputs are matching at Port 4
# Port 4 Checked Values:
#   Expected Data: 703, Actual Data: 703
#   Expected Response: 1, Actual Response: 1
#   Expected Tag: 0, Actual Tag: 0
# Time:               187140 Total correct outputs: 4402, Total errors detected: 1396
# Monitor -> Transaction Received Index 0 -> Cmd=5, Tag=1, R1=8, D1=7, D2=9, Data=00000000 | Port 4
# Driver -> Transaction Pushed to DUT on Port: 4
# Transaction Created -> SUB Transaction -> Cmd=6, Data=00000000, R1=e, D1=6, D2=0, Tag=2
# Monitor -> DUT Output -> PORT 4 -> Time: 187340, Tag Out: 1, Data Out: 0, Resp Out: 1
# This is the value of i:           4
#               187340 Dummy DUT Last Known Input Values: Req Tag: '{2, 0, 0, 0}, Command: '{6, 10, 10, 10}
# COMMAND SENT: 6
# Scoreboard -> Time:               187340 Data Sent to Dummy DUT -> Cmd=0110, Data=         0, R1=14, D1= 6, D2= 0, Tag=2
# Scoreboard -> Time:               187340 Current Register Values in Dummy DUT: Command: 0110, D1 = 4294965678, D2 =          0, R1 =          0, Tag: 2
# ERROR: Mismatch detected at Port 1
# Port 1 Checked Values:
#   Expected Data: 0, Actual Data: 0
#   Expected Response: 1, Actual Response: 1
#   Expected Tag: 2, Actual Tag: 1
# CORRECT: Outputs are matching at Port 2
# Port 2 Checked Values:
#   Expected Data: 703, Actual Data: 703
#   Expected Response: 1, Actual Response: 1
#   Expected Tag: 0, Actual Tag: 0
# CORRECT: Outputs are matching at Port 3
# Port 3 Checked Values:
#   Expected Data: 703, Actual Data: 703
#   Expected Response: 1, Actual Response: 1
#   Expected Tag: 0, Actual Tag: 0
# CORRECT: Outputs are matching at Port 4
# Port 4 Checked Values:
#   Expected Data: 703, Actual Data: 703
#   Expected Response: 1, Actual Response: 1
#   Expected Tag: 0, Actual Tag: 0
# Time:               187340 Total correct outputs: 4405, Total errors detected: 1397
# Monitor -> Transaction Received Index 0 -> Cmd=6, Tag=2, R1=e, D1=6, D2=0, Data=00000000 | Port 4
# Driver -> Transaction Pushed to DUT on Port: 4
# Transaction Created -> ADD Transaction -> Cmd=1, Data=00000000, R1=b, D1=b, D2=3, Tag=1
# Monitor -> DUT Output -> PORT 4 -> Time: 187540, Tag Out: 2, Data Out: 0, Resp Out: 1
# This is the value of i:           4
#               187540 Dummy DUT Last Known Input Values: Req Tag: '{1, 0, 0, 0}, Command: '{1, 10, 10, 10}
# COMMAND SENT: 1
# Scoreboard -> Time:               187540 Data Sent to Dummy DUT -> Cmd=0001, Data=         0, R1=11, D1=11, D2= 3, Tag=1
# Scoreboard -> Time:               187540 Current Register Values in Dummy DUT: Command: 0001, D1 = 4294965678, D2 =          0, R1 = 4294964060, Tag: 1
# ERROR: Mismatch detected at Port 1
# Port 1 Checked Values:
#   Expected Data: 0, Actual Data: 0
#   Expected Response: 1, Actual Response: 1
#   Expected Tag: 1, Actual Tag: 2
# CORRECT: Outputs are matching at Port 2
# Port 2 Checked Values:
#   Expected Data: 703, Actual Data: 703
#   Expected Response: 1, Actual Response: 1
#   Expected Tag: 0, Actual Tag: 0
# CORRECT: Outputs are matching at Port 3
# Port 3 Checked Values:
#   Expected Data: 703, Actual Data: 703
#   Expected Response: 1, Actual Response: 1
#   Expected Tag: 0, Actual Tag: 0
# CORRECT: Outputs are matching at Port 4
# Port 4 Checked Values:
#   Expected Data: 703, Actual Data: 703
#   Expected Response: 1, Actual Response: 1
#   Expected Tag: 0, Actual Tag: 0
# Time:               187540 Total correct outputs: 4408, Total errors detected: 1398
# Monitor -> Transaction Received Index 0 -> Cmd=1, Tag=1, R1=b, D1=b, D2=3, Data=00000000 | Port 4
# Driver -> Transaction Pushed to DUT on Port: 4
# Transaction Created -> SUB Transaction -> Cmd=2, Data=00000000, R1=c, D1=6, D2=5, Tag=2
# Monitor -> DUT Output -> PORT 4 -> Time: 187740, Tag Out: 1, Data Out: 0, Resp Out: 1
# This is the value of i:           4
#               187740 Dummy DUT Last Known Input Values: Req Tag: '{2, 0, 0, 0}, Command: '{2, 10, 10, 10}
# COMMAND SENT: 2
# Scoreboard -> Time:               187740 Data Sent to Dummy DUT -> Cmd=0010, Data=         0, R1=12, D1= 6, D2= 5, Tag=2
# Scoreboard -> Time:               187740 Current Register Values in Dummy DUT: Command: 0010, D1 = 4294965678, D2 =          0, R1 =          0, Tag: 2
# ERROR: Mismatch detected at Port 1
# Port 1 Checked Values:
#   Expected Data: 0, Actual Data: 0
#   Expected Response: 1, Actual Response: 1
#   Expected Tag: 2, Actual Tag: 1
# CORRECT: Outputs are matching at Port 2
# Port 2 Checked Values:
#   Expected Data: 703, Actual Data: 703
#   Expected Response: 1, Actual Response: 1
#   Expected Tag: 0, Actual Tag: 0
# CORRECT: Outputs are matching at Port 3
# Port 3 Checked Values:
#   Expected Data: 703, Actual Data: 703
#   Expected Response: 1, Actual Response: 1
#   Expected Tag: 0, Actual Tag: 0
# CORRECT: Outputs are matching at Port 4
# Port 4 Checked Values:
#   Expected Data: 703, Actual Data: 703
#   Expected Response: 1, Actual Response: 1
#   Expected Tag: 0, Actual Tag: 0
# Time:               187740 Total correct outputs: 4411, Total errors detected: 1399
# Monitor -> Transaction Received Index 0 -> Cmd=2, Tag=2, R1=c, D1=6, D2=5, Data=00000000 | Port 4
# Driver -> Transaction Pushed to DUT on Port: 4
# Transaction Created -> ADD Transaction -> Cmd=1, Data=00000000, R1=7, D1=e, D2=0, Tag=2
# Monitor -> DUT Output -> PORT 4 -> Time: 187940, Tag Out: 2, Data Out: 0, Resp Out: 2
# This is the value of i:           4
#               187940 Dummy DUT Last Known Input Values: Req Tag: '{2, 0, 0, 0}, Command: '{1, 10, 10, 10}
# COMMAND SENT: 1
# Scoreboard -> Time:               187940 Data Sent to Dummy DUT -> Cmd=0001, Data=         0, R1= 7, D1=14, D2= 0, Tag=2
# Scoreboard -> Time:               187940 Current Register Values in Dummy DUT: Command: 0001, D1 = 4294965678, D2 =          0, R1 =          0, Tag: 2
# ERROR: Mismatch detected at Port 1
# Port 1 Checked Values:
#   Expected Data: 0, Actual Data: 0
#   Expected Response: 1, Actual Response: 2
#   Expected Tag: 2, Actual Tag: 2
# CORRECT: Outputs are matching at Port 2
# Port 2 Checked Values:
#   Expected Data: 703, Actual Data: 703
#   Expected Response: 1, Actual Response: 1
#   Expected Tag: 0, Actual Tag: 0
# CORRECT: Outputs are matching at Port 3
# Port 3 Checked Values:
#   Expected Data: 703, Actual Data: 703
#   Expected Response: 1, Actual Response: 1
#   Expected Tag: 0, Actual Tag: 0
# CORRECT: Outputs are matching at Port 4
# Port 4 Checked Values:
#   Expected Data: 703, Actual Data: 703
#   Expected Response: 1, Actual Response: 1
#   Expected Tag: 0, Actual Tag: 0
# Time:               187940 Total correct outputs: 4414, Total errors detected: 1400
# Monitor -> Transaction Received Index 0 -> Cmd=1, Tag=2, R1=7, D1=e, D2=0, Data=00000000 | Port 4
# Driver -> Transaction Pushed to DUT on Port: 4
# Transaction Created -> SUB Transaction -> Cmd=2, Data=00000000, R1=d, D1=c, D2=9, Tag=1
# Monitor -> DUT Output -> PORT 4 -> Time: 188140, Tag Out: 2, Data Out: 0, Resp Out: 1
# This is the value of i:           4
#               188140 Dummy DUT Last Known Input Values: Req Tag: '{1, 0, 0, 0}, Command: '{2, 10, 10, 10}
# COMMAND SENT: 2
# Scoreboard -> Time:               188140 Data Sent to Dummy DUT -> Cmd=0010, Data=         0, R1=13, D1=12, D2= 9, Tag=1
# Scoreboard -> Time:               188140 Current Register Values in Dummy DUT: Command: 0010, D1 = 4294965678, D2 =          0, R1 = 4294965678, Tag: 1
# ERROR: Mismatch detected at Port 1
# Port 1 Checked Values:
#   Expected Data: 0, Actual Data: 0
#   Expected Response: 1, Actual Response: 1
#   Expected Tag: 1, Actual Tag: 2
# CORRECT: Outputs are matching at Port 2
# Port 2 Checked Values:
#   Expected Data: 703, Actual Data: 703
#   Expected Response: 1, Actual Response: 1
#   Expected Tag: 0, Actual Tag: 0
# CORRECT: Outputs are matching at Port 3
# Port 3 Checked Values:
#   Expected Data: 703, Actual Data: 703
#   Expected Response: 1, Actual Response: 1
#   Expected Tag: 0, Actual Tag: 0
# CORRECT: Outputs are matching at Port 4
# Port 4 Checked Values:
#   Expected Data: 703, Actual Data: 703
#   Expected Response: 1, Actual Response: 1
#   Expected Tag: 0, Actual Tag: 0
# Time:               188140 Total correct outputs: 4417, Total errors detected: 1401
# Monitor -> Transaction Received Index 0 -> Cmd=2, Tag=1, R1=d, D1=c, D2=9, Data=00000000 | Port 4
# Driver -> Transaction Pushed to DUT on Port: 4
# Transaction Created -> SUB Transaction -> Cmd=5, Data=00000000, R1=4, D1=9, D2=1, Tag=2
# Monitor -> DUT Output -> PORT 4 -> Time: 188340, Tag Out: 1, Data Out: 0, Resp Out: 2
# This is the value of i:           4
#               188340 Dummy DUT Last Known Input Values: Req Tag: '{2, 0, 0, 0}, Command: '{5, 10, 10, 10}
# COMMAND SENT: 5
# Scoreboard -> Time:               188340 Data Sent to Dummy DUT -> Cmd=0101, Data=         0, R1= 4, D1= 9, D2= 1, Tag=2
# Scoreboard -> Time:               188340 Current Register Values in Dummy DUT: Command: 0101, D1 = 4294965678, D2 =          0, R1 =       1618, Tag: 2
# ERROR: Mismatch detected at Port 1
# Port 1 Checked Values:
#   Expected Data: 0, Actual Data: 0
#   Expected Response: 1, Actual Response: 2
#   Expected Tag: 2, Actual Tag: 1
# CORRECT: Outputs are matching at Port 2
# Port 2 Checked Values:
#   Expected Data: 703, Actual Data: 703
#   Expected Response: 1, Actual Response: 1
#   Expected Tag: 0, Actual Tag: 0
# CORRECT: Outputs are matching at Port 3
# Port 3 Checked Values:
#   Expected Data: 703, Actual Data: 703
#   Expected Response: 1, Actual Response: 1
#   Expected Tag: 0, Actual Tag: 0
# CORRECT: Outputs are matching at Port 4
# Port 4 Checked Values:
#   Expected Data: 703, Actual Data: 703
#   Expected Response: 1, Actual Response: 1
#   Expected Tag: 0, Actual Tag: 0
# Time:               188340 Total correct outputs: 4420, Total errors detected: 1402
# Monitor -> Transaction Received Index 0 -> Cmd=5, Tag=2, R1=4, D1=9, D2=1, Data=00000000 | Port 4
# Driver -> Transaction Pushed to DUT on Port: 4
# Transaction Created -> ADD Transaction -> Cmd=1, Data=00000000, R1=a, D1=2, D2=9, Tag=0
# Monitor -> DUT Output -> PORT 4 -> Time: 188540, Tag Out: 2, Data Out: 0, Resp Out: 1
# This is the value of i:           4
#               188540 Dummy DUT Last Known Input Values: Req Tag: '{0, 0, 0, 0}, Command: '{1, 10, 10, 10}
# COMMAND SENT: 1
# Scoreboard -> Time:               188540 Data Sent to Dummy DUT -> Cmd=0001, Data=         0, R1=10, D1= 2, D2= 9, Tag=0
# Scoreboard -> Time:               188540 Current Register Values in Dummy DUT: Command: 0001, D1 = 4294965678, D2 =          0, R1 =          0, Tag: 0
# ERROR: Mismatch detected at Port 1
# Port 1 Checked Values:
#   Expected Data: 0, Actual Data: 0
#   Expected Response: 1, Actual Response: 1
#   Expected Tag: 0, Actual Tag: 2
# CORRECT: Outputs are matching at Port 2
# Port 2 Checked Values:
#   Expected Data: 703, Actual Data: 703
#   Expected Response: 1, Actual Response: 1
#   Expected Tag: 0, Actual Tag: 0
# CORRECT: Outputs are matching at Port 3
# Port 3 Checked Values:
#   Expected Data: 703, Actual Data: 703
#   Expected Response: 1, Actual Response: 1
#   Expected Tag: 0, Actual Tag: 0
# CORRECT: Outputs are matching at Port 4
# Port 4 Checked Values:
#   Expected Data: 703, Actual Data: 703
#   Expected Response: 1, Actual Response: 1
#   Expected Tag: 0, Actual Tag: 0
# Time:               188540 Total correct outputs: 4423, Total errors detected: 1403
# Monitor -> Transaction Received Index 0 -> Cmd=1, Tag=0, R1=a, D1=2, D2=9, Data=00000000 | Port 4
# Driver -> Transaction Pushed to DUT on Port: 4
# Transaction Created -> SUB Transaction -> Cmd=2, Data=00000000, R1=b, D1=0, D2=4, Tag=2
# Monitor -> DUT Output -> PORT 4 -> Time: 188740, Tag Out: 0, Data Out: 0, Resp Out: 1
# This is the value of i:           4
#               188740 Dummy DUT Last Known Input Values: Req Tag: '{2, 0, 0, 0}, Command: '{2, 10, 10, 10}
# COMMAND SENT: 2
# Scoreboard -> Time:               188740 Data Sent to Dummy DUT -> Cmd=0010, Data=         0, R1=11, D1= 0, D2= 4, Tag=2
# Scoreboard -> Time:               188740 Current Register Values in Dummy DUT: Command: 0010, D1 = 4294965678, D2 =          0, R1 = 4294965678, Tag: 2
# ERROR: Mismatch detected at Port 1
# Port 1 Checked Values:
#   Expected Data: 0, Actual Data: 0
#   Expected Response: 1, Actual Response: 1
#   Expected Tag: 2, Actual Tag: 0
# CORRECT: Outputs are matching at Port 2
# Port 2 Checked Values:
#   Expected Data: 703, Actual Data: 703
#   Expected Response: 1, Actual Response: 1
#   Expected Tag: 0, Actual Tag: 0
# CORRECT: Outputs are matching at Port 3
# Port 3 Checked Values:
#   Expected Data: 703, Actual Data: 703
#   Expected Response: 1, Actual Response: 1
#   Expected Tag: 0, Actual Tag: 0
# CORRECT: Outputs are matching at Port 4
# Port 4 Checked Values:
#   Expected Data: 703, Actual Data: 703
#   Expected Response: 1, Actual Response: 1
#   Expected Tag: 0, Actual Tag: 0
# Time:               188740 Total correct outputs: 4426, Total errors detected: 1404
# Monitor -> Transaction Received Index 0 -> Cmd=2, Tag=2, R1=b, D1=0, D2=4, Data=00000000 | Port 4
# Driver -> Transaction Pushed to DUT on Port: 4
# Transaction Created -> SUB Transaction -> Cmd=6, Data=00000000, R1=b, D1=4, D2=7, Tag=0
# Monitor -> DUT Output -> PORT 4 -> Time: 188940, Tag Out: 2, Data Out: 0, Resp Out: 2
# This is the value of i:           4
#               188940 Dummy DUT Last Known Input Values: Req Tag: '{0, 0, 0, 0}, Command: '{6, 10, 10, 10}
# COMMAND SENT: 6
# Scoreboard -> Time:               188940 Data Sent to Dummy DUT -> Cmd=0110, Data=         0, R1=11, D1= 4, D2= 7, Tag=0
# Scoreboard -> Time:               188940 Current Register Values in Dummy DUT: Command: 0110, D1 = 4294965678, D2 =          0, R1 =       1618, Tag: 0
# ERROR: Mismatch detected at Port 1
# Port 1 Checked Values:
#   Expected Data: 0, Actual Data: 0
#   Expected Response: 1, Actual Response: 2
#   Expected Tag: 0, Actual Tag: 2
# CORRECT: Outputs are matching at Port 2
# Port 2 Checked Values:
#   Expected Data: 703, Actual Data: 703
#   Expected Response: 1, Actual Response: 1
#   Expected Tag: 0, Actual Tag: 0
# CORRECT: Outputs are matching at Port 3
# Port 3 Checked Values:
#   Expected Data: 703, Actual Data: 703
#   Expected Response: 1, Actual Response: 1
#   Expected Tag: 0, Actual Tag: 0
# CORRECT: Outputs are matching at Port 4
# Port 4 Checked Values:
#   Expected Data: 703, Actual Data: 703
#   Expected Response: 1, Actual Response: 1
#   Expected Tag: 0, Actual Tag: 0
# Time:               188940 Total correct outputs: 4429, Total errors detected: 1405
# Monitor -> Transaction Received Index 0 -> Cmd=6, Tag=0, R1=b, D1=4, D2=7, Data=00000000 | Port 4
# Driver -> Transaction Pushed to DUT on Port: 4
# Transaction Created -> SUB Transaction -> Cmd=2, Data=00000000, R1=8, D1=a, D2=c, Tag=2
# Monitor -> DUT Output -> PORT 4 -> Time: 189140, Tag Out: 0, Data Out: 0, Resp Out: 1
# This is the value of i:           4
#               189140 Dummy DUT Last Known Input Values: Req Tag: '{2, 0, 0, 0}, Command: '{2, 10, 10, 10}
# COMMAND SENT: 2
# Scoreboard -> Time:               189140 Data Sent to Dummy DUT -> Cmd=0010, Data=         0, R1= 8, D1=10, D2=12, Tag=2
# Scoreboard -> Time:               189140 Current Register Values in Dummy DUT: Command: 0010, D1 = 4294965678, D2 =          0, R1 =          0, Tag: 2
# ERROR: Mismatch detected at Port 1
# Port 1 Checked Values:
#   Expected Data: 0, Actual Data: 0
#   Expected Response: 1, Actual Response: 1
#   Expected Tag: 2, Actual Tag: 0
# CORRECT: Outputs are matching at Port 2
# Port 2 Checked Values:
#   Expected Data: 703, Actual Data: 703
#   Expected Response: 1, Actual Response: 1
#   Expected Tag: 0, Actual Tag: 0
# CORRECT: Outputs are matching at Port 3
# Port 3 Checked Values:
#   Expected Data: 703, Actual Data: 703
#   Expected Response: 1, Actual Response: 1
#   Expected Tag: 0, Actual Tag: 0
# CORRECT: Outputs are matching at Port 4
# Port 4 Checked Values:
#   Expected Data: 703, Actual Data: 703
#   Expected Response: 1, Actual Response: 1
#   Expected Tag: 0, Actual Tag: 0
# Time:               189140 Total correct outputs: 4432, Total errors detected: 1406
# Monitor -> Transaction Received Index 0 -> Cmd=2, Tag=2, R1=8, D1=a, D2=c, Data=00000000 | Port 4
# Driver -> Transaction Pushed to DUT on Port: 4
# Transaction Created -> ADD Transaction -> Cmd=1, Data=00000000, R1=8, D1=7, D2=6, Tag=2
# Monitor -> DUT Output -> PORT 4 -> Time: 189340, Tag Out: 2, Data Out: 0, Resp Out: 1
# This is the value of i:           4
#               189340 Dummy DUT Last Known Input Values: Req Tag: '{2, 0, 0, 0}, Command: '{1, 10, 10, 10}
# COMMAND SENT: 1
# Scoreboard -> Time:               189340 Data Sent to Dummy DUT -> Cmd=0001, Data=         0, R1= 8, D1= 7, D2= 6, Tag=2
# Scoreboard -> Time:               189340 Current Register Values in Dummy DUT: Command: 0001, D1 = 4294965678, D2 =          0, R1 =          0, Tag: 2
# CORRECT: Outputs are matching at Port 1
# Port 1 Checked Values:
#   Expected Data: 0, Actual Data: 0
#   Expected Response: 1, Actual Response: 1
#   Expected Tag: 2, Actual Tag: 2
# CORRECT: Outputs are matching at Port 2
# Port 2 Checked Values:
#   Expected Data: 703, Actual Data: 703
#   Expected Response: 1, Actual Response: 1
#   Expected Tag: 0, Actual Tag: 0
# CORRECT: Outputs are matching at Port 3
# Port 3 Checked Values:
#   Expected Data: 703, Actual Data: 703
#   Expected Response: 1, Actual Response: 1
#   Expected Tag: 0, Actual Tag: 0
# CORRECT: Outputs are matching at Port 4
# Port 4 Checked Values:
#   Expected Data: 703, Actual Data: 703
#   Expected Response: 1, Actual Response: 1
#   Expected Tag: 0, Actual Tag: 0
# Time:               189340 Total correct outputs: 4436, Total errors detected: 1406
# Monitor -> Transaction Received Index 0 -> Cmd=1, Tag=2, R1=8, D1=7, D2=6, Data=00000000 | Port 4
# Driver -> Transaction Pushed to DUT on Port: 4
# Transaction Created -> SUB Transaction -> Cmd=6, Data=00000000, R1=a, D1=4, D2=9, Tag=2
# Monitor -> DUT Output -> PORT 4 -> Time: 189540, Tag Out: 2, Data Out: 0, Resp Out: 2
# This is the value of i:           4
#               189540 Dummy DUT Last Known Input Values: Req Tag: '{2, 0, 0, 0}, Command: '{6, 10, 10, 10}
# COMMAND SENT: 6
# Scoreboard -> Time:               189540 Data Sent to Dummy DUT -> Cmd=0110, Data=         0, R1=10, D1= 4, D2= 9, Tag=2
# Scoreboard -> Time:               189540 Current Register Values in Dummy DUT: Command: 0110, D1 = 4294965678, D2 =          0, R1 =          0, Tag: 2
# ERROR: Mismatch detected at Port 1
# Port 1 Checked Values:
#   Expected Data: 0, Actual Data: 0
#   Expected Response: 1, Actual Response: 2
#   Expected Tag: 2, Actual Tag: 2
# CORRECT: Outputs are matching at Port 2
# Port 2 Checked Values:
#   Expected Data: 703, Actual Data: 703
#   Expected Response: 1, Actual Response: 1
#   Expected Tag: 0, Actual Tag: 0
# CORRECT: Outputs are matching at Port 3
# Port 3 Checked Values:
#   Expected Data: 703, Actual Data: 703
#   Expected Response: 1, Actual Response: 1
#   Expected Tag: 0, Actual Tag: 0
# CORRECT: Outputs are matching at Port 4
# Port 4 Checked Values:
#   Expected Data: 703, Actual Data: 703
#   Expected Response: 1, Actual Response: 1
#   Expected Tag: 0, Actual Tag: 0
# Time:               189540 Total correct outputs: 4439, Total errors detected: 1407
# Monitor -> Transaction Received Index 0 -> Cmd=6, Tag=2, R1=a, D1=4, D2=9, Data=00000000 | Port 4
# Driver -> Transaction Pushed to DUT on Port: 4
# Transaction Created -> SUB Transaction -> Cmd=2, Data=00000000, R1=b, D1=3, D2=c, Tag=3
# Monitor -> DUT Output -> PORT 4 -> Time: 189740, Tag Out: 2, Data Out: 0, Resp Out: 1
# This is the value of i:           4
#               189740 Dummy DUT Last Known Input Values: Req Tag: '{3, 0, 0, 0}, Command: '{2, 10, 10, 10}
# COMMAND SENT: 2
# Scoreboard -> Time:               189740 Data Sent to Dummy DUT -> Cmd=0010, Data=         0, R1=11, D1= 3, D2=12, Tag=3
# Scoreboard -> Time:               189740 Current Register Values in Dummy DUT: Command: 0010, D1 = 4294965678, D2 =          0, R1 = 4294965678, Tag: 3
# ERROR: Mismatch detected at Port 1
# Port 1 Checked Values:
#   Expected Data: 0, Actual Data: 0
#   Expected Response: 1, Actual Response: 1
#   Expected Tag: 3, Actual Tag: 2
# CORRECT: Outputs are matching at Port 2
# Port 2 Checked Values:
#   Expected Data: 703, Actual Data: 703
#   Expected Response: 1, Actual Response: 1
#   Expected Tag: 0, Actual Tag: 0
# CORRECT: Outputs are matching at Port 3
# Port 3 Checked Values:
#   Expected Data: 703, Actual Data: 703
#   Expected Response: 1, Actual Response: 1
#   Expected Tag: 0, Actual Tag: 0
# CORRECT: Outputs are matching at Port 4
# Port 4 Checked Values:
#   Expected Data: 703, Actual Data: 703
#   Expected Response: 1, Actual Response: 1
#   Expected Tag: 0, Actual Tag: 0
# Time:               189740 Total correct outputs: 4442, Total errors detected: 1408
# Monitor -> Transaction Received Index 0 -> Cmd=2, Tag=3, R1=b, D1=3, D2=c, Data=00000000 | Port 4
# Driver -> Transaction Pushed to DUT on Port: 4
# Monitor -> DUT Output -> PORT 4 -> Time: 189940, Tag Out: 3, Data Out: 0, Resp Out: 2

