# Error:        997 +        683 =       1680, but calculator output is          X
# ADD operation result: 000003e5 + 000002ab = 000006X0
# Error:        997 +        684 =       1681, but calculator output is          X
# ADD operation result: 000003e5 + 000002ac = 000006X1
# Error:        997 +        685 =       1682, but calculator output is          X
# ADD operation result: 000003e5 + 000002ad = 000006X2
# Error:        997 +        686 =       1683, but calculator output is          X
# ADD operation result: 000003e5 + 000002ae = 000006X3
# Error:        997 +        687 =       1684, but calculator output is          X
# ADD operation result: 000003e5 + 000002af = 000006X4
# ADD operation result: 000003e5 + 000002b0 = 00000695
# ADD operation result: 000003e5 + 000002b1 = 00000696
# ADD operation result: 000003e5 + 000002b2 = 00000697
# ADD operation result: 000003e5 + 000002b3 = 00000698
# ADD operation result: 000003e5 + 000002b4 = 00000699
# ADD operation result: 000003e5 + 000002b5 = 0000069a
# ADD operation result: 000003e5 + 000002b6 = 0000069b
# ADD operation result: 000003e5 + 000002b7 = 0000069c
# ADD operation result: 000003e5 + 000002b8 = 0000069d
# ADD operation result: 000003e5 + 000002b9 = 0000069e
# ADD operation result: 000003e5 + 000002ba = 0000069f
# ADD operation result: 000003e5 + 000002bb = 000006a0
# ADD operation result: 000003e5 + 000002bc = 000006a1
# ADD operation result: 000003e5 + 000002bd = 000006a2
# ADD operation result: 000003e5 + 000002be = 000006a3
# ADD operation result: 000003e5 + 000002bf = 000006a4
# ADD operation result: 000003e5 + 000002c0 = 000006a5
# ADD operation result: 000003e5 + 000002c1 = 000006a6
# ADD operation result: 000003e5 + 000002c2 = 000006a7
# ADD operation result: 000003e5 + 000002c3 = 000006a8
# ADD operation result: 000003e5 + 000002c4 = 000006a9
# ADD operation result: 000003e5 + 000002c5 = 000006aa
# ADD operation result: 000003e5 + 000002c6 = 000006ab
# ADD operation result: 000003e5 + 000002c7 = 000006ac
# ADD operation result: 000003e5 + 000002c8 = 000006ad
# ADD operation result: 000003e5 + 000002c9 = 000006ae
# ADD operation result: 000003e5 + 000002ca = 000006af
# ADD operation result: 000003e5 + 000002cb = 000006b0
# ADD operation result: 000003e5 + 000002cc = 000006b1
# ADD operation result: 000003e5 + 000002cd = 000006b2
# ADD operation result: 000003e5 + 000002ce = 000006b3
# ADD operation result: 000003e5 + 000002cf = 000006b4
# Error:        997 +        720 =       1717, but calculator output is          X
# ADD operation result: 000003e5 + 000002d0 = 000006X5
# Error:        997 +        721 =       1718, but calculator output is          X
# ADD operation result: 000003e5 + 000002d1 = 000006X6
# Error:        997 +        722 =       1719, but calculator output is          X
# ADD operation result: 000003e5 + 000002d2 = 000006X7
# Error:        997 +        723 =       1720, but calculator output is          X
# ADD operation result: 000003e5 + 000002d3 = 000006X8
# Error:        997 +        724 =       1721, but calculator output is          X
# ADD operation result: 000003e5 + 000002d4 = 000006X9
# Error:        997 +        725 =       1722, but calculator output is          X
# ADD operation result: 000003e5 + 000002d5 = 000006Xa
# Error:        997 +        726 =       1723, but calculator output is          X
# ADD operation result: 000003e5 + 000002d6 = 000006Xb
# Error:        997 +        727 =       1724, but calculator output is          X
# ADD operation result: 000003e5 + 000002d7 = 000006Xc
# Error:        997 +        728 =       1725, but calculator output is          X
# ADD operation result: 000003e5 + 000002d8 = 000006Xd
# Error:        997 +        729 =       1726, but calculator output is          X
# ADD operation result: 000003e5 + 000002d9 = 000006Xe
# Error:        997 +        730 =       1727, but calculator output is          X
# ADD operation result: 000003e5 + 000002da = 000006Xf
# Error:        997 +        731 =       1728, but calculator output is          X
# ADD operation result: 000003e5 + 000002db = 000006X0
# Error:        997 +        732 =       1729, but calculator output is          X
# ADD operation result: 000003e5 + 000002dc = 000006X1
# Error:        997 +        733 =       1730, but calculator output is          X
# ADD operation result: 000003e5 + 000002dd = 000006X2
# Error:        997 +        734 =       1731, but calculator output is          X
# ADD operation result: 000003e5 + 000002de = 000006X3
# Error:        997 +        735 =       1732, but calculator output is          X
# ADD operation result: 000003e5 + 000002df = 000006X4
# Error:        997 +        736 =       1733, but calculator output is          X
# ADD operation result: 000003e5 + 000002e0 = 000006X5
# Error:        997 +        737 =       1734, but calculator output is          X
# ADD operation result: 000003e5 + 000002e1 = 000006X6
# Error:        997 +        738 =       1735, but calculator output is          X
# ADD operation result: 000003e5 + 000002e2 = 000006X7
# Error:        997 +        739 =       1736, but calculator output is          X
# ADD operation result: 000003e5 + 000002e3 = 000006X8
# Error:        997 +        740 =       1737, but calculator output is          X
# ADD operation result: 000003e5 + 000002e4 = 000006X9
# Error:        997 +        741 =       1738, but calculator output is          X
# ADD operation result: 000003e5 + 000002e5 = 000006Xa
# Error:        997 +        742 =       1739, but calculator output is          X
# ADD operation result: 000003e5 + 000002e6 = 000006Xb
# Error:        997 +        743 =       1740, but calculator output is          X
# ADD operation result: 000003e5 + 000002e7 = 000006Xc
# Error:        997 +        744 =       1741, but calculator output is          X
# ADD operation result: 000003e5 + 000002e8 = 000006Xd
# Error:        997 +        745 =       1742, but calculator output is          X
# ADD operation result: 000003e5 + 000002e9 = 000006Xe
# Error:        997 +        746 =       1743, but calculator output is          X
# ADD operation result: 000003e5 + 000002ea = 000006Xf
# Error:        997 +        747 =       1744, but calculator output is          X
# ADD operation result: 000003e5 + 000002eb = 000006X0
# Error:        997 +        748 =       1745, but calculator output is          X
# ADD operation result: 000003e5 + 000002ec = 000006X1
# Error:        997 +        749 =       1746, but calculator output is          X
# ADD operation result: 000003e5 + 000002ed = 000006X2
# Error:        997 +        750 =       1747, but calculator output is          X
# ADD operation result: 000003e5 + 000002ee = 000006X3
# Error:        997 +        751 =       1748, but calculator output is          X
# ADD operation result: 000003e5 + 000002ef = 000006X4
# ADD operation result: 000003e5 + 000002f0 = 000006d5
# ADD operation result: 000003e5 + 000002f1 = 000006d6
# ADD operation result: 000003e5 + 000002f2 = 000006d7
# ADD operation result: 000003e5 + 000002f3 = 000006d8
# ADD operation result: 000003e5 + 000002f4 = 000006d9
# ADD operation result: 000003e5 + 000002f5 = 000006da
# ADD operation result: 000003e5 + 000002f6 = 000006db
# ADD operation result: 000003e5 + 000002f7 = 000006dc
# ADD operation result: 000003e5 + 000002f8 = 000006dd
# ADD operation result: 000003e5 + 000002f9 = 000006de
# ADD operation result: 000003e5 + 000002fa = 000006df
# ADD operation result: 000003e5 + 000002fb = 000006e0
# ADD operation result: 000003e5 + 000002fc = 000006e1
# ADD operation result: 000003e5 + 000002fd = 000006e2
# ADD operation result: 000003e5 + 000002fe = 000006e3
# ADD operation result: 000003e5 + 000002ff = 000006e4
# ADD operation result: 000003e5 + 00000300 = 000006e5
# ADD operation result: 000003e5 + 00000301 = 000006e6
# ADD operation result: 000003e5 + 00000302 = 000006e7
# ADD operation result: 000003e5 + 00000303 = 000006e8
# ADD operation result: 000003e5 + 00000304 = 000006e9
# ADD operation result: 000003e5 + 00000305 = 000006ea
# ADD operation result: 000003e5 + 00000306 = 000006eb
# ADD operation result: 000003e5 + 00000307 = 000006ec
# ADD operation result: 000003e5 + 00000308 = 000006ed
# ADD operation result: 000003e5 + 00000309 = 000006ee
# ADD operation result: 000003e5 + 0000030a = 000006ef
# ADD operation result: 000003e5 + 0000030b = 000006f0
# ADD operation result: 000003e5 + 0000030c = 000006f1
# ADD operation result: 000003e5 + 0000030d = 000006f2
# ADD operation result: 000003e5 + 0000030e = 000006f3
# ADD operation result: 000003e5 + 0000030f = 000006f4
# Error:        997 +        784 =       1781, but calculator output is          X
# ADD operation result: 000003e5 + 00000310 = 000006X5
# Error:        997 +        785 =       1782, but calculator output is          X
# ADD operation result: 000003e5 + 00000311 = 000006X6
# Error:        997 +        786 =       1783, but calculator output is          X
# ADD operation result: 000003e5 + 00000312 = 000006X7
# Error:        997 +        787 =       1784, but calculator output is          X
# ADD operation result: 000003e5 + 00000313 = 000006X8
# Error:        997 +        788 =       1785, but calculator output is          X
# ADD operation result: 000003e5 + 00000314 = 000006X9
# Error:        997 +        789 =       1786, but calculator output is          X
# ADD operation result: 000003e5 + 00000315 = 000006Xa
# Error:        997 +        790 =       1787, but calculator output is          X
# ADD operation result: 000003e5 + 00000316 = 000006Xb
# Error:        997 +        791 =       1788, but calculator output is          X
# ADD operation result: 000003e5 + 00000317 = 000006Xc
# Error:        997 +        792 =       1789, but calculator output is          X
# ADD operation result: 000003e5 + 00000318 = 000006Xd
# Error:        997 +        793 =       1790, but calculator output is          X
# ADD operation result: 000003e5 + 00000319 = 000006Xe
# Error:        997 +        794 =       1791, but calculator output is          X
# ADD operation result: 000003e5 + 0000031a = 000006Xf
# Error:        997 +        795 =       1792, but calculator output is          X
# ADD operation result: 000003e5 + 0000031b = 00000XX0
# Error:        997 +        796 =       1793, but calculator output is          X
# ADD operation result: 000003e5 + 0000031c = 00000XX1
# Error:        997 +        797 =       1794, but calculator output is          X
# ADD operation result: 000003e5 + 0000031d = 00000XX2
# Error:        997 +        798 =       1795, but calculator output is          X
# ADD operation result: 000003e5 + 0000031e = 00000XX3
# Error:        997 +        799 =       1796, but calculator output is          X
# ADD operation result: 000003e5 + 0000031f = 00000XX4
# Error:        997 +        800 =       1797, but calculator output is          X
# ADD operation result: 000003e5 + 00000320 = 000007X5
# Error:        997 +        801 =       1798, but calculator output is          X
# ADD operation result: 000003e5 + 00000321 = 000007X6
# Error:        997 +        802 =       1799, but calculator output is          X
# ADD operation result: 000003e5 + 00000322 = 000007X7
# Error:        997 +        803 =       1800, but calculator output is          X
# ADD operation result: 000003e5 + 00000323 = 000007X8
# Error:        997 +        804 =       1801, but calculator output is          X
# ADD operation result: 000003e5 + 00000324 = 000007X9
# Error:        997 +        805 =       1802, but calculator output is          X
# ADD operation result: 000003e5 + 00000325 = 000007Xa
# Error:        997 +        806 =       1803, but calculator output is          X
# ADD operation result: 000003e5 + 00000326 = 000007Xb
# Error:        997 +        807 =       1804, but calculator output is          X
# ADD operation result: 000003e5 + 00000327 = 000007Xc
# Error:        997 +        808 =       1805, but calculator output is          X
# ADD operation result: 000003e5 + 00000328 = 000007Xd
# Error:        997 +        809 =       1806, but calculator output is          X
# ADD operation result: 000003e5 + 00000329 = 000007Xe
# Error:        997 +        810 =       1807, but calculator output is          X
# ADD operation result: 000003e5 + 0000032a = 000007Xf
# Error:        997 +        811 =       1808, but calculator output is          X
# ADD operation result: 000003e5 + 0000032b = 000007X0
# Error:        997 +        812 =       1809, but calculator output is          X
# ADD operation result: 000003e5 + 0000032c = 000007X1
# Error:        997 +        813 =       1810, but calculator output is          X
# ADD operation result: 000003e5 + 0000032d = 000007X2
# Error:        997 +        814 =       1811, but calculator output is          X
# ADD operation result: 000003e5 + 0000032e = 000007X3
# Error:        997 +        815 =       1812, but calculator output is          X
# ADD operation result: 000003e5 + 0000032f = 000007X4
# ADD operation result: 000003e5 + 00000330 = 00000715
# ADD operation result: 000003e5 + 00000331 = 00000716
# ADD operation result: 000003e5 + 00000332 = 00000717
# ADD operation result: 000003e5 + 00000333 = 00000718
# ADD operation result: 000003e5 + 00000334 = 00000719
# ADD operation result: 000003e5 + 00000335 = 0000071a
# ADD operation result: 000003e5 + 00000336 = 0000071b
# ADD operation result: 000003e5 + 00000337 = 0000071c
# ADD operation result: 000003e5 + 00000338 = 0000071d
# ADD operation result: 000003e5 + 00000339 = 0000071e
# ADD operation result: 000003e5 + 0000033a = 0000071f
# ADD operation result: 000003e5 + 0000033b = 00000720
# ADD operation result: 000003e5 + 0000033c = 00000721
# ADD operation result: 000003e5 + 0000033d = 00000722
# ADD operation result: 000003e5 + 0000033e = 00000723
# ADD operation result: 000003e5 + 0000033f = 00000724
# ADD operation result: 000003e5 + 00000340 = 00000725
# ADD operation result: 000003e5 + 00000341 = 00000726
# ADD operation result: 000003e5 + 00000342 = 00000727
# ADD operation result: 000003e5 + 00000343 = 00000728
# ADD operation result: 000003e5 + 00000344 = 00000729
# ADD operation result: 000003e5 + 00000345 = 0000072a
# ADD operation result: 000003e5 + 00000346 = 0000072b
# ADD operation result: 000003e5 + 00000347 = 0000072c
# ADD operation result: 000003e5 + 00000348 = 0000072d
# ADD operation result: 000003e5 + 00000349 = 0000072e
# ADD operation result: 000003e5 + 0000034a = 0000072f
# ADD operation result: 000003e5 + 0000034b = 00000730
# ADD operation result: 000003e5 + 0000034c = 00000731
# ADD operation result: 000003e5 + 0000034d = 00000732
# ADD operation result: 000003e5 + 0000034e = 00000733
# ADD operation result: 000003e5 + 0000034f = 00000734
# Error:        997 +        848 =       1845, but calculator output is          X
# ADD operation result: 000003e5 + 00000350 = 000007X5
# Error:        997 +        849 =       1846, but calculator output is          X
# ADD operation result: 000003e5 + 00000351 = 000007X6
# Error:        997 +        850 =       1847, but calculator output is          X
# ADD operation result: 000003e5 + 00000352 = 000007X7
# Error:        997 +        851 =       1848, but calculator output is          X
# ADD operation result: 000003e5 + 00000353 = 000007X8
# Error:        997 +        852 =       1849, but calculator output is          X
# ADD operation result: 000003e5 + 00000354 = 000007X9
# Error:        997 +        853 =       1850, but calculator output is          X
# ADD operation result: 000003e5 + 00000355 = 000007Xa
# Error:        997 +        854 =       1851, but calculator output is          X
# ADD operation result: 000003e5 + 00000356 = 000007Xb
# Error:        997 +        855 =       1852, but calculator output is          X
# ADD operation result: 000003e5 + 00000357 = 000007Xc
# Error:        997 +        856 =       1853, but calculator output is          X
# ADD operation result: 000003e5 + 00000358 = 000007Xd
# Error:        997 +        857 =       1854, but calculator output is          X
# ADD operation result: 000003e5 + 00000359 = 000007Xe
# Error:        997 +        858 =       1855, but calculator output is          X
# ADD operation result: 000003e5 + 0000035a = 000007Xf
# Error:        997 +        859 =       1856, but calculator output is          X
# ADD operation result: 000003e5 + 0000035b = 000007X0
# Error:        997 +        860 =       1857, but calculator output is          X
# ADD operation result: 000003e5 + 0000035c = 000007X1
# Error:        997 +        861 =       1858, but calculator output is          X
# ADD operation result: 000003e5 + 0000035d = 000007X2
# Error:        997 +        862 =       1859, but calculator output is          X
# ADD operation result: 000003e5 + 0000035e = 000007X3
# Error:        997 +        863 =       1860, but calculator output is          X
# ADD operation result: 000003e5 + 0000035f = 000007X4
# Error:        997 +        864 =       1861, but calculator output is          X
# ADD operation result: 000003e5 + 00000360 = 000007X5
# Error:        997 +        865 =       1862, but calculator output is          X
# ADD operation result: 000003e5 + 00000361 = 000007X6
# Error:        997 +        866 =       1863, but calculator output is          X
# ADD operation result: 000003e5 + 00000362 = 000007X7
# Error:        997 +        867 =       1864, but calculator output is          X
# ADD operation result: 000003e5 + 00000363 = 000007X8
# Error:        997 +        868 =       1865, but calculator output is          X
# ADD operation result: 000003e5 + 00000364 = 000007X9
# Error:        997 +        869 =       1866, but calculator output is          X
# ADD operation result: 000003e5 + 00000365 = 000007Xa
# Error:        997 +        870 =       1867, but calculator output is          X
# ADD operation result: 000003e5 + 00000366 = 000007Xb
# Error:        997 +        871 =       1868, but calculator output is          X
# ADD operation result: 000003e5 + 00000367 = 000007Xc
# Error:        997 +        872 =       1869, but calculator output is          X
# ADD operation result: 000003e5 + 00000368 = 000007Xd
# Error:        997 +        873 =       1870, but calculator output is          X
# ADD operation result: 000003e5 + 00000369 = 000007Xe
# Error:        997 +        874 =       1871, but calculator output is          X
# ADD operation result: 000003e5 + 0000036a = 000007Xf
# Error:        997 +        875 =       1872, but calculator output is          X
# ADD operation result: 000003e5 + 0000036b = 000007X0
# Error:        997 +        876 =       1873, but calculator output is          X
# ADD operation result: 000003e5 + 0000036c = 000007X1
# Error:        997 +        877 =       1874, but calculator output is          X
# ADD operation result: 000003e5 + 0000036d = 000007X2
# Error:        997 +        878 =       1875, but calculator output is          X
# ADD operation result: 000003e5 + 0000036e = 000007X3
# Error:        997 +        879 =       1876, but calculator output is          X
# ADD operation result: 000003e5 + 0000036f = 000007X4
# ADD operation result: 000003e5 + 00000370 = 00000755
# ADD operation result: 000003e5 + 00000371 = 00000756
# ADD operation result: 000003e5 + 00000372 = 00000757
# ADD operation result: 000003e5 + 00000373 = 00000758
# ADD operation result: 000003e5 + 00000374 = 00000759
# ADD operation result: 000003e5 + 00000375 = 0000075a
# ADD operation result: 000003e5 + 00000376 = 0000075b
# ADD operation result: 000003e5 + 00000377 = 0000075c
# ADD operation result: 000003e5 + 00000378 = 0000075d
# ADD operation result: 000003e5 + 00000379 = 0000075e
# ADD operation result: 000003e5 + 0000037a = 0000075f
# ADD operation result: 000003e5 + 0000037b = 00000760
# ADD operation result: 000003e5 + 0000037c = 00000761
# ADD operation result: 000003e5 + 0000037d = 00000762
# ADD operation result: 000003e5 + 0000037e = 00000763
# ADD operation result: 000003e5 + 0000037f = 00000764
# ADD operation result: 000003e5 + 00000380 = 00000765
# ADD operation result: 000003e5 + 00000381 = 00000766
# ADD operation result: 000003e5 + 00000382 = 00000767
# ADD operation result: 000003e5 + 00000383 = 00000768
# ADD operation result: 000003e5 + 00000384 = 00000769
# ADD operation result: 000003e5 + 00000385 = 0000076a
# ADD operation result: 000003e5 + 00000386 = 0000076b
# ADD operation result: 000003e5 + 00000387 = 0000076c
# ADD operation result: 000003e5 + 00000388 = 0000076d
# ADD operation result: 000003e5 + 00000389 = 0000076e
# ADD operation result: 000003e5 + 0000038a = 0000076f
# ADD operation result: 000003e5 + 0000038b = 00000770
# ADD operation result: 000003e5 + 0000038c = 00000771
# ADD operation result: 000003e5 + 0000038d = 00000772
# ADD operation result: 000003e5 + 0000038e = 00000773
# ADD operation result: 000003e5 + 0000038f = 00000774
# Error:        997 +        912 =       1909, but calculator output is          X
# ADD operation result: 000003e5 + 00000390 = 000007X5
# Error:        997 +        913 =       1910, but calculator output is          X
# ADD operation result: 000003e5 + 00000391 = 000007X6
# Error:        997 +        914 =       1911, but calculator output is          X
# ADD operation result: 000003e5 + 00000392 = 000007X7
# Error:        997 +        915 =       1912, but calculator output is          X
# ADD operation result: 000003e5 + 00000393 = 000007X8
# Error:        997 +        916 =       1913, but calculator output is          X
# ADD operation result: 000003e5 + 00000394 = 000007X9
# Error:        997 +        917 =       1914, but calculator output is          X
# ADD operation result: 000003e5 + 00000395 = 000007Xa
# Error:        997 +        918 =       1915, but calculator output is          X
# ADD operation result: 000003e5 + 00000396 = 000007Xb
# Error:        997 +        919 =       1916, but calculator output is          X
# ADD operation result: 000003e5 + 00000397 = 000007Xc
# Error:        997 +        920 =       1917, but calculator output is          X
# ADD operation result: 000003e5 + 00000398 = 000007Xd
# Error:        997 +        921 =       1918, but calculator output is          X
# ADD operation result: 000003e5 + 00000399 = 000007Xe
# Error:        997 +        922 =       1919, but calculator output is          X
# ADD operation result: 000003e5 + 0000039a = 000007Xf
# Error:        997 +        923 =       1920, but calculator output is          X
# ADD operation result: 000003e5 + 0000039b = 000007X0
# Error:        997 +        924 =       1921, but calculator output is          X
# ADD operation result: 000003e5 + 0000039c = 000007X1
# Error:        997 +        925 =       1922, but calculator output is          X
# ADD operation result: 000003e5 + 0000039d = 000007X2
# Error:        997 +        926 =       1923, but calculator output is          X
# ADD operation result: 000003e5 + 0000039e = 000007X3
# Error:        997 +        927 =       1924, but calculator output is          X
# ADD operation result: 000003e5 + 0000039f = 000007X4
# Error:        997 +        928 =       1925, but calculator output is          X
# ADD operation result: 000003e5 + 000003a0 = 000007X5
# Error:        997 +        929 =       1926, but calculator output is          X
# ADD operation result: 000003e5 + 000003a1 = 000007X6
# Error:        997 +        930 =       1927, but calculator output is          X
# ADD operation result: 000003e5 + 000003a2 = 000007X7
# Error:        997 +        931 =       1928, but calculator output is          X
# ADD operation result: 000003e5 + 000003a3 = 000007X8
# Error:        997 +        932 =       1929, but calculator output is          X
# ADD operation result: 000003e5 + 000003a4 = 000007X9
# Error:        997 +        933 =       1930, but calculator output is          X
# ADD operation result: 000003e5 + 000003a5 = 000007Xa
# Error:        997 +        934 =       1931, but calculator output is          X
# ADD operation result: 000003e5 + 000003a6 = 000007Xb
# Error:        997 +        935 =       1932, but calculator output is          X
# ADD operation result: 000003e5 + 000003a7 = 000007Xc
# Error:        997 +        936 =       1933, but calculator output is          X
# ADD operation result: 000003e5 + 000003a8 = 000007Xd
# Error:        997 +        937 =       1934, but calculator output is          X
# ADD operation result: 000003e5 + 000003a9 = 000007Xe
# Error:        997 +        938 =       1935, but calculator output is          X
# ADD operation result: 000003e5 + 000003aa = 000007Xf
# Error:        997 +        939 =       1936, but calculator output is          X
# ADD operation result: 000003e5 + 000003ab = 000007X0
# Error:        997 +        940 =       1937, but calculator output is          X
# ADD operation result: 000003e5 + 000003ac = 000007X1
# Error:        997 +        941 =       1938, but calculator output is          X
# ADD operation result: 000003e5 + 000003ad = 000007X2
# Error:        997 +        942 =       1939, but calculator output is          X
# ADD operation result: 000003e5 + 000003ae = 000007X3
# Error:        997 +        943 =       1940, but calculator output is          X
# ADD operation result: 000003e5 + 000003af = 000007X4
# ADD operation result: 000003e5 + 000003b0 = 00000795
# ADD operation result: 000003e5 + 000003b1 = 00000796
# ADD operation result: 000003e5 + 000003b2 = 00000797
# ADD operation result: 000003e5 + 000003b3 = 00000798
# ADD operation result: 000003e5 + 000003b4 = 00000799
# ADD operation result: 000003e5 + 000003b5 = 0000079a
# ADD operation result: 000003e5 + 000003b6 = 0000079b
# ADD operation result: 000003e5 + 000003b7 = 0000079c
# ADD operation result: 000003e5 + 000003b8 = 0000079d
# ADD operation result: 000003e5 + 000003b9 = 0000079e
# ADD operation result: 000003e5 + 000003ba = 0000079f
# ADD operation result: 000003e5 + 000003bb = 000007a0
# ADD operation result: 000003e5 + 000003bc = 000007a1
# ADD operation result: 000003e5 + 000003bd = 000007a2
# ADD operation result: 000003e5 + 000003be = 000007a3
# ADD operation result: 000003e5 + 000003bf = 000007a4
# ADD operation result: 000003e5 + 000003c0 = 000007a5
# ADD operation result: 000003e5 + 000003c1 = 000007a6
# ADD operation result: 000003e5 + 000003c2 = 000007a7
# ADD operation result: 000003e5 + 000003c3 = 000007a8
# ADD operation result: 000003e5 + 000003c4 = 000007a9
# ADD operation result: 000003e5 + 000003c5 = 000007aa
# ADD operation result: 000003e5 + 000003c6 = 000007ab
# ADD operation result: 000003e5 + 000003c7 = 000007ac
# ADD operation result: 000003e5 + 000003c8 = 000007ad
# ADD operation result: 000003e5 + 000003c9 = 000007ae
# ADD operation result: 000003e5 + 000003ca = 000007af
# ADD operation result: 000003e5 + 000003cb = 000007b0
# ADD operation result: 000003e5 + 000003cc = 000007b1
# ADD operation result: 000003e5 + 000003cd = 000007b2
# ADD operation result: 000003e5 + 000003ce = 000007b3
# ADD operation result: 000003e5 + 000003cf = 000007b4
# Error:        997 +        976 =       1973, but calculator output is          X
# ADD operation result: 000003e5 + 000003d0 = 000007X5
# Error:        997 +        977 =       1974, but calculator output is          X
# ADD operation result: 000003e5 + 000003d1 = 000007X6
# Error:        997 +        978 =       1975, but calculator output is          X
# ADD operation result: 000003e5 + 000003d2 = 000007X7
# Error:        997 +        979 =       1976, but calculator output is          X
# ADD operation result: 000003e5 + 000003d3 = 000007X8
# Error:        997 +        980 =       1977, but calculator output is          X
# ADD operation result: 000003e5 + 000003d4 = 000007X9
# Error:        997 +        981 =       1978, but calculator output is          X
# ADD operation result: 000003e5 + 000003d5 = 000007Xa
# Error:        997 +        982 =       1979, but calculator output is          X
# ADD operation result: 000003e5 + 000003d6 = 000007Xb
# Error:        997 +        983 =       1980, but calculator output is          X
# ADD operation result: 000003e5 + 000003d7 = 000007Xc
# Error:        997 +        984 =       1981, but calculator output is          X
# ADD operation result: 000003e5 + 000003d8 = 000007Xd
# Error:        997 +        985 =       1982, but calculator output is          X
# ADD operation result: 000003e5 + 000003d9 = 000007Xe
# Error:        997 +        986 =       1983, but calculator output is          X
# ADD operation result: 000003e5 + 000003da = 000007Xf
# Error:        997 +        987 =       1984, but calculator output is          X
# ADD operation result: 000003e5 + 000003db = 000007X0
# Error:        997 +        988 =       1985, but calculator output is          X
# ADD operation result: 000003e5 + 000003dc = 000007X1
# Error:        997 +        989 =       1986, but calculator output is          X
# ADD operation result: 000003e5 + 000003dd = 000007X2
# Error:        997 +        990 =       1987, but calculator output is          X
# ADD operation result: 000003e5 + 000003de = 000007X3
# Error:        997 +        991 =       1988, but calculator output is          X
# ADD operation result: 000003e5 + 000003df = 000007X4
# Error:        997 +        992 =       1989, but calculator output is          X
# ADD operation result: 000003e5 + 000003e0 = 000007X5
# Error:        997 +        993 =       1990, but calculator output is          X
# ADD operation result: 000003e5 + 000003e1 = 000007X6
# Error:        997 +        994 =       1991, but calculator output is          X
# ADD operation result: 000003e5 + 000003e2 = 000007X7
# Error:        997 +        995 =       1992, but calculator output is          X
# ADD operation result: 000003e5 + 000003e3 = 000007X8
# Error:        997 +        996 =       1993, but calculator output is          X
# ADD operation result: 000003e5 + 000003e4 = 000007X9
# Error:        997 +        997 =       1994, but calculator output is          X
# ADD operation result: 000003e5 + 000003e5 = 000007Xa
# Error:        997 +        998 =       1995, but calculator output is          X
# ADD operation result: 000003e5 + 000003e6 = 000007Xb
# Error:        997 +        999 =       1996, but calculator output is          X
# ADD operation result: 000003e5 + 000003e7 = 000007Xc
# Error:        997 +       1000 =       1997, but calculator output is          X
# ADD operation result: 000003e5 + 000003e8 = 000007Xd
# ADD operation result: 000003e6 + 00000000 = 000003e6
# ADD operation result: 000003e6 + 00000001 = 000003e7
# ADD operation result: 000003e6 + 00000002 = 000003e8
# ADD operation result: 000003e6 + 00000003 = 000003e9
# ADD operation result: 000003e6 + 00000004 = 000003ea
# ADD operation result: 000003e6 + 00000005 = 000003eb
# ADD operation result: 000003e6 + 00000006 = 000003ec
# ADD operation result: 000003e6 + 00000007 = 000003ed
# ADD operation result: 000003e6 + 00000008 = 000003ee
# ADD operation result: 000003e6 + 00000009 = 000003ef
# ADD operation result: 000003e6 + 0000000a = 000003f0
# ADD operation result: 000003e6 + 0000000b = 000003f1
# ADD operation result: 000003e6 + 0000000c = 000003f2
# ADD operation result: 000003e6 + 0000000d = 000003f3
# ADD operation result: 000003e6 + 0000000e = 000003f4
# ADD operation result: 000003e6 + 0000000f = 000003f5
# Error:        998 +         16 =       1014, but calculator output is          X
# ADD operation result: 000003e6 + 00000010 = 000003X6
# Error:        998 +         17 =       1015, but calculator output is          X
# ADD operation result: 000003e6 + 00000011 = 000003X7
# Error:        998 +         18 =       1016, but calculator output is          X
# ADD operation result: 000003e6 + 00000012 = 000003X8
# Error:        998 +         19 =       1017, but calculator output is          X
# ADD operation result: 000003e6 + 00000013 = 000003X9
# Error:        998 +         20 =       1018, but calculator output is          X
# ADD operation result: 000003e6 + 00000014 = 000003Xa
# Error:        998 +         21 =       1019, but calculator output is          X
# ADD operation result: 000003e6 + 00000015 = 000003Xb
# Error:        998 +         22 =       1020, but calculator output is          X
# ADD operation result: 000003e6 + 00000016 = 000003Xc
# Error:        998 +         23 =       1021, but calculator output is          X
# ADD operation result: 000003e6 + 00000017 = 000003Xd
# Error:        998 +         24 =       1022, but calculator output is          X
# ADD operation result: 000003e6 + 00000018 = 000003Xe
# Error:        998 +         25 =       1023, but calculator output is          X
# ADD operation result: 000003e6 + 00000019 = 000003Xf
# Error:        998 +         26 =       1024, but calculator output is          X
# ADD operation result: 000003e6 + 0000001a = 00000XX0
# Error:        998 +         27 =       1025, but calculator output is          X
# ADD operation result: 000003e6 + 0000001b = 00000XX1
# Error:        998 +         28 =       1026, but calculator output is          X
# ADD operation result: 000003e6 + 0000001c = 00000XX2
# Error:        998 +         29 =       1027, but calculator output is          X
# ADD operation result: 000003e6 + 0000001d = 00000XX3
# Error:        998 +         30 =       1028, but calculator output is          X
# ADD operation result: 000003e6 + 0000001e = 00000XX4
# Error:        998 +         31 =       1029, but calculator output is          X
# ADD operation result: 000003e6 + 0000001f = 00000XX5
# Error:        998 +         32 =       1030, but calculator output is          X
# ADD operation result: 000003e6 + 00000020 = 000004X6
# Error:        998 +         33 =       1031, but calculator output is          X
# ADD operation result: 000003e6 + 00000021 = 000004X7
# Error:        998 +         34 =       1032, but calculator output is          X
# ADD operation result: 000003e6 + 00000022 = 000004X8
# Error:        998 +         35 =       1033, but calculator output is          X
# ADD operation result: 000003e6 + 00000023 = 000004X9
# Error:        998 +         36 =       1034, but calculator output is          X
# ADD operation result: 000003e6 + 00000024 = 000004Xa
# Error:        998 +         37 =       1035, but calculator output is          X
# ADD operation result: 000003e6 + 00000025 = 000004Xb
# Error:        998 +         38 =       1036, but calculator output is          X
# ADD operation result: 000003e6 + 00000026 = 000004Xc
# Error:        998 +         39 =       1037, but calculator output is          X
# ADD operation result: 000003e6 + 00000027 = 000004Xd
# Error:        998 +         40 =       1038, but calculator output is          X
# ADD operation result: 000003e6 + 00000028 = 000004Xe
# Error:        998 +         41 =       1039, but calculator output is          X
# ADD operation result: 000003e6 + 00000029 = 000004Xf
# Error:        998 +         42 =       1040, but calculator output is          X
# ADD operation result: 000003e6 + 0000002a = 000004X0
# Error:        998 +         43 =       1041, but calculator output is          X
# ADD operation result: 000003e6 + 0000002b = 000004X1
# Error:        998 +         44 =       1042, but calculator output is          X
# ADD operation result: 000003e6 + 0000002c = 000004X2
# Error:        998 +         45 =       1043, but calculator output is          X
# ADD operation result: 000003e6 + 0000002d = 000004X3
# Error:        998 +         46 =       1044, but calculator output is          X
# ADD operation result: 000003e6 + 0000002e = 000004X4
# Error:        998 +         47 =       1045, but calculator output is          X
# ADD operation result: 000003e6 + 0000002f = 000004X5
# ADD operation result: 000003e6 + 00000030 = 00000416
# ADD operation result: 000003e6 + 00000031 = 00000417
# ADD operation result: 000003e6 + 00000032 = 00000418
# ADD operation result: 000003e6 + 00000033 = 00000419
# ADD operation result: 000003e6 + 00000034 = 0000041a
# ADD operation result: 000003e6 + 00000035 = 0000041b
# ADD operation result: 000003e6 + 00000036 = 0000041c
# ADD operation result: 000003e6 + 00000037 = 0000041d
# ADD operation result: 000003e6 + 00000038 = 0000041e
# ADD operation result: 000003e6 + 00000039 = 0000041f
# ADD operation result: 000003e6 + 0000003a = 00000420
# ADD operation result: 000003e6 + 0000003b = 00000421
# ADD operation result: 000003e6 + 0000003c = 00000422
# ADD operation result: 000003e6 + 0000003d = 00000423
# ADD operation result: 000003e6 + 0000003e = 00000424
# ADD operation result: 000003e6 + 0000003f = 00000425
# ADD operation result: 000003e6 + 00000040 = 00000426
# ADD operation result: 000003e6 + 00000041 = 00000427
# ADD operation result: 000003e6 + 00000042 = 00000428
# ADD operation result: 000003e6 + 00000043 = 00000429
# ADD operation result: 000003e6 + 00000044 = 0000042a
# ADD operation result: 000003e6 + 00000045 = 0000042b
# ADD operation result: 000003e6 + 00000046 = 0000042c
# ADD operation result: 000003e6 + 00000047 = 0000042d
# ADD operation result: 000003e6 + 00000048 = 0000042e
# ADD operation result: 000003e6 + 00000049 = 0000042f
# ADD operation result: 000003e6 + 0000004a = 00000430
# ADD operation result: 000003e6 + 0000004b = 00000431
# ADD operation result: 000003e6 + 0000004c = 00000432
# ADD operation result: 000003e6 + 0000004d = 00000433
# ADD operation result: 000003e6 + 0000004e = 00000434
# ADD operation result: 000003e6 + 0000004f = 00000435
# Error:        998 +         80 =       1078, but calculator output is          X
# ADD operation result: 000003e6 + 00000050 = 000004X6
# Error:        998 +         81 =       1079, but calculator output is          X
# ADD operation result: 000003e6 + 00000051 = 000004X7
# Error:        998 +         82 =       1080, but calculator output is          X
# ADD operation result: 000003e6 + 00000052 = 000004X8
# Error:        998 +         83 =       1081, but calculator output is          X
# ADD operation result: 000003e6 + 00000053 = 000004X9
# Error:        998 +         84 =       1082, but calculator output is          X
# ADD operation result: 000003e6 + 00000054 = 000004Xa
# Error:        998 +         85 =       1083, but calculator output is          X
# ADD operation result: 000003e6 + 00000055 = 000004Xb
# Error:        998 +         86 =       1084, but calculator output is          X
# ADD operation result: 000003e6 + 00000056 = 000004Xc
# Error:        998 +         87 =       1085, but calculator output is          X
# ADD operation result: 000003e6 + 00000057 = 000004Xd
# Error:        998 +         88 =       1086, but calculator output is          X
# ADD operation result: 000003e6 + 00000058 = 000004Xe
# Error:        998 +         89 =       1087, but calculator output is          X
# ADD operation result: 000003e6 + 00000059 = 000004Xf
# Error:        998 +         90 =       1088, but calculator output is          X
# ADD operation result: 000003e6 + 0000005a = 000004X0
# Error:        998 +         91 =       1089, but calculator output is          X
# ADD operation result: 000003e6 + 0000005b = 000004X1
# Error:        998 +         92 =       1090, but calculator output is          X
# ADD operation result: 000003e6 + 0000005c = 000004X2
# Error:        998 +         93 =       1091, but calculator output is          X
# ADD operation result: 000003e6 + 0000005d = 000004X3
# Error:        998 +         94 =       1092, but calculator output is          X
# ADD operation result: 000003e6 + 0000005e = 000004X4
# Error:        998 +         95 =       1093, but calculator output is          X
# ADD operation result: 000003e6 + 0000005f = 000004X5
# Error:        998 +         96 =       1094, but calculator output is          X
# ADD operation result: 000003e6 + 00000060 = 000004X6
# Error:        998 +         97 =       1095, but calculator output is          X
# ADD operation result: 000003e6 + 00000061 = 000004X7
# Error:        998 +         98 =       1096, but calculator output is          X
# ADD operation result: 000003e6 + 00000062 = 000004X8
# Error:        998 +         99 =       1097, but calculator output is          X
# ADD operation result: 000003e6 + 00000063 = 000004X9
# Error:        998 +        100 =       1098, but calculator output is          X
# ADD operation result: 000003e6 + 00000064 = 000004Xa
# Error:        998 +        101 =       1099, but calculator output is          X
# ADD operation result: 000003e6 + 00000065 = 000004Xb
# Error:        998 +        102 =       1100, but calculator output is          X
# ADD operation result: 000003e6 + 00000066 = 000004Xc
# Error:        998 +        103 =       1101, but calculator output is          X
# ADD operation result: 000003e6 + 00000067 = 000004Xd
# Error:        998 +        104 =       1102, but calculator output is          X
# ADD operation result: 000003e6 + 00000068 = 000004Xe
# Error:        998 +        105 =       1103, but calculator output is          X
# ADD operation result: 000003e6 + 00000069 = 000004Xf
# Error:        998 +        106 =       1104, but calculator output is          X
# ADD operation result: 000003e6 + 0000006a = 000004X0
# Error:        998 +        107 =       1105, but calculator output is          X
# ADD operation result: 000003e6 + 0000006b = 000004X1
# Error:        998 +        108 =       1106, but calculator output is          X
# ADD operation result: 000003e6 + 0000006c = 000004X2
# Error:        998 +        109 =       1107, but calculator output is          X
# ADD operation result: 000003e6 + 0000006d = 000004X3
# Error:        998 +        110 =       1108, but calculator output is          X
# ADD operation result: 000003e6 + 0000006e = 000004X4
# Error:        998 +        111 =       1109, but calculator output is          X
# ADD operation result: 000003e6 + 0000006f = 000004X5
# ADD operation result: 000003e6 + 00000070 = 00000456
# ADD operation result: 000003e6 + 00000071 = 00000457
# ADD operation result: 000003e6 + 00000072 = 00000458
# ADD operation result: 000003e6 + 00000073 = 00000459
# ADD operation result: 000003e6 + 00000074 = 0000045a
# ADD operation result: 000003e6 + 00000075 = 0000045b
# ADD operation result: 000003e6 + 00000076 = 0000045c
# ADD operation result: 000003e6 + 00000077 = 0000045d
# ADD operation result: 000003e6 + 00000078 = 0000045e
# ADD operation result: 000003e6 + 00000079 = 0000045f
# ADD operation result: 000003e6 + 0000007a = 00000460
# ADD operation result: 000003e6 + 0000007b = 00000461
# ADD operation result: 000003e6 + 0000007c = 00000462
# ADD operation result: 000003e6 + 0000007d = 00000463
# ADD operation result: 000003e6 + 0000007e = 00000464
# ADD operation result: 000003e6 + 0000007f = 00000465
# ADD operation result: 000003e6 + 00000080 = 00000466
# ADD operation result: 000003e6 + 00000081 = 00000467
# ADD operation result: 000003e6 + 00000082 = 00000468
# ADD operation result: 000003e6 + 00000083 = 00000469
# ADD operation result: 000003e6 + 00000084 = 0000046a
# ADD operation result: 000003e6 + 00000085 = 0000046b
# ADD operation result: 000003e6 + 00000086 = 0000046c
# ADD operation result: 000003e6 + 00000087 = 0000046d
# ADD operation result: 000003e6 + 00000088 = 0000046e
# ADD operation result: 000003e6 + 00000089 = 0000046f
# ADD operation result: 000003e6 + 0000008a = 00000470
# ADD operation result: 000003e6 + 0000008b = 00000471
# ADD operation result: 000003e6 + 0000008c = 00000472
# ADD operation result: 000003e6 + 0000008d = 00000473
# ADD operation result: 000003e6 + 0000008e = 00000474
# ADD operation result: 000003e6 + 0000008f = 00000475
# Error:        998 +        144 =       1142, but calculator output is          X
# ADD operation result: 000003e6 + 00000090 = 000004X6
# Error:        998 +        145 =       1143, but calculator output is          X
# ADD operation result: 000003e6 + 00000091 = 000004X7
# Error:        998 +        146 =       1144, but calculator output is          X
# ADD operation result: 000003e6 + 00000092 = 000004X8
# Error:        998 +        147 =       1145, but calculator output is          X
# ADD operation result: 000003e6 + 00000093 = 000004X9
# Error:        998 +        148 =       1146, but calculator output is          X
# ADD operation result: 000003e6 + 00000094 = 000004Xa
# Error:        998 +        149 =       1147, but calculator output is          X
# ADD operation result: 000003e6 + 00000095 = 000004Xb
# Error:        998 +        150 =       1148, but calculator output is          X
# ADD operation result: 000003e6 + 00000096 = 000004Xc
# Error:        998 +        151 =       1149, but calculator output is          X
# ADD operation result: 000003e6 + 00000097 = 000004Xd
# Error:        998 +        152 =       1150, but calculator output is          X
# ADD operation result: 000003e6 + 00000098 = 000004Xe
# Error:        998 +        153 =       1151, but calculator output is          X
# ADD operation result: 000003e6 + 00000099 = 000004Xf
# Error:        998 +        154 =       1152, but calculator output is          X
# ADD operation result: 000003e6 + 0000009a = 000004X0
# Error:        998 +        155 =       1153, but calculator output is          X
# ADD operation result: 000003e6 + 0000009b = 000004X1
# Error:        998 +        156 =       1154, but calculator output is          X
# ADD operation result: 000003e6 + 0000009c = 000004X2
# Error:        998 +        157 =       1155, but calculator output is          X
# ADD operation result: 000003e6 + 0000009d = 000004X3
# Error:        998 +        158 =       1156, but calculator output is          X
# ADD operation result: 000003e6 + 0000009e = 000004X4
# Error:        998 +        159 =       1157, but calculator output is          X
# ADD operation result: 000003e6 + 0000009f = 000004X5
# Error:        998 +        160 =       1158, but calculator output is          X
# ADD operation result: 000003e6 + 000000a0 = 000004X6
# Error:        998 +        161 =       1159, but calculator output is          X
# ADD operation result: 000003e6 + 000000a1 = 000004X7
# Error:        998 +        162 =       1160, but calculator output is          X
# ADD operation result: 000003e6 + 000000a2 = 000004X8
# Error:        998 +        163 =       1161, but calculator output is          X
# ADD operation result: 000003e6 + 000000a3 = 000004X9
# Error:        998 +        164 =       1162, but calculator output is          X
# ADD operation result: 000003e6 + 000000a4 = 000004Xa
# Error:        998 +        165 =       1163, but calculator output is          X
# ADD operation result: 000003e6 + 000000a5 = 000004Xb
# Error:        998 +        166 =       1164, but calculator output is          X
# ADD operation result: 000003e6 + 000000a6 = 000004Xc
# Error:        998 +        167 =       1165, but calculator output is          X
# ADD operation result: 000003e6 + 000000a7 = 000004Xd
# Error:        998 +        168 =       1166, but calculator output is          X
# ADD operation result: 000003e6 + 000000a8 = 000004Xe
# Error:        998 +        169 =       1167, but calculator output is          X
# ADD operation result: 000003e6 + 000000a9 = 000004Xf
# Error:        998 +        170 =       1168, but calculator output is          X
# ADD operation result: 000003e6 + 000000aa = 000004X0
# Error:        998 +        171 =       1169, but calculator output is          X
# ADD operation result: 000003e6 + 000000ab = 000004X1
# Error:        998 +        172 =       1170, but calculator output is          X
# ADD operation result: 000003e6 + 000000ac = 000004X2
# Error:        998 +        173 =       1171, but calculator output is          X
# ADD operation result: 000003e6 + 000000ad = 000004X3
# Error:        998 +        174 =       1172, but calculator output is          X
# ADD operation result: 000003e6 + 000000ae = 000004X4
# Error:        998 +        175 =       1173, but calculator output is          X
# ADD operation result: 000003e6 + 000000af = 000004X5
# ADD operation result: 000003e6 + 000000b0 = 00000496
# ADD operation result: 000003e6 + 000000b1 = 00000497
# ADD operation result: 000003e6 + 000000b2 = 00000498
# ADD operation result: 000003e6 + 000000b3 = 00000499
# ADD operation result: 000003e6 + 000000b4 = 0000049a
# ADD operation result: 000003e6 + 000000b5 = 0000049b
# ADD operation result: 000003e6 + 000000b6 = 0000049c
# ADD operation result: 000003e6 + 000000b7 = 0000049d
# ADD operation result: 000003e6 + 000000b8 = 0000049e
# ADD operation result: 000003e6 + 000000b9 = 0000049f
# ADD operation result: 000003e6 + 000000ba = 000004a0
# ADD operation result: 000003e6 + 000000bb = 000004a1
# ADD operation result: 000003e6 + 000000bc = 000004a2
# ADD operation result: 000003e6 + 000000bd = 000004a3
# ADD operation result: 000003e6 + 000000be = 000004a4
# ADD operation result: 000003e6 + 000000bf = 000004a5
# ADD operation result: 000003e6 + 000000c0 = 000004a6
# ADD operation result: 000003e6 + 000000c1 = 000004a7
# ADD operation result: 000003e6 + 000000c2 = 000004a8
# ADD operation result: 000003e6 + 000000c3 = 000004a9
# ADD operation result: 000003e6 + 000000c4 = 000004aa
# ADD operation result: 000003e6 + 000000c5 = 000004ab
# ADD operation result: 000003e6 + 000000c6 = 000004ac
# ADD operation result: 000003e6 + 000000c7 = 000004ad
# ADD operation result: 000003e6 + 000000c8 = 000004ae
# ADD operation result: 000003e6 + 000000c9 = 000004af
# ADD operation result: 000003e6 + 000000ca = 000004b0
# ADD operation result: 000003e6 + 000000cb = 000004b1
# ADD operation result: 000003e6 + 000000cc = 000004b2
# ADD operation result: 000003e6 + 000000cd = 000004b3
# ADD operation result: 000003e6 + 000000ce = 000004b4
# ADD operation result: 000003e6 + 000000cf = 000004b5
# Error:        998 +        208 =       1206, but calculator output is          X
# ADD operation result: 000003e6 + 000000d0 = 000004X6
# Error:        998 +        209 =       1207, but calculator output is          X
# ADD operation result: 000003e6 + 000000d1 = 000004X7
# Error:        998 +        210 =       1208, but calculator output is          X
# ADD operation result: 000003e6 + 000000d2 = 000004X8
# Error:        998 +        211 =       1209, but calculator output is          X
# ADD operation result: 000003e6 + 000000d3 = 000004X9
# Error:        998 +        212 =       1210, but calculator output is          X
# ADD operation result: 000003e6 + 000000d4 = 000004Xa
# Error:        998 +        213 =       1211, but calculator output is          X
# ADD operation result: 000003e6 + 000000d5 = 000004Xb
# Error:        998 +        214 =       1212, but calculator output is          X
# ADD operation result: 000003e6 + 000000d6 = 000004Xc
# Error:        998 +        215 =       1213, but calculator output is          X
# ADD operation result: 000003e6 + 000000d7 = 000004Xd
# Error:        998 +        216 =       1214, but calculator output is          X
# ADD operation result: 000003e6 + 000000d8 = 000004Xe
# Error:        998 +        217 =       1215, but calculator output is          X
# ADD operation result: 000003e6 + 000000d9 = 000004Xf
# Error:        998 +        218 =       1216, but calculator output is          X
# ADD operation result: 000003e6 + 000000da = 000004X0
# Error:        998 +        219 =       1217, but calculator output is          X
# ADD operation result: 000003e6 + 000000db = 000004X1
# Error:        998 +        220 =       1218, but calculator output is          X
# ADD operation result: 000003e6 + 000000dc = 000004X2
# Error:        998 +        221 =       1219, but calculator output is          X
# ADD operation result: 000003e6 + 000000dd = 000004X3
# Error:        998 +        222 =       1220, but calculator output is          X
# ADD operation result: 000003e6 + 000000de = 000004X4
# Error:        998 +        223 =       1221, but calculator output is          X
# ADD operation result: 000003e6 + 000000df = 000004X5
# Error:        998 +        224 =       1222, but calculator output is          X
# ADD operation result: 000003e6 + 000000e0 = 000004X6
# Error:        998 +        225 =       1223, but calculator output is          X
# ADD operation result: 000003e6 + 000000e1 = 000004X7
# Error:        998 +        226 =       1224, but calculator output is          X
# ADD operation result: 000003e6 + 000000e2 = 000004X8
# Error:        998 +        227 =       1225, but calculator output is          X
# ADD operation result: 000003e6 + 000000e3 = 000004X9
# Error:        998 +        228 =       1226, but calculator output is          X
# ADD operation result: 000003e6 + 000000e4 = 000004Xa
# Error:        998 +        229 =       1227, but calculator output is          X
# ADD operation result: 000003e6 + 000000e5 = 000004Xb
# Error:        998 +        230 =       1228, but calculator output is          X
# ADD operation result: 000003e6 + 000000e6 = 000004Xc
# Error:        998 +        231 =       1229, but calculator output is          X
# ADD operation result: 000003e6 + 000000e7 = 000004Xd
# Error:        998 +        232 =       1230, but calculator output is          X
# ADD operation result: 000003e6 + 000000e8 = 000004Xe
# Error:        998 +        233 =       1231, but calculator output is          X
# ADD operation result: 000003e6 + 000000e9 = 000004Xf
# Error:        998 +        234 =       1232, but calculator output is          X
# ADD operation result: 000003e6 + 000000ea = 000004X0
# Error:        998 +        235 =       1233, but calculator output is          X
# ADD operation result: 000003e6 + 000000eb = 000004X1
# Error:        998 +        236 =       1234, but calculator output is          X
# ADD operation result: 000003e6 + 000000ec = 000004X2
# Error:        998 +        237 =       1235, but calculator output is          X
# ADD operation result: 000003e6 + 000000ed = 000004X3
# Error:        998 +        238 =       1236, but calculator output is          X
# ADD operation result: 000003e6 + 000000ee = 000004X4
# Error:        998 +        239 =       1237, but calculator output is          X
# ADD operation result: 000003e6 + 000000ef = 000004X5
# ADD operation result: 000003e6 + 000000f0 = 000004d6
# ADD operation result: 000003e6 + 000000f1 = 000004d7
# ADD operation result: 000003e6 + 000000f2 = 000004d8
# ADD operation result: 000003e6 + 000000f3 = 000004d9
# ADD operation result: 000003e6 + 000000f4 = 000004da
# ADD operation result: 000003e6 + 000000f5 = 000004db
# ADD operation result: 000003e6 + 000000f6 = 000004dc
# ADD operation result: 000003e6 + 000000f7 = 000004dd
# ADD operation result: 000003e6 + 000000f8 = 000004de
# ADD operation result: 000003e6 + 000000f9 = 000004df
# ADD operation result: 000003e6 + 000000fa = 000004e0
# ADD operation result: 000003e6 + 000000fb = 000004e1
# ADD operation result: 000003e6 + 000000fc = 000004e2
# ADD operation result: 000003e6 + 000000fd = 000004e3
# ADD operation result: 000003e6 + 000000fe = 000004e4
# ADD operation result: 000003e6 + 000000ff = 000004e5
# ADD operation result: 000003e6 + 00000100 = 000004e6
# ADD operation result: 000003e6 + 00000101 = 000004e7
# ADD operation result: 000003e6 + 00000102 = 000004e8
# ADD operation result: 000003e6 + 00000103 = 000004e9
# ADD operation result: 000003e6 + 00000104 = 000004ea
# ADD operation result: 000003e6 + 00000105 = 000004eb
# ADD operation result: 000003e6 + 00000106 = 000004ec
# ADD operation result: 000003e6 + 00000107 = 000004ed
# ADD operation result: 000003e6 + 00000108 = 000004ee
# ADD operation result: 000003e6 + 00000109 = 000004ef
# ADD operation result: 000003e6 + 0000010a = 000004f0
# ADD operation result: 000003e6 + 0000010b = 000004f1
# ADD operation result: 000003e6 + 0000010c = 000004f2
# ADD operation result: 000003e6 + 0000010d = 000004f3
# ADD operation result: 000003e6 + 0000010e = 000004f4
# ADD operation result: 000003e6 + 0000010f = 000004f5
# Error:        998 +        272 =       1270, but calculator output is          X
# ADD operation result: 000003e6 + 00000110 = 000004X6
# Error:        998 +        273 =       1271, but calculator output is          X
# ADD operation result: 000003e6 + 00000111 = 000004X7
# Error:        998 +        274 =       1272, but calculator output is          X
# ADD operation result: 000003e6 + 00000112 = 000004X8
# Error:        998 +        275 =       1273, but calculator output is          X
# ADD operation result: 000003e6 + 00000113 = 000004X9
# Error:        998 +        276 =       1274, but calculator output is          X
# ADD operation result: 000003e6 + 00000114 = 000004Xa
# Error:        998 +        277 =       1275, but calculator output is          X
# ADD operation result: 000003e6 + 00000115 = 000004Xb
# Error:        998 +        278 =       1276, but calculator output is          X
# ADD operation result: 000003e6 + 00000116 = 000004Xc
# Error:        998 +        279 =       1277, but calculator output is          X
# ADD operation result: 000003e6 + 00000117 = 000004Xd
# Error:        998 +        280 =       1278, but calculator output is          X
# ADD operation result: 000003e6 + 00000118 = 000004Xe
# Error:        998 +        281 =       1279, but calculator output is          X
# ADD operation result: 000003e6 + 00000119 = 000004Xf
# Error:        998 +        282 =       1280, but calculator output is          X
# ADD operation result: 000003e6 + 0000011a = 00000XX0
# Error:        998 +        283 =       1281, but calculator output is          X
# ADD operation result: 000003e6 + 0000011b = 00000XX1
# Error:        998 +        284 =       1282, but calculator output is          X
# ADD operation result: 000003e6 + 0000011c = 00000XX2
# Error:        998 +        285 =       1283, but calculator output is          X
# ADD operation result: 000003e6 + 0000011d = 00000XX3
# Error:        998 +        286 =       1284, but calculator output is          X
# ADD operation result: 000003e6 + 0000011e = 00000XX4
# Error:        998 +        287 =       1285, but calculator output is          X
# ADD operation result: 000003e6 + 0000011f = 00000XX5
# Error:        998 +        288 =       1286, but calculator output is          X
# ADD operation result: 000003e6 + 00000120 = 000005X6
# Error:        998 +        289 =       1287, but calculator output is          X
# ADD operation result: 000003e6 + 00000121 = 000005X7
# Error:        998 +        290 =       1288, but calculator output is          X
# ADD operation result: 000003e6 + 00000122 = 000005X8
# Error:        998 +        291 =       1289, but calculator output is          X
# ADD operation result: 000003e6 + 00000123 = 000005X9
# Error:        998 +        292 =       1290, but calculator output is          X
# ADD operation result: 000003e6 + 00000124 = 000005Xa
# Error:        998 +        293 =       1291, but calculator output is          X
# ADD operation result: 000003e6 + 00000125 = 000005Xb
# Error:        998 +        294 =       1292, but calculator output is          X
# ADD operation result: 000003e6 + 00000126 = 000005Xc
# Error:        998 +        295 =       1293, but calculator output is          X
# ADD operation result: 000003e6 + 00000127 = 000005Xd
# Error:        998 +        296 =       1294, but calculator output is          X
# ADD operation result: 000003e6 + 00000128 = 000005Xe
# Error:        998 +        297 =       1295, but calculator output is          X
# ADD operation result: 000003e6 + 00000129 = 000005Xf
# Error:        998 +        298 =       1296, but calculator output is          X
# ADD operation result: 000003e6 + 0000012a = 000005X0
# Error:        998 +        299 =       1297, but calculator output is          X
# ADD operation result: 000003e6 + 0000012b = 000005X1
# Error:        998 +        300 =       1298, but calculator output is          X
# ADD operation result: 000003e6 + 0000012c = 000005X2
# Error:        998 +        301 =       1299, but calculator output is          X
# ADD operation result: 000003e6 + 0000012d = 000005X3
# Error:        998 +        302 =       1300, but calculator output is          X
# ADD operation result: 000003e6 + 0000012e = 000005X4
# Error:        998 +        303 =       1301, but calculator output is          X
# ADD operation result: 000003e6 + 0000012f = 000005X5
# ADD operation result: 000003e6 + 00000130 = 00000516
# ADD operation result: 000003e6 + 00000131 = 00000517
# ADD operation result: 000003e6 + 00000132 = 00000518
# ADD operation result: 000003e6 + 00000133 = 00000519
# ADD operation result: 000003e6 + 00000134 = 0000051a
# ADD operation result: 000003e6 + 00000135 = 0000051b
# ADD operation result: 000003e6 + 00000136 = 0000051c
# ADD operation result: 000003e6 + 00000137 = 0000051d
# ADD operation result: 000003e6 + 00000138 = 0000051e
# ADD operation result: 000003e6 + 00000139 = 0000051f
# ADD operation result: 000003e6 + 0000013a = 00000520
# ADD operation result: 000003e6 + 0000013b = 00000521
# ADD operation result: 000003e6 + 0000013c = 00000522
# ADD operation result: 000003e6 + 0000013d = 00000523
# ADD operation result: 000003e6 + 0000013e = 00000524
# ADD operation result: 000003e6 + 0000013f = 00000525
# ADD operation result: 000003e6 + 00000140 = 00000526
# ADD operation result: 000003e6 + 00000141 = 00000527
# ADD operation result: 000003e6 + 00000142 = 00000528
# ADD operation result: 000003e6 + 00000143 = 00000529
# ADD operation result: 000003e6 + 00000144 = 0000052a
# ADD operation result: 000003e6 + 00000145 = 0000052b
# ADD operation result: 000003e6 + 00000146 = 0000052c
# ADD operation result: 000003e6 + 00000147 = 0000052d
# ADD operation result: 000003e6 + 00000148 = 0000052e
# ADD operation result: 000003e6 + 00000149 = 0000052f
# ADD operation result: 000003e6 + 0000014a = 00000530
# ADD operation result: 000003e6 + 0000014b = 00000531
# ADD operation result: 000003e6 + 0000014c = 00000532
# ADD operation result: 000003e6 + 0000014d = 00000533
# ADD operation result: 000003e6 + 0000014e = 00000534
# ADD operation result: 000003e6 + 0000014f = 00000535
# Error:        998 +        336 =       1334, but calculator output is          X
# ADD operation result: 000003e6 + 00000150 = 000005X6
# Error:        998 +        337 =       1335, but calculator output is          X
# ADD operation result: 000003e6 + 00000151 = 000005X7
# Error:        998 +        338 =       1336, but calculator output is          X
# ADD operation result: 000003e6 + 00000152 = 000005X8
# Error:        998 +        339 =       1337, but calculator output is          X
# ADD operation result: 000003e6 + 00000153 = 000005X9
# Error:        998 +        340 =       1338, but calculator output is          X
# ADD operation result: 000003e6 + 00000154 = 000005Xa
# Error:        998 +        341 =       1339, but calculator output is          X
# ADD operation result: 000003e6 + 00000155 = 000005Xb
# Error:        998 +        342 =       1340, but calculator output is          X
# ADD operation result: 000003e6 + 00000156 = 000005Xc
# Error:        998 +        343 =       1341, but calculator output is          X
# ADD operation result: 000003e6 + 00000157 = 000005Xd
# Error:        998 +        344 =       1342, but calculator output is          X
# ADD operation result: 000003e6 + 00000158 = 000005Xe
# Error:        998 +        345 =       1343, but calculator output is          X
# ADD operation result: 000003e6 + 00000159 = 000005Xf
# Error:        998 +        346 =       1344, but calculator output is          X
# ADD operation result: 000003e6 + 0000015a = 000005X0
# Error:        998 +        347 =       1345, but calculator output is          X
# ADD operation result: 000003e6 + 0000015b = 000005X1
# Error:        998 +        348 =       1346, but calculator output is          X
# ADD operation result: 000003e6 + 0000015c = 000005X2
# Error:        998 +        349 =       1347, but calculator output is          X
# ADD operation result: 000003e6 + 0000015d = 000005X3
# Error:        998 +        350 =       1348, but calculator output is          X
# ADD operation result: 000003e6 + 0000015e = 000005X4
# Error:        998 +        351 =       1349, but calculator output is          X
# ADD operation result: 000003e6 + 0000015f = 000005X5
# Error:        998 +        352 =       1350, but calculator output is          X
# ADD operation result: 000003e6 + 00000160 = 000005X6
# Error:        998 +        353 =       1351, but calculator output is          X
# ADD operation result: 000003e6 + 00000161 = 000005X7
# Error:        998 +        354 =       1352, but calculator output is          X
# ADD operation result: 000003e6 + 00000162 = 000005X8
# Error:        998 +        355 =       1353, but calculator output is          X
# ADD operation result: 000003e6 + 00000163 = 000005X9
# Error:        998 +        356 =       1354, but calculator output is          X
# ADD operation result: 000003e6 + 00000164 = 000005Xa
# Error:        998 +        357 =       1355, but calculator output is          X
# ADD operation result: 000003e6 + 00000165 = 000005Xb
# Error:        998 +        358 =       1356, but calculator output is          X
# ADD operation result: 000003e6 + 00000166 = 000005Xc
# Error:        998 +        359 =       1357, but calculator output is          X
# ADD operation result: 000003e6 + 00000167 = 000005Xd
# Error:        998 +        360 =       1358, but calculator output is          X
# ADD operation result: 000003e6 + 00000168 = 000005Xe
# Error:        998 +        361 =       1359, but calculator output is          X
# ADD operation result: 000003e6 + 00000169 = 000005Xf
# Error:        998 +        362 =       1360, but calculator output is          X
# ADD operation result: 000003e6 + 0000016a = 000005X0
# Error:        998 +        363 =       1361, but calculator output is          X
# ADD operation result: 000003e6 + 0000016b = 000005X1
# Error:        998 +        364 =       1362, but calculator output is          X
# ADD operation result: 000003e6 + 0000016c = 000005X2
# Error:        998 +        365 =       1363, but calculator output is          X
# ADD operation result: 000003e6 + 0000016d = 000005X3
# Error:        998 +        366 =       1364, but calculator output is          X
# ADD operation result: 000003e6 + 0000016e = 000005X4
# Error:        998 +        367 =       1365, but calculator output is          X
# ADD operation result: 000003e6 + 0000016f = 000005X5
# ADD operation result: 000003e6 + 00000170 = 00000556
# ADD operation result: 000003e6 + 00000171 = 00000557
# ADD operation result: 000003e6 + 00000172 = 00000558
# ADD operation result: 000003e6 + 00000173 = 00000559
# ADD operation result: 000003e6 + 00000174 = 0000055a
# ADD operation result: 000003e6 + 00000175 = 0000055b
# ADD operation result: 000003e6 + 00000176 = 0000055c
# ADD operation result: 000003e6 + 00000177 = 0000055d
# ADD operation result: 000003e6 + 00000178 = 0000055e
# ADD operation result: 000003e6 + 00000179 = 0000055f
# ADD operation result: 000003e6 + 0000017a = 00000560
# ADD operation result: 000003e6 + 0000017b = 00000561
# ADD operation result: 000003e6 + 0000017c = 00000562
# ADD operation result: 000003e6 + 0000017d = 00000563
# ADD operation result: 000003e6 + 0000017e = 00000564
# ADD operation result: 000003e6 + 0000017f = 00000565
# ADD operation result: 000003e6 + 00000180 = 00000566
# ADD operation result: 000003e6 + 00000181 = 00000567
# ADD operation result: 000003e6 + 00000182 = 00000568
# ADD operation result: 000003e6 + 00000183 = 00000569
# ADD operation result: 000003e6 + 00000184 = 0000056a
# ADD operation result: 000003e6 + 00000185 = 0000056b
# ADD operation result: 000003e6 + 00000186 = 0000056c
# ADD operation result: 000003e6 + 00000187 = 0000056d
# ADD operation result: 000003e6 + 00000188 = 0000056e
# ADD operation result: 000003e6 + 00000189 = 0000056f
# ADD operation result: 000003e6 + 0000018a = 00000570
# ADD operation result: 000003e6 + 0000018b = 00000571
# ADD operation result: 000003e6 + 0000018c = 00000572
# ADD operation result: 000003e6 + 0000018d = 00000573
# ADD operation result: 000003e6 + 0000018e = 00000574
# ADD operation result: 000003e6 + 0000018f = 00000575
# Error:        998 +        400 =       1398, but calculator output is          X
# ADD operation result: 000003e6 + 00000190 = 000005X6
# Error:        998 +        401 =       1399, but calculator output is          X
# ADD operation result: 000003e6 + 00000191 = 000005X7
# Error:        998 +        402 =       1400, but calculator output is          X
# ADD operation result: 000003e6 + 00000192 = 000005X8
# Error:        998 +        403 =       1401, but calculator output is          X
# ADD operation result: 000003e6 + 00000193 = 000005X9
# Error:        998 +        404 =       1402, but calculator output is          X
# ADD operation result: 000003e6 + 00000194 = 000005Xa
# Error:        998 +        405 =       1403, but calculator output is          X
# ADD operation result: 000003e6 + 00000195 = 000005Xb
# Error:        998 +        406 =       1404, but calculator output is          X
# ADD operation result: 000003e6 + 00000196 = 000005Xc
# Error:        998 +        407 =       1405, but calculator output is          X
# ADD operation result: 000003e6 + 00000197 = 000005Xd
# Error:        998 +        408 =       1406, but calculator output is          X
# ADD operation result: 000003e6 + 00000198 = 000005Xe
# Error:        998 +        409 =       1407, but calculator output is          X
# ADD operation result: 000003e6 + 00000199 = 000005Xf
# Error:        998 +        410 =       1408, but calculator output is          X
# ADD operation result: 000003e6 + 0000019a = 000005X0
# Error:        998 +        411 =       1409, but calculator output is          X
# ADD operation result: 000003e6 + 0000019b = 000005X1
# Error:        998 +        412 =       1410, but calculator output is          X
# ADD operation result: 000003e6 + 0000019c = 000005X2
# Error:        998 +        413 =       1411, but calculator output is          X
# ADD operation result: 000003e6 + 0000019d = 000005X3
# Error:        998 +        414 =       1412, but calculator output is          X
# ADD operation result: 000003e6 + 0000019e = 000005X4
# Error:        998 +        415 =       1413, but calculator output is          X
# ADD operation result: 000003e6 + 0000019f = 000005X5
# Error:        998 +        416 =       1414, but calculator output is          X
# ADD operation result: 000003e6 + 000001a0 = 000005X6
# Error:        998 +        417 =       1415, but calculator output is          X
# ADD operation result: 000003e6 + 000001a1 = 000005X7
# Error:        998 +        418 =       1416, but calculator output is          X
# ADD operation result: 000003e6 + 000001a2 = 000005X8
# Error:        998 +        419 =       1417, but calculator output is          X
# ADD operation result: 000003e6 + 000001a3 = 000005X9
# Error:        998 +        420 =       1418, but calculator output is          X
# ADD operation result: 000003e6 + 000001a4 = 000005Xa
# Error:        998 +        421 =       1419, but calculator output is          X
# ADD operation result: 000003e6 + 000001a5 = 000005Xb
# Error:        998 +        422 =       1420, but calculator output is          X
# ADD operation result: 000003e6 + 000001a6 = 000005Xc
# Error:        998 +        423 =       1421, but calculator output is          X
# ADD operation result: 000003e6 + 000001a7 = 000005Xd
# Error:        998 +        424 =       1422, but calculator output is          X
# ADD operation result: 000003e6 + 000001a8 = 000005Xe
# Error:        998 +        425 =       1423, but calculator output is          X
# ADD operation result: 000003e6 + 000001a9 = 000005Xf
# Error:        998 +        426 =       1424, but calculator output is          X
# ADD operation result: 000003e6 + 000001aa = 000005X0
# Error:        998 +        427 =       1425, but calculator output is          X
# ADD operation result: 000003e6 + 000001ab = 000005X1
# Error:        998 +        428 =       1426, but calculator output is          X
# ADD operation result: 000003e6 + 000001ac = 000005X2
# Error:        998 +        429 =       1427, but calculator output is          X
# ADD operation result: 000003e6 + 000001ad = 000005X3
# Error:        998 +        430 =       1428, but calculator output is          X
# ADD operation result: 000003e6 + 000001ae = 000005X4
# Error:        998 +        431 =       1429, but calculator output is          X
# ADD operation result: 000003e6 + 000001af = 000005X5
# ADD operation result: 000003e6 + 000001b0 = 00000596
# ADD operation result: 000003e6 + 000001b1 = 00000597
# ADD operation result: 000003e6 + 000001b2 = 00000598
# ADD operation result: 000003e6 + 000001b3 = 00000599
# ADD operation result: 000003e6 + 000001b4 = 0000059a
# ADD operation result: 000003e6 + 000001b5 = 0000059b
# ADD operation result: 000003e6 + 000001b6 = 0000059c
# ADD operation result: 000003e6 + 000001b7 = 0000059d
# ADD operation result: 000003e6 + 000001b8 = 0000059e
# ADD operation result: 000003e6 + 000001b9 = 0000059f
# ADD operation result: 000003e6 + 000001ba = 000005a0
# ADD operation result: 000003e6 + 000001bb = 000005a1
# ADD operation result: 000003e6 + 000001bc = 000005a2
# ADD operation result: 000003e6 + 000001bd = 000005a3
# ADD operation result: 000003e6 + 000001be = 000005a4
# ADD operation result: 000003e6 + 000001bf = 000005a5
# ADD operation result: 000003e6 + 000001c0 = 000005a6
# ADD operation result: 000003e6 + 000001c1 = 000005a7
# ADD operation result: 000003e6 + 000001c2 = 000005a8
# ADD operation result: 000003e6 + 000001c3 = 000005a9
# ADD operation result: 000003e6 + 000001c4 = 000005aa
# ADD operation result: 000003e6 + 000001c5 = 000005ab
# ADD operation result: 000003e6 + 000001c6 = 000005ac
# ADD operation result: 000003e6 + 000001c7 = 000005ad
# ADD operation result: 000003e6 + 000001c8 = 000005ae
# ADD operation result: 000003e6 + 000001c9 = 000005af
# ADD operation result: 000003e6 + 000001ca = 000005b0
# ADD operation result: 000003e6 + 000001cb = 000005b1
# ADD operation result: 000003e6 + 000001cc = 000005b2
# ADD operation result: 000003e6 + 000001cd = 000005b3
# ADD operation result: 000003e6 + 000001ce = 000005b4
# ADD operation result: 000003e6 + 000001cf = 000005b5
# Error:        998 +        464 =       1462, but calculator output is          X
# ADD operation result: 000003e6 + 000001d0 = 000005X6
# Error:        998 +        465 =       1463, but calculator output is          X
# ADD operation result: 000003e6 + 000001d1 = 000005X7
# Error:        998 +        466 =       1464, but calculator output is          X
# ADD operation result: 000003e6 + 000001d2 = 000005X8
# Error:        998 +        467 =       1465, but calculator output is          X
# ADD operation result: 000003e6 + 000001d3 = 000005X9
# Error:        998 +        468 =       1466, but calculator output is          X
# ADD operation result: 000003e6 + 000001d4 = 000005Xa
# Error:        998 +        469 =       1467, but calculator output is          X
# ADD operation result: 000003e6 + 000001d5 = 000005Xb
# Error:        998 +        470 =       1468, but calculator output is          X
# ADD operation result: 000003e6 + 000001d6 = 000005Xc
# Error:        998 +        471 =       1469, but calculator output is          X
# ADD operation result: 000003e6 + 000001d7 = 000005Xd
# Error:        998 +        472 =       1470, but calculator output is          X
# ADD operation result: 000003e6 + 000001d8 = 000005Xe
# Error:        998 +        473 =       1471, but calculator output is          X
# ADD operation result: 000003e6 + 000001d9 = 000005Xf
# Error:        998 +        474 =       1472, but calculator output is          X
# ADD operation result: 000003e6 + 000001da = 000005X0
# Error:        998 +        475 =       1473, but calculator output is          X
# ADD operation result: 000003e6 + 000001db = 000005X1
# Error:        998 +        476 =       1474, but calculator output is          X
# ADD operation result: 000003e6 + 000001dc = 000005X2
# Error:        998 +        477 =       1475, but calculator output is          X
# ADD operation result: 000003e6 + 000001dd = 000005X3
# Error:        998 +        478 =       1476, but calculator output is          X
# ADD operation result: 000003e6 + 000001de = 000005X4
# Error:        998 +        479 =       1477, but calculator output is          X
# ADD operation result: 000003e6 + 000001df = 000005X5
# Error:        998 +        480 =       1478, but calculator output is          X
# ADD operation result: 000003e6 + 000001e0 = 000005X6
# Error:        998 +        481 =       1479, but calculator output is          X
# ADD operation result: 000003e6 + 000001e1 = 000005X7
# Error:        998 +        482 =       1480, but calculator output is          X
# ADD operation result: 000003e6 + 000001e2 = 000005X8
# Error:        998 +        483 =       1481, but calculator output is          X
# ADD operation result: 000003e6 + 000001e3 = 000005X9
# Error:        998 +        484 =       1482, but calculator output is          X
# ADD operation result: 000003e6 + 000001e4 = 000005Xa
# Error:        998 +        485 =       1483, but calculator output is          X
# ADD operation result: 000003e6 + 000001e5 = 000005Xb
# Error:        998 +        486 =       1484, but calculator output is          X
# ADD operation result: 000003e6 + 000001e6 = 000005Xc
# Error:        998 +        487 =       1485, but calculator output is          X
# ADD operation result: 000003e6 + 000001e7 = 000005Xd
# Error:        998 +        488 =       1486, but calculator output is          X
# ADD operation result: 000003e6 + 000001e8 = 000005Xe
# Error:        998 +        489 =       1487, but calculator output is          X
# ADD operation result: 000003e6 + 000001e9 = 000005Xf
# Error:        998 +        490 =       1488, but calculator output is          X
# ADD operation result: 000003e6 + 000001ea = 000005X0
# Error:        998 +        491 =       1489, but calculator output is          X
# ADD operation result: 000003e6 + 000001eb = 000005X1
# Error:        998 +        492 =       1490, but calculator output is          X
# ADD operation result: 000003e6 + 000001ec = 000005X2
# Error:        998 +        493 =       1491, but calculator output is          X
# ADD operation result: 000003e6 + 000001ed = 000005X3
# Error:        998 +        494 =       1492, but calculator output is          X
# ADD operation result: 000003e6 + 000001ee = 000005X4
# Error:        998 +        495 =       1493, but calculator output is          X
# ADD operation result: 000003e6 + 000001ef = 000005X5
# ADD operation result: 000003e6 + 000001f0 = 000005d6
# ADD operation result: 000003e6 + 000001f1 = 000005d7
# ADD operation result: 000003e6 + 000001f2 = 000005d8
# ADD operation result: 000003e6 + 000001f3 = 000005d9
# ADD operation result: 000003e6 + 000001f4 = 000005da
# ADD operation result: 000003e6 + 000001f5 = 000005db
# ADD operation result: 000003e6 + 000001f6 = 000005dc
# ADD operation result: 000003e6 + 000001f7 = 000005dd
# ADD operation result: 000003e6 + 000001f8 = 000005de
# ADD operation result: 000003e6 + 000001f9 = 000005df
# ADD operation result: 000003e6 + 000001fa = 000005e0
# ADD operation result: 000003e6 + 000001fb = 000005e1
# ADD operation result: 000003e6 + 000001fc = 000005e2
# ADD operation result: 000003e6 + 000001fd = 000005e3
# ADD operation result: 000003e6 + 000001fe = 000005e4
# ADD operation result: 000003e6 + 000001ff = 000005e5
# ADD operation result: 000003e6 + 00000200 = 000005e6
# ADD operation result: 000003e6 + 00000201 = 000005e7
# ADD operation result: 000003e6 + 00000202 = 000005e8
# ADD operation result: 000003e6 + 00000203 = 000005e9
# ADD operation result: 000003e6 + 00000204 = 000005ea
# ADD operation result: 000003e6 + 00000205 = 000005eb
# ADD operation result: 000003e6 + 00000206 = 000005ec
# ADD operation result: 000003e6 + 00000207 = 000005ed
# ADD operation result: 000003e6 + 00000208 = 000005ee
# ADD operation result: 000003e6 + 00000209 = 000005ef
# ADD operation result: 000003e6 + 0000020a = 000005f0
# ADD operation result: 000003e6 + 0000020b = 000005f1
# ADD operation result: 000003e6 + 0000020c = 000005f2
# ADD operation result: 000003e6 + 0000020d = 000005f3
# ADD operation result: 000003e6 + 0000020e = 000005f4
# ADD operation result: 000003e6 + 0000020f = 000005f5
# Error:        998 +        528 =       1526, but calculator output is          X
# ADD operation result: 000003e6 + 00000210 = 000005X6
# Error:        998 +        529 =       1527, but calculator output is          X
# ADD operation result: 000003e6 + 00000211 = 000005X7
# Error:        998 +        530 =       1528, but calculator output is          X
# ADD operation result: 000003e6 + 00000212 = 000005X8
# Error:        998 +        531 =       1529, but calculator output is          X
# ADD operation result: 000003e6 + 00000213 = 000005X9
# Error:        998 +        532 =       1530, but calculator output is          X
# ADD operation result: 000003e6 + 00000214 = 000005Xa
# Error:        998 +        533 =       1531, but calculator output is          X
# ADD operation result: 000003e6 + 00000215 = 000005Xb
# Error:        998 +        534 =       1532, but calculator output is          X
# ADD operation result: 000003e6 + 00000216 = 000005Xc
# Error:        998 +        535 =       1533, but calculator output is          X
# ADD operation result: 000003e6 + 00000217 = 000005Xd
# Error:        998 +        536 =       1534, but calculator output is          X
# ADD operation result: 000003e6 + 00000218 = 000005Xe
# Error:        998 +        537 =       1535, but calculator output is          X
# ADD operation result: 000003e6 + 00000219 = 000005Xf
# Error:        998 +        538 =       1536, but calculator output is          X
# ADD operation result: 000003e6 + 0000021a = 00000XX0
# Error:        998 +        539 =       1537, but calculator output is          X
# ADD operation result: 000003e6 + 0000021b = 00000XX1
# Error:        998 +        540 =       1538, but calculator output is          X
# ADD operation result: 000003e6 + 0000021c = 00000XX2
# Error:        998 +        541 =       1539, but calculator output is          X
# ADD operation result: 000003e6 + 0000021d = 00000XX3
# Error:        998 +        542 =       1540, but calculator output is          X
# ADD operation result: 000003e6 + 0000021e = 00000XX4
# Error:        998 +        543 =       1541, but calculator output is          X
# ADD operation result: 000003e6 + 0000021f = 00000XX5
# Error:        998 +        544 =       1542, but calculator output is          X
# ADD operation result: 000003e6 + 00000220 = 000006X6
# Error:        998 +        545 =       1543, but calculator output is          X
# ADD operation result: 000003e6 + 00000221 = 000006X7
# Error:        998 +        546 =       1544, but calculator output is          X
# ADD operation result: 000003e6 + 00000222 = 000006X8
# Error:        998 +        547 =       1545, but calculator output is          X
# ADD operation result: 000003e6 + 00000223 = 000006X9
# Error:        998 +        548 =       1546, but calculator output is          X
# ADD operation result: 000003e6 + 00000224 = 000006Xa
# Error:        998 +        549 =       1547, but calculator output is          X
# ADD operation result: 000003e6 + 00000225 = 000006Xb
# Error:        998 +        550 =       1548, but calculator output is          X
# ADD operation result: 000003e6 + 00000226 = 000006Xc
# Error:        998 +        551 =       1549, but calculator output is          X
# ADD operation result: 000003e6 + 00000227 = 000006Xd
# Error:        998 +        552 =       1550, but calculator output is          X
# ADD operation result: 000003e6 + 00000228 = 000006Xe
# Error:        998 +        553 =       1551, but calculator output is          X
# ADD operation result: 000003e6 + 00000229 = 000006Xf
# Error:        998 +        554 =       1552, but calculator output is          X
# ADD operation result: 000003e6 + 0000022a = 000006X0
# Error:        998 +        555 =       1553, but calculator output is          X
# ADD operation result: 000003e6 + 0000022b = 000006X1
# Error:        998 +        556 =       1554, but calculator output is          X
# ADD operation result: 000003e6 + 0000022c = 000006X2
# Error:        998 +        557 =       1555, but calculator output is          X
# ADD operation result: 000003e6 + 0000022d = 000006X3
# Error:        998 +        558 =       1556, but calculator output is          X
# ADD operation result: 000003e6 + 0000022e = 000006X4
# Error:        998 +        559 =       1557, but calculator output is          X
# ADD operation result: 000003e6 + 0000022f = 000006X5
# ADD operation result: 000003e6 + 00000230 = 00000616
# ADD operation result: 000003e6 + 00000231 = 00000617
# ADD operation result: 000003e6 + 00000232 = 00000618
# ADD operation result: 000003e6 + 00000233 = 00000619
# ADD operation result: 000003e6 + 00000234 = 0000061a
# ADD operation result: 000003e6 + 00000235 = 0000061b
# ADD operation result: 000003e6 + 00000236 = 0000061c
# ADD operation result: 000003e6 + 00000237 = 0000061d
# ADD operation result: 000003e6 + 00000238 = 0000061e
# ADD operation result: 000003e6 + 00000239 = 0000061f
# ADD operation result: 000003e6 + 0000023a = 00000620
# ADD operation result: 000003e6 + 0000023b = 00000621
# ADD operation result: 000003e6 + 0000023c = 00000622
# ADD operation result: 000003e6 + 0000023d = 00000623
# ADD operation result: 000003e6 + 0000023e = 00000624
# ADD operation result: 000003e6 + 0000023f = 00000625
# ADD operation result: 000003e6 + 00000240 = 00000626
# ADD operation result: 000003e6 + 00000241 = 00000627
# ADD operation result: 000003e6 + 00000242 = 00000628
# ADD operation result: 000003e6 + 00000243 = 00000629
# ADD operation result: 000003e6 + 00000244 = 0000062a
# ADD operation result: 000003e6 + 00000245 = 0000062b
# ADD operation result: 000003e6 + 00000246 = 0000062c
# ADD operation result: 000003e6 + 00000247 = 0000062d
# ADD operation result: 000003e6 + 00000248 = 0000062e
# ADD operation result: 000003e6 + 00000249 = 0000062f
# ADD operation result: 000003e6 + 0000024a = 00000630
# ADD operation result: 000003e6 + 0000024b = 00000631
# ADD operation result: 000003e6 + 0000024c = 00000632
# ADD operation result: 000003e6 + 0000024d = 00000633
# ADD operation result: 000003e6 + 0000024e = 00000634
# ADD operation result: 000003e6 + 0000024f = 00000635
# Error:        998 +        592 =       1590, but calculator output is          X
# ADD operation result: 000003e6 + 00000250 = 000006X6
# Error:        998 +        593 =       1591, but calculator output is          X
# ADD operation result: 000003e6 + 00000251 = 000006X7
# Error:        998 +        594 =       1592, but calculator output is          X
# ADD operation result: 000003e6 + 00000252 = 000006X8
# Error:        998 +        595 =       1593, but calculator output is          X
# ADD operation result: 000003e6 + 00000253 = 000006X9
# Error:        998 +        596 =       1594, but calculator output is          X
# ADD operation result: 000003e6 + 00000254 = 000006Xa
# Error:        998 +        597 =       1595, but calculator output is          X
# ADD operation result: 000003e6 + 00000255 = 000006Xb
# Error:        998 +        598 =       1596, but calculator output is          X
# ADD operation result: 000003e6 + 00000256 = 000006Xc
# Error:        998 +        599 =       1597, but calculator output is          X
# ADD operation result: 000003e6 + 00000257 = 000006Xd
# Error:        998 +        600 =       1598, but calculator output is          X
# ADD operation result: 000003e6 + 00000258 = 000006Xe
# Error:        998 +        601 =       1599, but calculator output is          X
# ADD operation result: 000003e6 + 00000259 = 000006Xf
# Error:        998 +        602 =       1600, but calculator output is          X
# ADD operation result: 000003e6 + 0000025a = 000006X0
# Error:        998 +        603 =       1601, but calculator output is          X
# ADD operation result: 000003e6 + 0000025b = 000006X1
# Error:        998 +        604 =       1602, but calculator output is          X
# ADD operation result: 000003e6 + 0000025c = 000006X2
# Error:        998 +        605 =       1603, but calculator output is          X
# ADD operation result: 000003e6 + 0000025d = 000006X3
# Error:        998 +        606 =       1604, but calculator output is          X
# ADD operation result: 000003e6 + 0000025e = 000006X4
# Error:        998 +        607 =       1605, but calculator output is          X
# ADD operation result: 000003e6 + 0000025f = 000006X5
# Error:        998 +        608 =       1606, but calculator output is          X
# ADD operation result: 000003e6 + 00000260 = 000006X6
# Error:        998 +        609 =       1607, but calculator output is          X
# ADD operation result: 000003e6 + 00000261 = 000006X7
# Error:        998 +        610 =       1608, but calculator output is          X
# ADD operation result: 000003e6 + 00000262 = 000006X8
# Error:        998 +        611 =       1609, but calculator output is          X
# ADD operation result: 000003e6 + 00000263 = 000006X9
# Error:        998 +        612 =       1610, but calculator output is          X
# ADD operation result: 000003e6 + 00000264 = 000006Xa
# Error:        998 +        613 =       1611, but calculator output is          X
# ADD operation result: 000003e6 + 00000265 = 000006Xb
# Error:        998 +        614 =       1612, but calculator output is          X
# ADD operation result: 000003e6 + 00000266 = 000006Xc
# Error:        998 +        615 =       1613, but calculator output is          X
# ADD operation result: 000003e6 + 00000267 = 000006Xd
# Error:        998 +        616 =       1614, but calculator output is          X
# ADD operation result: 000003e6 + 00000268 = 000006Xe
# Error:        998 +        617 =       1615, but calculator output is          X
# ADD operation result: 000003e6 + 00000269 = 000006Xf
# Error:        998 +        618 =       1616, but calculator output is          X
# ADD operation result: 000003e6 + 0000026a = 000006X0
# Error:        998 +        619 =       1617, but calculator output is          X
# ADD operation result: 000003e6 + 0000026b = 000006X1
# Error:        998 +        620 =       1618, but calculator output is          X
# ADD operation result: 000003e6 + 0000026c = 000006X2
# Error:        998 +        621 =       1619, but calculator output is          X
# ADD operation result: 000003e6 + 0000026d = 000006X3
# Error:        998 +        622 =       1620, but calculator output is          X
# ADD operation result: 000003e6 + 0000026e = 000006X4
# Error:        998 +        623 =       1621, but calculator output is          X
# ADD operation result: 000003e6 + 0000026f = 000006X5
# ADD operation result: 000003e6 + 00000270 = 00000656
# ADD operation result: 000003e6 + 00000271 = 00000657
# ADD operation result: 000003e6 + 00000272 = 00000658
# ADD operation result: 000003e6 + 00000273 = 00000659
# ADD operation result: 000003e6 + 00000274 = 0000065a
# ADD operation result: 000003e6 + 00000275 = 0000065b
# ADD operation result: 000003e6 + 00000276 = 0000065c
# ADD operation result: 000003e6 + 00000277 = 0000065d
# ADD operation result: 000003e6 + 00000278 = 0000065e
# ADD operation result: 000003e6 + 00000279 = 0000065f
# ADD operation result: 000003e6 + 0000027a = 00000660
# ADD operation result: 000003e6 + 0000027b = 00000661
# ADD operation result: 000003e6 + 0000027c = 00000662
# ADD operation result: 000003e6 + 0000027d = 00000663
# ADD operation result: 000003e6 + 0000027e = 00000664
# ADD operation result: 000003e6 + 0000027f = 00000665
# ADD operation result: 000003e6 + 00000280 = 00000666
# ADD operation result: 000003e6 + 00000281 = 00000667
# ADD operation result: 000003e6 + 00000282 = 00000668
# ADD operation result: 000003e6 + 00000283 = 00000669
# ADD operation result: 000003e6 + 00000284 = 0000066a
# ADD operation result: 000003e6 + 00000285 = 0000066b
# ADD operation result: 000003e6 + 00000286 = 0000066c
# ADD operation result: 000003e6 + 00000287 = 0000066d
# ADD operation result: 000003e6 + 00000288 = 0000066e
# ADD operation result: 000003e6 + 00000289 = 0000066f
# ADD operation result: 000003e6 + 0000028a = 00000670
# ADD operation result: 000003e6 + 0000028b = 00000671
# ADD operation result: 000003e6 + 0000028c = 00000672
# ADD operation result: 000003e6 + 0000028d = 00000673
# ADD operation result: 000003e6 + 0000028e = 00000674
# ADD operation result: 000003e6 + 0000028f = 00000675
# Error:        998 +        656 =       1654, but calculator output is          X
# ADD operation result: 000003e6 + 00000290 = 000006X6
# Error:        998 +        657 =       1655, but calculator output is          X
# ADD operation result: 000003e6 + 00000291 = 000006X7
# Error:        998 +        658 =       1656, but calculator output is          X
# ADD operation result: 000003e6 + 00000292 = 000006X8
# Error:        998 +        659 =       1657, but calculator output is          X
# ADD operation result: 000003e6 + 00000293 = 000006X9
# Error:        998 +        660 =       1658, but calculator output is          X
# ADD operation result: 000003e6 + 00000294 = 000006Xa
# Error:        998 +        661 =       1659, but calculator output is          X
# ADD operation result: 000003e6 + 00000295 = 000006Xb
# Error:        998 +        662 =       1660, but calculator output is          X
# ADD operation result: 000003e6 + 00000296 = 000006Xc
# Error:        998 +        663 =       1661, but calculator output is          X
# ADD operation result: 000003e6 + 00000297 = 000006Xd
# Error:        998 +        664 =       1662, but calculator output is          X
# ADD operation result: 000003e6 + 00000298 = 000006Xe
# Error:        998 +        665 =       1663, but calculator output is          X
# ADD operation result: 000003e6 + 00000299 = 000006Xf
# Error:        998 +        666 =       1664, but calculator output is          X
# ADD operation result: 000003e6 + 0000029a = 000006X0
# Error:        998 +        667 =       1665, but calculator output is          X
# ADD operation result: 000003e6 + 0000029b = 000006X1
# Error:        998 +        668 =       1666, but calculator output is          X
# ADD operation result: 000003e6 + 0000029c = 000006X2
# Error:        998 +        669 =       1667, but calculator output is          X
# ADD operation result: 000003e6 + 0000029d = 000006X3
# Error:        998 +        670 =       1668, but calculator output is          X
# ADD operation result: 000003e6 + 0000029e = 000006X4
# Error:        998 +        671 =       1669, but calculator output is          X
# ADD operation result: 000003e6 + 0000029f = 000006X5
# Error:        998 +        672 =       1670, but calculator output is          X
# ADD operation result: 000003e6 + 000002a0 = 000006X6
# Error:        998 +        673 =       1671, but calculator output is          X
# ADD operation result: 000003e6 + 000002a1 = 000006X7
# Error:        998 +        674 =       1672, but calculator output is          X
# ADD operation result: 000003e6 + 000002a2 = 000006X8
# Error:        998 +        675 =       1673, but calculator output is          X
# ADD operation result: 000003e6 + 000002a3 = 000006X9
# Error:        998 +        676 =       1674, but calculator output is          X
# ADD operation result: 000003e6 + 000002a4 = 000006Xa
# Error:        998 +        677 =       1675, but calculator output is          X
# ADD operation result: 000003e6 + 000002a5 = 000006Xb
# Error:        998 +        678 =       1676, but calculator output is          X
# ADD operation result: 000003e6 + 000002a6 = 000006Xc
# Error:        998 +        679 =       1677, but calculator output is          X
# ADD operation result: 000003e6 + 000002a7 = 000006Xd
# Error:        998 +        680 =       1678, but calculator output is          X
# ADD operation result: 000003e6 + 000002a8 = 000006Xe
# Error:        998 +        681 =       1679, but calculator output is          X
# ADD operation result: 000003e6 + 000002a9 = 000006Xf
# Error:        998 +        682 =       1680, but calculator output is          X
# ADD operation result: 000003e6 + 000002aa = 000006X0
# Error:        998 +        683 =       1681, but calculator output is          X
# ADD operation result: 000003e6 + 000002ab = 000006X1
# Error:        998 +        684 =       1682, but calculator output is          X
# ADD operation result: 000003e6 + 000002ac = 000006X2
# Error:        998 +        685 =       1683, but calculator output is          X
# ADD operation result: 000003e6 + 000002ad = 000006X3
# Error:        998 +        686 =       1684, but calculator output is          X
# ADD operation result: 000003e6 + 000002ae = 000006X4
# Error:        998 +        687 =       1685, but calculator output is          X
# ADD operation result: 000003e6 + 000002af = 000006X5
# ADD operation result: 000003e6 + 000002b0 = 00000696
# ADD operation result: 000003e6 + 000002b1 = 00000697
# ADD operation result: 000003e6 + 000002b2 = 00000698
# ADD operation result: 000003e6 + 000002b3 = 00000699
# ADD operation result: 000003e6 + 000002b4 = 0000069a
# ADD operation result: 000003e6 + 000002b5 = 0000069b
# ADD operation result: 000003e6 + 000002b6 = 0000069c
# ADD operation result: 000003e6 + 000002b7 = 0000069d
# ADD operation result: 000003e6 + 000002b8 = 0000069e
# ADD operation result: 000003e6 + 000002b9 = 0000069f
# ADD operation result: 000003e6 + 000002ba = 000006a0
# ADD operation result: 000003e6 + 000002bb = 000006a1
# ADD operation result: 000003e6 + 000002bc = 000006a2
# ADD operation result: 000003e6 + 000002bd = 000006a3
# ADD operation result: 000003e6 + 000002be = 000006a4
# ADD operation result: 000003e6 + 000002bf = 000006a5
# ADD operation result: 000003e6 + 000002c0 = 000006a6
# ADD operation result: 000003e6 + 000002c1 = 000006a7
# ADD operation result: 000003e6 + 000002c2 = 000006a8
# ADD operation result: 000003e6 + 000002c3 = 000006a9
# ADD operation result: 000003e6 + 000002c4 = 000006aa
# ADD operation result: 000003e6 + 000002c5 = 000006ab
# ADD operation result: 000003e6 + 000002c6 = 000006ac
# ADD operation result: 000003e6 + 000002c7 = 000006ad
# ADD operation result: 000003e6 + 000002c8 = 000006ae
# ADD operation result: 000003e6 + 000002c9 = 000006af
# ADD operation result: 000003e6 + 000002ca = 000006b0
# ADD operation result: 000003e6 + 000002cb = 000006b1
# ADD operation result: 000003e6 + 000002cc = 000006b2
# ADD operation result: 000003e6 + 000002cd = 000006b3
# ADD operation result: 000003e6 + 000002ce = 000006b4
# ADD operation result: 000003e6 + 000002cf = 000006b5
# Error:        998 +        720 =       1718, but calculator output is          X
# ADD operation result: 000003e6 + 000002d0 = 000006X6
# Error:        998 +        721 =       1719, but calculator output is          X
# ADD operation result: 000003e6 + 000002d1 = 000006X7
# Error:        998 +        722 =       1720, but calculator output is          X
# ADD operation result: 000003e6 + 000002d2 = 000006X8
# Error:        998 +        723 =       1721, but calculator output is          X
# ADD operation result: 000003e6 + 000002d3 = 000006X9
# Error:        998 +        724 =       1722, but calculator output is          X
# ADD operation result: 000003e6 + 000002d4 = 000006Xa
# Error:        998 +        725 =       1723, but calculator output is          X
# ADD operation result: 000003e6 + 000002d5 = 000006Xb
# Error:        998 +        726 =       1724, but calculator output is          X
# ADD operation result: 000003e6 + 000002d6 = 000006Xc
# Error:        998 +        727 =       1725, but calculator output is          X
# ADD operation result: 000003e6 + 000002d7 = 000006Xd
# Error:        998 +        728 =       1726, but calculator output is          X
# ADD operation result: 000003e6 + 000002d8 = 000006Xe
# Error:        998 +        729 =       1727, but calculator output is          X
# ADD operation result: 000003e6 + 000002d9 = 000006Xf
# Error:        998 +        730 =       1728, but calculator output is          X
# ADD operation result: 000003e6 + 000002da = 000006X0
# Error:        998 +        731 =       1729, but calculator output is          X
# ADD operation result: 000003e6 + 000002db = 000006X1
# Error:        998 +        732 =       1730, but calculator output is          X
# ADD operation result: 000003e6 + 000002dc = 000006X2
# Error:        998 +        733 =       1731, but calculator output is          X
# ADD operation result: 000003e6 + 000002dd = 000006X3
# Error:        998 +        734 =       1732, but calculator output is          X
# ADD operation result: 000003e6 + 000002de = 000006X4
# Error:        998 +        735 =       1733, but calculator output is          X
# ADD operation result: 000003e6 + 000002df = 000006X5
# Error:        998 +        736 =       1734, but calculator output is          X
# ADD operation result: 000003e6 + 000002e0 = 000006X6
# Error:        998 +        737 =       1735, but calculator output is          X
# ADD operation result: 000003e6 + 000002e1 = 000006X7
# Error:        998 +        738 =       1736, but calculator output is          X
# ADD operation result: 000003e6 + 000002e2 = 000006X8
# Error:        998 +        739 =       1737, but calculator output is          X
# ADD operation result: 000003e6 + 000002e3 = 000006X9
# Error:        998 +        740 =       1738, but calculator output is          X
# ADD operation result: 000003e6 + 000002e4 = 000006Xa
# Error:        998 +        741 =       1739, but calculator output is          X
# ADD operation result: 000003e6 + 000002e5 = 000006Xb
# Error:        998 +        742 =       1740, but calculator output is          X
# ADD operation result: 000003e6 + 000002e6 = 000006Xc
# Error:        998 +        743 =       1741, but calculator output is          X
# ADD operation result: 000003e6 + 000002e7 = 000006Xd
# Error:        998 +        744 =       1742, but calculator output is          X
# ADD operation result: 000003e6 + 000002e8 = 000006Xe
# Error:        998 +        745 =       1743, but calculator output is          X
# ADD operation result: 000003e6 + 000002e9 = 000006Xf
# Error:        998 +        746 =       1744, but calculator output is          X
# ADD operation result: 000003e6 + 000002ea = 000006X0
# Error:        998 +        747 =       1745, but calculator output is          X
# ADD operation result: 000003e6 + 000002eb = 000006X1
# Error:        998 +        748 =       1746, but calculator output is          X
# ADD operation result: 000003e6 + 000002ec = 000006X2
# Error:        998 +        749 =       1747, but calculator output is          X
# ADD operation result: 000003e6 + 000002ed = 000006X3
# Error:        998 +        750 =       1748, but calculator output is          X
# ADD operation result: 000003e6 + 000002ee = 000006X4
# Error:        998 +        751 =       1749, but calculator output is          X
# ADD operation result: 000003e6 + 000002ef = 000006X5
# ADD operation result: 000003e6 + 000002f0 = 000006d6
# ADD operation result: 000003e6 + 000002f1 = 000006d7
# ADD operation result: 000003e6 + 000002f2 = 000006d8
# ADD operation result: 000003e6 + 000002f3 = 000006d9
# ADD operation result: 000003e6 + 000002f4 = 000006da
# ADD operation result: 000003e6 + 000002f5 = 000006db
# ADD operation result: 000003e6 + 000002f6 = 000006dc
# ADD operation result: 000003e6 + 000002f7 = 000006dd
# ADD operation result: 000003e6 + 000002f8 = 000006de
# ADD operation result: 000003e6 + 000002f9 = 000006df
# ADD operation result: 000003e6 + 000002fa = 000006e0
# ADD operation result: 000003e6 + 000002fb = 000006e1
# ADD operation result: 000003e6 + 000002fc = 000006e2
# ADD operation result: 000003e6 + 000002fd = 000006e3
# ADD operation result: 000003e6 + 000002fe = 000006e4
# ADD operation result: 000003e6 + 000002ff = 000006e5
# ADD operation result: 000003e6 + 00000300 = 000006e6
# ADD operation result: 000003e6 + 00000301 = 000006e7
# ADD operation result: 000003e6 + 00000302 = 000006e8
# ADD operation result: 000003e6 + 00000303 = 000006e9
# ADD operation result: 000003e6 + 00000304 = 000006ea
# ADD operation result: 000003e6 + 00000305 = 000006eb
# ADD operation result: 000003e6 + 00000306 = 000006ec
# ADD operation result: 000003e6 + 00000307 = 000006ed
# ADD operation result: 000003e6 + 00000308 = 000006ee
# ADD operation result: 000003e6 + 00000309 = 000006ef
# ADD operation result: 000003e6 + 0000030a = 000006f0
# ADD operation result: 000003e6 + 0000030b = 000006f1
# ADD operation result: 000003e6 + 0000030c = 000006f2
# ADD operation result: 000003e6 + 0000030d = 000006f3
# ADD operation result: 000003e6 + 0000030e = 000006f4
# ADD operation result: 000003e6 + 0000030f = 000006f5
# Error:        998 +        784 =       1782, but calculator output is          X
# ADD operation result: 000003e6 + 00000310 = 000006X6
# Error:        998 +        785 =       1783, but calculator output is          X
# ADD operation result: 000003e6 + 00000311 = 000006X7
# Error:        998 +        786 =       1784, but calculator output is          X
# ADD operation result: 000003e6 + 00000312 = 000006X8
# Error:        998 +        787 =       1785, but calculator output is          X
# ADD operation result: 000003e6 + 00000313 = 000006X9
# Error:        998 +        788 =       1786, but calculator output is          X
# ADD operation result: 000003e6 + 00000314 = 000006Xa
# Error:        998 +        789 =       1787, but calculator output is          X
# ADD operation result: 000003e6 + 00000315 = 000006Xb
# Error:        998 +        790 =       1788, but calculator output is          X
# ADD operation result: 000003e6 + 00000316 = 000006Xc
# Error:        998 +        791 =       1789, but calculator output is          X
# ADD operation result: 000003e6 + 00000317 = 000006Xd
# Error:        998 +        792 =       1790, but calculator output is          X
# ADD operation result: 000003e6 + 00000318 = 000006Xe
# Error:        998 +        793 =       1791, but calculator output is          X
# ADD operation result: 000003e6 + 00000319 = 000006Xf
# Error:        998 +        794 =       1792, but calculator output is          X
# ADD operation result: 000003e6 + 0000031a = 00000XX0
# Error:        998 +        795 =       1793, but calculator output is          X
# ADD operation result: 000003e6 + 0000031b = 00000XX1
# Error:        998 +        796 =       1794, but calculator output is          X
# ADD operation result: 000003e6 + 0000031c = 00000XX2
# Error:        998 +        797 =       1795, but calculator output is          X
# ADD operation result: 000003e6 + 0000031d = 00000XX3
# Error:        998 +        798 =       1796, but calculator output is          X
# ADD operation result: 000003e6 + 0000031e = 00000XX4
# Error:        998 +        799 =       1797, but calculator output is          X
# ADD operation result: 000003e6 + 0000031f = 00000XX5
# Error:        998 +        800 =       1798, but calculator output is          X
# ADD operation result: 000003e6 + 00000320 = 000007X6
# Error:        998 +        801 =       1799, but calculator output is          X
# ADD operation result: 000003e6 + 00000321 = 000007X7
# Error:        998 +        802 =       1800, but calculator output is          X
# ADD operation result: 000003e6 + 00000322 = 000007X8
# Error:        998 +        803 =       1801, but calculator output is          X
# ADD operation result: 000003e6 + 00000323 = 000007X9
# Error:        998 +        804 =       1802, but calculator output is          X
# ADD operation result: 000003e6 + 00000324 = 000007Xa
# Error:        998 +        805 =       1803, but calculator output is          X
# ADD operation result: 000003e6 + 00000325 = 000007Xb
# Error:        998 +        806 =       1804, but calculator output is          X
# ADD operation result: 000003e6 + 00000326 = 000007Xc
# Error:        998 +        807 =       1805, but calculator output is          X
# ADD operation result: 000003e6 + 00000327 = 000007Xd
# Error:        998 +        808 =       1806, but calculator output is          X
# ADD operation result: 000003e6 + 00000328 = 000007Xe
# Error:        998 +        809 =       1807, but calculator output is          X
# ADD operation result: 000003e6 + 00000329 = 000007Xf
# Error:        998 +        810 =       1808, but calculator output is          X
# ADD operation result: 000003e6 + 0000032a = 000007X0
# Error:        998 +        811 =       1809, but calculator output is          X
# ADD operation result: 000003e6 + 0000032b = 000007X1
# Error:        998 +        812 =       1810, but calculator output is          X
# ADD operation result: 000003e6 + 0000032c = 000007X2
# Error:        998 +        813 =       1811, but calculator output is          X
# ADD operation result: 000003e6 + 0000032d = 000007X3
# Error:        998 +        814 =       1812, but calculator output is          X
# ADD operation result: 000003e6 + 0000032e = 000007X4
# Error:        998 +        815 =       1813, but calculator output is          X
# ADD operation result: 000003e6 + 0000032f = 000007X5
# ADD operation result: 000003e6 + 00000330 = 00000716
# ADD operation result: 000003e6 + 00000331 = 00000717
# ADD operation result: 000003e6 + 00000332 = 00000718
# ADD operation result: 000003e6 + 00000333 = 00000719
# ADD operation result: 000003e6 + 00000334 = 0000071a
# ADD operation result: 000003e6 + 00000335 = 0000071b
# ADD operation result: 000003e6 + 00000336 = 0000071c
# ADD operation result: 000003e6 + 00000337 = 0000071d
# ADD operation result: 000003e6 + 00000338 = 0000071e
# ADD operation result: 000003e6 + 00000339 = 0000071f
# ADD operation result: 000003e6 + 0000033a = 00000720
# ADD operation result: 000003e6 + 0000033b = 00000721
# ADD operation result: 000003e6 + 0000033c = 00000722
# ADD operation result: 000003e6 + 0000033d = 00000723
# ADD operation result: 000003e6 + 0000033e = 00000724
# ADD operation result: 000003e6 + 0000033f = 00000725
# ADD operation result: 000003e6 + 00000340 = 00000726
# ADD operation result: 000003e6 + 00000341 = 00000727
# ADD operation result: 000003e6 + 00000342 = 00000728
# ADD operation result: 000003e6 + 00000343 = 00000729
# ADD operation result: 000003e6 + 00000344 = 0000072a
# ADD operation result: 000003e6 + 00000345 = 0000072b
# ADD operation result: 000003e6 + 00000346 = 0000072c
# ADD operation result: 000003e6 + 00000347 = 0000072d
# ADD operation result: 000003e6 + 00000348 = 0000072e
# ADD operation result: 000003e6 + 00000349 = 0000072f
# ADD operation result: 000003e6 + 0000034a = 00000730
# ADD operation result: 000003e6 + 0000034b = 00000731
# ADD operation result: 000003e6 + 0000034c = 00000732
# ADD operation result: 000003e6 + 0000034d = 00000733
# ADD operation result: 000003e6 + 0000034e = 00000734
# ADD operation result: 000003e6 + 0000034f = 00000735
# Error:        998 +        848 =       1846, but calculator output is          X
# ADD operation result: 000003e6 + 00000350 = 000007X6
# Error:        998 +        849 =       1847, but calculator output is          X
# ADD operation result: 000003e6 + 00000351 = 000007X7
# Error:        998 +        850 =       1848, but calculator output is          X
# ADD operation result: 000003e6 + 00000352 = 000007X8
# Error:        998 +        851 =       1849, but calculator output is          X
# ADD operation result: 000003e6 + 00000353 = 000007X9
# Error:        998 +        852 =       1850, but calculator output is          X
# ADD operation result: 000003e6 + 00000354 = 000007Xa
# Error:        998 +        853 =       1851, but calculator output is          X
# ADD operation result: 000003e6 + 00000355 = 000007Xb
# Error:        998 +        854 =       1852, but calculator output is          X
# ADD operation result: 000003e6 + 00000356 = 000007Xc
# Error:        998 +        855 =       1853, but calculator output is          X
# ADD operation result: 000003e6 + 00000357 = 000007Xd
# Error:        998 +        856 =       1854, but calculator output is          X
# ADD operation result: 000003e6 + 00000358 = 000007Xe
# Error:        998 +        857 =       1855, but calculator output is          X
# ADD operation result: 000003e6 + 00000359 = 000007Xf
# Error:        998 +        858 =       1856, but calculator output is          X
# ADD operation result: 000003e6 + 0000035a = 000007X0
# Error:        998 +        859 =       1857, but calculator output is          X
# ADD operation result: 000003e6 + 0000035b = 000007X1
# Error:        998 +        860 =       1858, but calculator output is          X
# ADD operation result: 000003e6 + 0000035c = 000007X2
# Error:        998 +        861 =       1859, but calculator output is          X
# ADD operation result: 000003e6 + 0000035d = 000007X3
# Error:        998 +        862 =       1860, but calculator output is          X
# ADD operation result: 000003e6 + 0000035e = 000007X4
# Error:        998 +        863 =       1861, but calculator output is          X
# ADD operation result: 000003e6 + 0000035f = 000007X5
# Error:        998 +        864 =       1862, but calculator output is          X
# ADD operation result: 000003e6 + 00000360 = 000007X6
# Error:        998 +        865 =       1863, but calculator output is          X
# ADD operation result: 000003e6 + 00000361 = 000007X7
# Error:        998 +        866 =       1864, but calculator output is          X
# ADD operation result: 000003e6 + 00000362 = 000007X8
# Error:        998 +        867 =       1865, but calculator output is          X
# ADD operation result: 000003e6 + 00000363 = 000007X9
# Error:        998 +        868 =       1866, but calculator output is          X
# ADD operation result: 000003e6 + 00000364 = 000007Xa
# Error:        998 +        869 =       1867, but calculator output is          X
# ADD operation result: 000003e6 + 00000365 = 000007Xb
# Error:        998 +        870 =       1868, but calculator output is          X
# ADD operation result: 000003e6 + 00000366 = 000007Xc
# Error:        998 +        871 =       1869, but calculator output is          X
# ADD operation result: 000003e6 + 00000367 = 000007Xd
# Error:        998 +        872 =       1870, but calculator output is          X
# ADD operation result: 000003e6 + 00000368 = 000007Xe
# Error:        998 +        873 =       1871, but calculator output is          X
# ADD operation result: 000003e6 + 00000369 = 000007Xf
# Error:        998 +        874 =       1872, but calculator output is          X
# ADD operation result: 000003e6 + 0000036a = 000007X0
# Error:        998 +        875 =       1873, but calculator output is          X
# ADD operation result: 000003e6 + 0000036b = 000007X1
# Error:        998 +        876 =       1874, but calculator output is          X
# ADD operation result: 000003e6 + 0000036c = 000007X2
# Error:        998 +        877 =       1875, but calculator output is          X
# ADD operation result: 000003e6 + 0000036d = 000007X3
# Error:        998 +        878 =       1876, but calculator output is          X
# ADD operation result: 000003e6 + 0000036e = 000007X4
# Error:        998 +        879 =       1877, but calculator output is          X
# ADD operation result: 000003e6 + 0000036f = 000007X5
# ADD operation result: 000003e6 + 00000370 = 00000756
# ADD operation result: 000003e6 + 00000371 = 00000757
# ADD operation result: 000003e6 + 00000372 = 00000758
# ADD operation result: 000003e6 + 00000373 = 00000759
# ADD operation result: 000003e6 + 00000374 = 0000075a
# ADD operation result: 000003e6 + 00000375 = 0000075b
# ADD operation result: 000003e6 + 00000376 = 0000075c
# ADD operation result: 000003e6 + 00000377 = 0000075d
# ADD operation result: 000003e6 + 00000378 = 0000075e
# ADD operation result: 000003e6 + 00000379 = 0000075f
# ADD operation result: 000003e6 + 0000037a = 00000760
# ADD operation result: 000003e6 + 0000037b = 00000761
# ADD operation result: 000003e6 + 0000037c = 00000762
# ADD operation result: 000003e6 + 0000037d = 00000763
# ADD operation result: 000003e6 + 0000037e = 00000764
# ADD operation result: 000003e6 + 0000037f = 00000765
# ADD operation result: 000003e6 + 00000380 = 00000766
# ADD operation result: 000003e6 + 00000381 = 00000767
# ADD operation result: 000003e6 + 00000382 = 00000768
# ADD operation result: 000003e6 + 00000383 = 00000769
# ADD operation result: 000003e6 + 00000384 = 0000076a
# ADD operation result: 000003e6 + 00000385 = 0000076b
# ADD operation result: 000003e6 + 00000386 = 0000076c
# ADD operation result: 000003e6 + 00000387 = 0000076d
# ADD operation result: 000003e6 + 00000388 = 0000076e
# ADD operation result: 000003e6 + 00000389 = 0000076f
# ADD operation result: 000003e6 + 0000038a = 00000770
# ADD operation result: 000003e6 + 0000038b = 00000771
# ADD operation result: 000003e6 + 0000038c = 00000772
# ADD operation result: 000003e6 + 0000038d = 00000773
# ADD operation result: 000003e6 + 0000038e = 00000774
# ADD operation result: 000003e6 + 0000038f = 00000775
# Error:        998 +        912 =       1910, but calculator output is          X
# ADD operation result: 000003e6 + 00000390 = 000007X6
# Error:        998 +        913 =       1911, but calculator output is          X
# ADD operation result: 000003e6 + 00000391 = 000007X7
# Error:        998 +        914 =       1912, but calculator output is          X
# ADD operation result: 000003e6 + 00000392 = 000007X8
# Error:        998 +        915 =       1913, but calculator output is          X
# ADD operation result: 000003e6 + 00000393 = 000007X9
# Error:        998 +        916 =       1914, but calculator output is          X
# ADD operation result: 000003e6 + 00000394 = 000007Xa
# Error:        998 +        917 =       1915, but calculator output is          X
# ADD operation result: 000003e6 + 00000395 = 000007Xb
# Error:        998 +        918 =       1916, but calculator output is          X
# ADD operation result: 000003e6 + 00000396 = 000007Xc
# Error:        998 +        919 =       1917, but calculator output is          X
# ADD operation result: 000003e6 + 00000397 = 000007Xd
# Error:        998 +        920 =       1918, but calculator output is          X
# ADD operation result: 000003e6 + 00000398 = 000007Xe
# Error:        998 +        921 =       1919, but calculator output is          X
# ADD operation result: 000003e6 + 00000399 = 000007Xf
# Error:        998 +        922 =       1920, but calculator output is          X
# ADD operation result: 000003e6 + 0000039a = 000007X0
# Error:        998 +        923 =       1921, but calculator output is          X
# ADD operation result: 000003e6 + 0000039b = 000007X1
# Error:        998 +        924 =       1922, but calculator output is          X
# ADD operation result: 000003e6 + 0000039c = 000007X2
# Error:        998 +        925 =       1923, but calculator output is          X
# ADD operation result: 000003e6 + 0000039d = 000007X3
# Error:        998 +        926 =       1924, but calculator output is          X
# ADD operation result: 000003e6 + 0000039e = 000007X4
# Error:        998 +        927 =       1925, but calculator output is          X
# ADD operation result: 000003e6 + 0000039f = 000007X5
# Error:        998 +        928 =       1926, but calculator output is          X
# ADD operation result: 000003e6 + 000003a0 = 000007X6
# Error:        998 +        929 =       1927, but calculator output is          X
# ADD operation result: 000003e6 + 000003a1 = 000007X7
# Error:        998 +        930 =       1928, but calculator output is          X
# ADD operation result: 000003e6 + 000003a2 = 000007X8
# Error:        998 +        931 =       1929, but calculator output is          X
# ADD operation result: 000003e6 + 000003a3 = 000007X9
# Error:        998 +        932 =       1930, but calculator output is          X
# ADD operation result: 000003e6 + 000003a4 = 000007Xa
# Error:        998 +        933 =       1931, but calculator output is          X
# ADD operation result: 000003e6 + 000003a5 = 000007Xb
# Error:        998 +        934 =       1932, but calculator output is          X
# ADD operation result: 000003e6 + 000003a6 = 000007Xc
# Error:        998 +        935 =       1933, but calculator output is          X
# ADD operation result: 000003e6 + 000003a7 = 000007Xd
# Error:        998 +        936 =       1934, but calculator output is          X
# ADD operation result: 000003e6 + 000003a8 = 000007Xe
# Error:        998 +        937 =       1935, but calculator output is          X
# ADD operation result: 000003e6 + 000003a9 = 000007Xf
# Error:        998 +        938 =       1936, but calculator output is          X
# ADD operation result: 000003e6 + 000003aa = 000007X0
# Error:        998 +        939 =       1937, but calculator output is          X
# ADD operation result: 000003e6 + 000003ab = 000007X1
# Error:        998 +        940 =       1938, but calculator output is          X
# ADD operation result: 000003e6 + 000003ac = 000007X2
# Error:        998 +        941 =       1939, but calculator output is          X
# ADD operation result: 000003e6 + 000003ad = 000007X3
# Error:        998 +        942 =       1940, but calculator output is          X
# ADD operation result: 000003e6 + 000003ae = 000007X4
# Error:        998 +        943 =       1941, but calculator output is          X
# ADD operation result: 000003e6 + 000003af = 000007X5
# ADD operation result: 000003e6 + 000003b0 = 00000796
# ADD operation result: 000003e6 + 000003b1 = 00000797
# ADD operation result: 000003e6 + 000003b2 = 00000798
# ADD operation result: 000003e6 + 000003b3 = 00000799
# ADD operation result: 000003e6 + 000003b4 = 0000079a
# ADD operation result: 000003e6 + 000003b5 = 0000079b
# ADD operation result: 000003e6 + 000003b6 = 0000079c
# ADD operation result: 000003e6 + 000003b7 = 0000079d
# ADD operation result: 000003e6 + 000003b8 = 0000079e
# ADD operation result: 000003e6 + 000003b9 = 0000079f
# ADD operation result: 000003e6 + 000003ba = 000007a0
# ADD operation result: 000003e6 + 000003bb = 000007a1
# ADD operation result: 000003e6 + 000003bc = 000007a2
# ADD operation result: 000003e6 + 000003bd = 000007a3
# ADD operation result: 000003e6 + 000003be = 000007a4
# ADD operation result: 000003e6 + 000003bf = 000007a5
# ADD operation result: 000003e6 + 000003c0 = 000007a6
# ADD operation result: 000003e6 + 000003c1 = 000007a7
# ADD operation result: 000003e6 + 000003c2 = 000007a8
# ADD operation result: 000003e6 + 000003c3 = 000007a9
# ADD operation result: 000003e6 + 000003c4 = 000007aa
# ADD operation result: 000003e6 + 000003c5 = 000007ab
# ADD operation result: 000003e6 + 000003c6 = 000007ac
# ADD operation result: 000003e6 + 000003c7 = 000007ad
# ADD operation result: 000003e6 + 000003c8 = 000007ae
# ADD operation result: 000003e6 + 000003c9 = 000007af
# ADD operation result: 000003e6 + 000003ca = 000007b0
# ADD operation result: 000003e6 + 000003cb = 000007b1
# ADD operation result: 000003e6 + 000003cc = 000007b2
# ADD operation result: 000003e6 + 000003cd = 000007b3
# ADD operation result: 000003e6 + 000003ce = 000007b4
# ADD operation result: 000003e6 + 000003cf = 000007b5
# Error:        998 +        976 =       1974, but calculator output is          X
# ADD operation result: 000003e6 + 000003d0 = 000007X6
# Error:        998 +        977 =       1975, but calculator output is          X
# ADD operation result: 000003e6 + 000003d1 = 000007X7
# Error:        998 +        978 =       1976, but calculator output is          X
# ADD operation result: 000003e6 + 000003d2 = 000007X8
# Error:        998 +        979 =       1977, but calculator output is          X
# ADD operation result: 000003e6 + 000003d3 = 000007X9
# Error:        998 +        980 =       1978, but calculator output is          X
# ADD operation result: 000003e6 + 000003d4 = 000007Xa
# Error:        998 +        981 =       1979, but calculator output is          X
# ADD operation result: 000003e6 + 000003d5 = 000007Xb
# Error:        998 +        982 =       1980, but calculator output is          X
# ADD operation result: 000003e6 + 000003d6 = 000007Xc
# Error:        998 +        983 =       1981, but calculator output is          X
# ADD operation result: 000003e6 + 000003d7 = 000007Xd
# Error:        998 +        984 =       1982, but calculator output is          X
# ADD operation result: 000003e6 + 000003d8 = 000007Xe
# Error:        998 +        985 =       1983, but calculator output is          X
# ADD operation result: 000003e6 + 000003d9 = 000007Xf
# Error:        998 +        986 =       1984, but calculator output is          X
# ADD operation result: 000003e6 + 000003da = 000007X0
# Error:        998 +        987 =       1985, but calculator output is          X
# ADD operation result: 000003e6 + 000003db = 000007X1
# Error:        998 +        988 =       1986, but calculator output is          X
# ADD operation result: 000003e6 + 000003dc = 000007X2
# Error:        998 +        989 =       1987, but calculator output is          X
# ADD operation result: 000003e6 + 000003dd = 000007X3
# Error:        998 +        990 =       1988, but calculator output is          X
# ADD operation result: 000003e6 + 000003de = 000007X4
# Error:        998 +        991 =       1989, but calculator output is          X
# ADD operation result: 000003e6 + 000003df = 000007X5
# Error:        998 +        992 =       1990, but calculator output is          X
# ADD operation result: 000003e6 + 000003e0 = 000007X6
# Error:        998 +        993 =       1991, but calculator output is          X
# ADD operation result: 000003e6 + 000003e1 = 000007X7
# Error:        998 +        994 =       1992, but calculator output is          X
# ADD operation result: 000003e6 + 000003e2 = 000007X8
# Error:        998 +        995 =       1993, but calculator output is          X
# ADD operation result: 000003e6 + 000003e3 = 000007X9
# Error:        998 +        996 =       1994, but calculator output is          X
# ADD operation result: 000003e6 + 000003e4 = 000007Xa
# Error:        998 +        997 =       1995, but calculator output is          X
# ADD operation result: 000003e6 + 000003e5 = 000007Xb
# Error:        998 +        998 =       1996, but calculator output is          X
# ADD operation result: 000003e6 + 000003e6 = 000007Xc
# Error:        998 +        999 =       1997, but calculator output is          X
# ADD operation result: 000003e6 + 000003e7 = 000007Xd
# Error:        998 +       1000 =       1998, but calculator output is          X
# ADD operation result: 000003e6 + 000003e8 = 000007Xe
# ADD operation result: 000003e7 + 00000000 = 000003e7
# ADD operation result: 000003e7 + 00000001 = 000003e8
# ADD operation result: 000003e7 + 00000002 = 000003e9
# ADD operation result: 000003e7 + 00000003 = 000003ea
# ADD operation result: 000003e7 + 00000004 = 000003eb
# ADD operation result: 000003e7 + 00000005 = 000003ec
# ADD operation result: 000003e7 + 00000006 = 000003ed
# ADD operation result: 000003e7 + 00000007 = 000003ee
# ADD operation result: 000003e7 + 00000008 = 000003ef
# ADD operation result: 000003e7 + 00000009 = 000003f0
# ADD operation result: 000003e7 + 0000000a = 000003f1
# ADD operation result: 000003e7 + 0000000b = 000003f2
# ADD operation result: 000003e7 + 0000000c = 000003f3
# ADD operation result: 000003e7 + 0000000d = 000003f4
# ADD operation result: 000003e7 + 0000000e = 000003f5
# ADD operation result: 000003e7 + 0000000f = 000003f6
# Error:        999 +         16 =       1015, but calculator output is          X
# ADD operation result: 000003e7 + 00000010 = 000003X7
# Error:        999 +         17 =       1016, but calculator output is          X
# ADD operation result: 000003e7 + 00000011 = 000003X8
# Error:        999 +         18 =       1017, but calculator output is          X
# ADD operation result: 000003e7 + 00000012 = 000003X9
# Error:        999 +         19 =       1018, but calculator output is          X
# ADD operation result: 000003e7 + 00000013 = 000003Xa
# Error:        999 +         20 =       1019, but calculator output is          X
# ADD operation result: 000003e7 + 00000014 = 000003Xb
# Error:        999 +         21 =       1020, but calculator output is          X
# ADD operation result: 000003e7 + 00000015 = 000003Xc
# Error:        999 +         22 =       1021, but calculator output is          X
# ADD operation result: 000003e7 + 00000016 = 000003Xd
# Error:        999 +         23 =       1022, but calculator output is          X
# ADD operation result: 000003e7 + 00000017 = 000003Xe
# Error:        999 +         24 =       1023, but calculator output is          X
# ADD operation result: 000003e7 + 00000018 = 000003Xf
# Error:        999 +         25 =       1024, but calculator output is          X
# ADD operation result: 000003e7 + 00000019 = 00000XX0
# Error:        999 +         26 =       1025, but calculator output is          X
# ADD operation result: 000003e7 + 0000001a = 00000XX1
# Error:        999 +         27 =       1026, but calculator output is          X
# ADD operation result: 000003e7 + 0000001b = 00000XX2
# Error:        999 +         28 =       1027, but calculator output is          X
# ADD operation result: 000003e7 + 0000001c = 00000XX3
# Error:        999 +         29 =       1028, but calculator output is          X
# ADD operation result: 000003e7 + 0000001d = 00000XX4
# Error:        999 +         30 =       1029, but calculator output is          X
# ADD operation result: 000003e7 + 0000001e = 00000XX5
# Error:        999 +         31 =       1030, but calculator output is          X
# ADD operation result: 000003e7 + 0000001f = 00000XX6
# Error:        999 +         32 =       1031, but calculator output is          X
# ADD operation result: 000003e7 + 00000020 = 000004X7
# Error:        999 +         33 =       1032, but calculator output is          X
# ADD operation result: 000003e7 + 00000021 = 000004X8
# Error:        999 +         34 =       1033, but calculator output is          X
# ADD operation result: 000003e7 + 00000022 = 000004X9
# Error:        999 +         35 =       1034, but calculator output is          X
# ADD operation result: 000003e7 + 00000023 = 000004Xa
# Error:        999 +         36 =       1035, but calculator output is          X
# ADD operation result: 000003e7 + 00000024 = 000004Xb
# Error:        999 +         37 =       1036, but calculator output is          X
# ADD operation result: 000003e7 + 00000025 = 000004Xc
# Error:        999 +         38 =       1037, but calculator output is          X
# ADD operation result: 000003e7 + 00000026 = 000004Xd
# Error:        999 +         39 =       1038, but calculator output is          X
# ADD operation result: 000003e7 + 00000027 = 000004Xe
# Error:        999 +         40 =       1039, but calculator output is          X
# ADD operation result: 000003e7 + 00000028 = 000004Xf
# Error:        999 +         41 =       1040, but calculator output is          X
# ADD operation result: 000003e7 + 00000029 = 000004X0
# Error:        999 +         42 =       1041, but calculator output is          X
# ADD operation result: 000003e7 + 0000002a = 000004X1
# Error:        999 +         43 =       1042, but calculator output is          X
# ADD operation result: 000003e7 + 0000002b = 000004X2
# Error:        999 +         44 =       1043, but calculator output is          X
# ADD operation result: 000003e7 + 0000002c = 000004X3
# Error:        999 +         45 =       1044, but calculator output is          X
# ADD operation result: 000003e7 + 0000002d = 000004X4
# Error:        999 +         46 =       1045, but calculator output is          X
# ADD operation result: 000003e7 + 0000002e = 000004X5
# Error:        999 +         47 =       1046, but calculator output is          X
# ADD operation result: 000003e7 + 0000002f = 000004X6
# ADD operation result: 000003e7 + 00000030 = 00000417
# ADD operation result: 000003e7 + 00000031 = 00000418
# ADD operation result: 000003e7 + 00000032 = 00000419
# ADD operation result: 000003e7 + 00000033 = 0000041a
# ADD operation result: 000003e7 + 00000034 = 0000041b
# ADD operation result: 000003e7 + 00000035 = 0000041c
# ADD operation result: 000003e7 + 00000036 = 0000041d
# ADD operation result: 000003e7 + 00000037 = 0000041e
# ADD operation result: 000003e7 + 00000038 = 0000041f
# ADD operation result: 000003e7 + 00000039 = 00000420
# ADD operation result: 000003e7 + 0000003a = 00000421
# ADD operation result: 000003e7 + 0000003b = 00000422
# ADD operation result: 000003e7 + 0000003c = 00000423
# ADD operation result: 000003e7 + 0000003d = 00000424
# ADD operation result: 000003e7 + 0000003e = 00000425
# ADD operation result: 000003e7 + 0000003f = 00000426
# ADD operation result: 000003e7 + 00000040 = 00000427
# ADD operation result: 000003e7 + 00000041 = 00000428
# ADD operation result: 000003e7 + 00000042 = 00000429
# ADD operation result: 000003e7 + 00000043 = 0000042a
# ADD operation result: 000003e7 + 00000044 = 0000042b
# ADD operation result: 000003e7 + 00000045 = 0000042c
# ADD operation result: 000003e7 + 00000046 = 0000042d
# ADD operation result: 000003e7 + 00000047 = 0000042e
# ADD operation result: 000003e7 + 00000048 = 0000042f
# ADD operation result: 000003e7 + 00000049 = 00000430
# ADD operation result: 000003e7 + 0000004a = 00000431
# ADD operation result: 000003e7 + 0000004b = 00000432
# ADD operation result: 000003e7 + 0000004c = 00000433
# ADD operation result: 000003e7 + 0000004d = 00000434
# ADD operation result: 000003e7 + 0000004e = 00000435
# ADD operation result: 000003e7 + 0000004f = 00000436
# Error:        999 +         80 =       1079, but calculator output is          X
# ADD operation result: 000003e7 + 00000050 = 000004X7
# Error:        999 +         81 =       1080, but calculator output is          X
# ADD operation result: 000003e7 + 00000051 = 000004X8
# Error:        999 +         82 =       1081, but calculator output is          X
# ADD operation result: 000003e7 + 00000052 = 000004X9
# Error:        999 +         83 =       1082, but calculator output is          X
# ADD operation result: 000003e7 + 00000053 = 000004Xa
# Error:        999 +         84 =       1083, but calculator output is          X
# ADD operation result: 000003e7 + 00000054 = 000004Xb
# Error:        999 +         85 =       1084, but calculator output is          X
# ADD operation result: 000003e7 + 00000055 = 000004Xc
# Error:        999 +         86 =       1085, but calculator output is          X
# ADD operation result: 000003e7 + 00000056 = 000004Xd
# Error:        999 +         87 =       1086, but calculator output is          X
# ADD operation result: 000003e7 + 00000057 = 000004Xe
# Error:        999 +         88 =       1087, but calculator output is          X
# ADD operation result: 000003e7 + 00000058 = 000004Xf
# Error:        999 +         89 =       1088, but calculator output is          X
# ADD operation result: 000003e7 + 00000059 = 000004X0
# Error:        999 +         90 =       1089, but calculator output is          X
# ADD operation result: 000003e7 + 0000005a = 000004X1
# Error:        999 +         91 =       1090, but calculator output is          X
# ADD operation result: 000003e7 + 0000005b = 000004X2
# Error:        999 +         92 =       1091, but calculator output is          X
# ADD operation result: 000003e7 + 0000005c = 000004X3
# Error:        999 +         93 =       1092, but calculator output is          X
# ADD operation result: 000003e7 + 0000005d = 000004X4
# Error:        999 +         94 =       1093, but calculator output is          X
# ADD operation result: 000003e7 + 0000005e = 000004X5
# Error:        999 +         95 =       1094, but calculator output is          X
# ADD operation result: 000003e7 + 0000005f = 000004X6
# Error:        999 +         96 =       1095, but calculator output is          X
# ADD operation result: 000003e7 + 00000060 = 000004X7
# Error:        999 +         97 =       1096, but calculator output is          X
# ADD operation result: 000003e7 + 00000061 = 000004X8
# Error:        999 +         98 =       1097, but calculator output is          X
# ADD operation result: 000003e7 + 00000062 = 000004X9
# Error:        999 +         99 =       1098, but calculator output is          X
# ADD operation result: 000003e7 + 00000063 = 000004Xa
# Error:        999 +        100 =       1099, but calculator output is          X
# ADD operation result: 000003e7 + 00000064 = 000004Xb
# Error:        999 +        101 =       1100, but calculator output is          X
# ADD operation result: 000003e7 + 00000065 = 000004Xc
# Error:        999 +        102 =       1101, but calculator output is          X
# ADD operation result: 000003e7 + 00000066 = 000004Xd
# Error:        999 +        103 =       1102, but calculator output is          X
# ADD operation result: 000003e7 + 00000067 = 000004Xe
# Error:        999 +        104 =       1103, but calculator output is          X
# ADD operation result: 000003e7 + 00000068 = 000004Xf
# Error:        999 +        105 =       1104, but calculator output is          X
# ADD operation result: 000003e7 + 00000069 = 000004X0
# Error:        999 +        106 =       1105, but calculator output is          X
# ADD operation result: 000003e7 + 0000006a = 000004X1
# Error:        999 +        107 =       1106, but calculator output is          X
# ADD operation result: 000003e7 + 0000006b = 000004X2
# Error:        999 +        108 =       1107, but calculator output is          X
# ADD operation result: 000003e7 + 0000006c = 000004X3
# Error:        999 +        109 =       1108, but calculator output is          X
# ADD operation result: 000003e7 + 0000006d = 000004X4
# Error:        999 +        110 =       1109, but calculator output is          X
# ADD operation result: 000003e7 + 0000006e = 000004X5
# Error:        999 +        111 =       1110, but calculator output is          X
# ADD operation result: 000003e7 + 0000006f = 000004X6
# ADD operation result: 000003e7 + 00000070 = 00000457
# ADD operation result: 000003e7 + 00000071 = 00000458
# ADD operation result: 000003e7 + 00000072 = 00000459
# ADD operation result: 000003e7 + 00000073 = 0000045a
# ADD operation result: 000003e7 + 00000074 = 0000045b
# ADD operation result: 000003e7 + 00000075 = 0000045c
# ADD operation result: 000003e7 + 00000076 = 0000045d
# ADD operation result: 000003e7 + 00000077 = 0000045e
# ADD operation result: 000003e7 + 00000078 = 0000045f
# ADD operation result: 000003e7 + 00000079 = 00000460
# ADD operation result: 000003e7 + 0000007a = 00000461
# ADD operation result: 000003e7 + 0000007b = 00000462
# ADD operation result: 000003e7 + 0000007c = 00000463
# ADD operation result: 000003e7 + 0000007d = 00000464
# ADD operation result: 000003e7 + 0000007e = 00000465
# ADD operation result: 000003e7 + 0000007f = 00000466
# ADD operation result: 000003e7 + 00000080 = 00000467
# ADD operation result: 000003e7 + 00000081 = 00000468
# ADD operation result: 000003e7 + 00000082 = 00000469
# ADD operation result: 000003e7 + 00000083 = 0000046a
# ADD operation result: 000003e7 + 00000084 = 0000046b
# ADD operation result: 000003e7 + 00000085 = 0000046c
# ADD operation result: 000003e7 + 00000086 = 0000046d
# ADD operation result: 000003e7 + 00000087 = 0000046e
# ADD operation result: 000003e7 + 00000088 = 0000046f
# ADD operation result: 000003e7 + 00000089 = 00000470
# ADD operation result: 000003e7 + 0000008a = 00000471
# ADD operation result: 000003e7 + 0000008b = 00000472
# ADD operation result: 000003e7 + 0000008c = 00000473
# ADD operation result: 000003e7 + 0000008d = 00000474
# ADD operation result: 000003e7 + 0000008e = 00000475
# ADD operation result: 000003e7 + 0000008f = 00000476
# Error:        999 +        144 =       1143, but calculator output is          X
# ADD operation result: 000003e7 + 00000090 = 000004X7
# Error:        999 +        145 =       1144, but calculator output is          X
# ADD operation result: 000003e7 + 00000091 = 000004X8
# Error:        999 +        146 =       1145, but calculator output is          X
# ADD operation result: 000003e7 + 00000092 = 000004X9
# Error:        999 +        147 =       1146, but calculator output is          X
# ADD operation result: 000003e7 + 00000093 = 000004Xa
# Error:        999 +        148 =       1147, but calculator output is          X
# ADD operation result: 000003e7 + 00000094 = 000004Xb
# Error:        999 +        149 =       1148, but calculator output is          X
# ADD operation result: 000003e7 + 00000095 = 000004Xc
# Error:        999 +        150 =       1149, but calculator output is          X
# ADD operation result: 000003e7 + 00000096 = 000004Xd
# Error:        999 +        151 =       1150, but calculator output is          X
# ADD operation result: 000003e7 + 00000097 = 000004Xe
# Error:        999 +        152 =       1151, but calculator output is          X
# ADD operation result: 000003e7 + 00000098 = 000004Xf
# Error:        999 +        153 =       1152, but calculator output is          X
# ADD operation result: 000003e7 + 00000099 = 000004X0
# Error:        999 +        154 =       1153, but calculator output is          X
# ADD operation result: 000003e7 + 0000009a = 000004X1
# Error:        999 +        155 =       1154, but calculator output is          X
# ADD operation result: 000003e7 + 0000009b = 000004X2
# Error:        999 +        156 =       1155, but calculator output is          X
# ADD operation result: 000003e7 + 0000009c = 000004X3
# Error:        999 +        157 =       1156, but calculator output is          X
# ADD operation result: 000003e7 + 0000009d = 000004X4
# Error:        999 +        158 =       1157, but calculator output is          X
# ADD operation result: 000003e7 + 0000009e = 000004X5
# Error:        999 +        159 =       1158, but calculator output is          X
# ADD operation result: 000003e7 + 0000009f = 000004X6
# Error:        999 +        160 =       1159, but calculator output is          X
# ADD operation result: 000003e7 + 000000a0 = 000004X7
# Error:        999 +        161 =       1160, but calculator output is          X
# ADD operation result: 000003e7 + 000000a1 = 000004X8
# Error:        999 +        162 =       1161, but calculator output is          X
# ADD operation result: 000003e7 + 000000a2 = 000004X9
# Error:        999 +        163 =       1162, but calculator output is          X
# ADD operation result: 000003e7 + 000000a3 = 000004Xa
# Error:        999 +        164 =       1163, but calculator output is          X
# ADD operation result: 000003e7 + 000000a4 = 000004Xb
# Error:        999 +        165 =       1164, but calculator output is          X
# ADD operation result: 000003e7 + 000000a5 = 000004Xc
# Error:        999 +        166 =       1165, but calculator output is          X
# ADD operation result: 000003e7 + 000000a6 = 000004Xd
# Error:        999 +        167 =       1166, but calculator output is          X
# ADD operation result: 000003e7 + 000000a7 = 000004Xe
# Error:        999 +        168 =       1167, but calculator output is          X
# ADD operation result: 000003e7 + 000000a8 = 000004Xf
# Error:        999 +        169 =       1168, but calculator output is          X
# ADD operation result: 000003e7 + 000000a9 = 000004X0
# Error:        999 +        170 =       1169, but calculator output is          X
# ADD operation result: 000003e7 + 000000aa = 000004X1
# Error:        999 +        171 =       1170, but calculator output is          X
# ADD operation result: 000003e7 + 000000ab = 000004X2
# Error:        999 +        172 =       1171, but calculator output is          X
# ADD operation result: 000003e7 + 000000ac = 000004X3
# Error:        999 +        173 =       1172, but calculator output is          X
# ADD operation result: 000003e7 + 000000ad = 000004X4
# Error:        999 +        174 =       1173, but calculator output is          X
# ADD operation result: 000003e7 + 000000ae = 000004X5
# Error:        999 +        175 =       1174, but calculator output is          X
# ADD operation result: 000003e7 + 000000af = 000004X6
# ADD operation result: 000003e7 + 000000b0 = 00000497
# ADD operation result: 000003e7 + 000000b1 = 00000498
# ADD operation result: 000003e7 + 000000b2 = 00000499
# ADD operation result: 000003e7 + 000000b3 = 0000049a
# ADD operation result: 000003e7 + 000000b4 = 0000049b
# ADD operation result: 000003e7 + 000000b5 = 0000049c
# ADD operation result: 000003e7 + 000000b6 = 0000049d
# ADD operation result: 000003e7 + 000000b7 = 0000049e
# ADD operation result: 000003e7 + 000000b8 = 0000049f
# ADD operation result: 000003e7 + 000000b9 = 000004a0
# ADD operation result: 000003e7 + 000000ba = 000004a1
# ADD operation result: 000003e7 + 000000bb = 000004a2
# ADD operation result: 000003e7 + 000000bc = 000004a3
# ADD operation result: 000003e7 + 000000bd = 000004a4
# ADD operation result: 000003e7 + 000000be = 000004a5
# ADD operation result: 000003e7 + 000000bf = 000004a6
# ADD operation result: 000003e7 + 000000c0 = 000004a7
# ADD operation result: 000003e7 + 000000c1 = 000004a8
# ADD operation result: 000003e7 + 000000c2 = 000004a9
# ADD operation result: 000003e7 + 000000c3 = 000004aa
# ADD operation result: 000003e7 + 000000c4 = 000004ab
# ADD operation result: 000003e7 + 000000c5 = 000004ac
# ADD operation result: 000003e7 + 000000c6 = 000004ad
# ADD operation result: 000003e7 + 000000c7 = 000004ae
# ADD operation result: 000003e7 + 000000c8 = 000004af
# ADD operation result: 000003e7 + 000000c9 = 000004b0
# ADD operation result: 000003e7 + 000000ca = 000004b1
# ADD operation result: 000003e7 + 000000cb = 000004b2
# ADD operation result: 000003e7 + 000000cc = 000004b3
# ADD operation result: 000003e7 + 000000cd = 000004b4
# ADD operation result: 000003e7 + 000000ce = 000004b5
# ADD operation result: 000003e7 + 000000cf = 000004b6
# Error:        999 +        208 =       1207, but calculator output is          X
# ADD operation result: 000003e7 + 000000d0 = 000004X7
# Error:        999 +        209 =       1208, but calculator output is          X
# ADD operation result: 000003e7 + 000000d1 = 000004X8
# Error:        999 +        210 =       1209, but calculator output is          X
# ADD operation result: 000003e7 + 000000d2 = 000004X9
# Error:        999 +        211 =       1210, but calculator output is          X
# ADD operation result: 000003e7 + 000000d3 = 000004Xa
# Error:        999 +        212 =       1211, but calculator output is          X
# ADD operation result: 000003e7 + 000000d4 = 000004Xb
# Error:        999 +        213 =       1212, but calculator output is          X
# ADD operation result: 000003e7 + 000000d5 = 000004Xc
# Error:        999 +        214 =       1213, but calculator output is          X
# ADD operation result: 000003e7 + 000000d6 = 000004Xd
# Error:        999 +        215 =       1214, but calculator output is          X
# ADD operation result: 000003e7 + 000000d7 = 000004Xe
# Error:        999 +        216 =       1215, but calculator output is          X
# ADD operation result: 000003e7 + 000000d8 = 000004Xf
# Error:        999 +        217 =       1216, but calculator output is          X
# ADD operation result: 000003e7 + 000000d9 = 000004X0
# Error:        999 +        218 =       1217, but calculator output is          X
# ADD operation result: 000003e7 + 000000da = 000004X1
# Error:        999 +        219 =       1218, but calculator output is          X
# ADD operation result: 000003e7 + 000000db = 000004X2
# Error:        999 +        220 =       1219, but calculator output is          X
# ADD operation result: 000003e7 + 000000dc = 000004X3
# Error:        999 +        221 =       1220, but calculator output is          X
# ADD operation result: 000003e7 + 000000dd = 000004X4
# Error:        999 +        222 =       1221, but calculator output is          X
# ADD operation result: 000003e7 + 000000de = 000004X5
# Error:        999 +        223 =       1222, but calculator output is          X
# ADD operation result: 000003e7 + 000000df = 000004X6
# Error:        999 +        224 =       1223, but calculator output is          X
# ADD operation result: 000003e7 + 000000e0 = 000004X7
# Error:        999 +        225 =       1224, but calculator output is          X
# ADD operation result: 000003e7 + 000000e1 = 000004X8
# Error:        999 +        226 =       1225, but calculator output is          X
# ADD operation result: 000003e7 + 000000e2 = 000004X9
# Error:        999 +        227 =       1226, but calculator output is          X
# ADD operation result: 000003e7 + 000000e3 = 000004Xa
# Error:        999 +        228 =       1227, but calculator output is          X
# ADD operation result: 000003e7 + 000000e4 = 000004Xb
# Error:        999 +        229 =       1228, but calculator output is          X
# ADD operation result: 000003e7 + 000000e5 = 000004Xc
# Error:        999 +        230 =       1229, but calculator output is          X
# ADD operation result: 000003e7 + 000000e6 = 000004Xd
# Error:        999 +        231 =       1230, but calculator output is          X
# ADD operation result: 000003e7 + 000000e7 = 000004Xe
# Error:        999 +        232 =       1231, but calculator output is          X
# ADD operation result: 000003e7 + 000000e8 = 000004Xf
# Error:        999 +        233 =       1232, but calculator output is          X
# ADD operation result: 000003e7 + 000000e9 = 000004X0
# Error:        999 +        234 =       1233, but calculator output is          X
# ADD operation result: 000003e7 + 000000ea = 000004X1
# Error:        999 +        235 =       1234, but calculator output is          X
# ADD operation result: 000003e7 + 000000eb = 000004X2
# Error:        999 +        236 =       1235, but calculator output is          X
# ADD operation result: 000003e7 + 000000ec = 000004X3
# Error:        999 +        237 =       1236, but calculator output is          X
# ADD operation result: 000003e7 + 000000ed = 000004X4
# Error:        999 +        238 =       1237, but calculator output is          X
# ADD operation result: 000003e7 + 000000ee = 000004X5
# Error:        999 +        239 =       1238, but calculator output is          X
# ADD operation result: 000003e7 + 000000ef = 000004X6
# ADD operation result: 000003e7 + 000000f0 = 000004d7
# ADD operation result: 000003e7 + 000000f1 = 000004d8
# ADD operation result: 000003e7 + 000000f2 = 000004d9
# ADD operation result: 000003e7 + 000000f3 = 000004da
# ADD operation result: 000003e7 + 000000f4 = 000004db
# ADD operation result: 000003e7 + 000000f5 = 000004dc
# ADD operation result: 000003e7 + 000000f6 = 000004dd
# ADD operation result: 000003e7 + 000000f7 = 000004de
# ADD operation result: 000003e7 + 000000f8 = 000004df
# ADD operation result: 000003e7 + 000000f9 = 000004e0
# ADD operation result: 000003e7 + 000000fa = 000004e1
# ADD operation result: 000003e7 + 000000fb = 000004e2
# ADD operation result: 000003e7 + 000000fc = 000004e3
# ADD operation result: 000003e7 + 000000fd = 000004e4
# ADD operation result: 000003e7 + 000000fe = 000004e5
# ADD operation result: 000003e7 + 000000ff = 000004e6
# ADD operation result: 000003e7 + 00000100 = 000004e7
# ADD operation result: 000003e7 + 00000101 = 000004e8
# ADD operation result: 000003e7 + 00000102 = 000004e9
# ADD operation result: 000003e7 + 00000103 = 000004ea
# ADD operation result: 000003e7 + 00000104 = 000004eb
# ADD operation result: 000003e7 + 00000105 = 000004ec
# ADD operation result: 000003e7 + 00000106 = 000004ed
# ADD operation result: 000003e7 + 00000107 = 000004ee
# ADD operation result: 000003e7 + 00000108 = 000004ef
# ADD operation result: 000003e7 + 00000109 = 000004f0
# ADD operation result: 000003e7 + 0000010a = 000004f1
# ADD operation result: 000003e7 + 0000010b = 000004f2
# ADD operation result: 000003e7 + 0000010c = 000004f3
# ADD operation result: 000003e7 + 0000010d = 000004f4
# ADD operation result: 000003e7 + 0000010e = 000004f5
# ADD operation result: 000003e7 + 0000010f = 000004f6
# Error:        999 +        272 =       1271, but calculator output is          X
# ADD operation result: 000003e7 + 00000110 = 000004X7
# Error:        999 +        273 =       1272, but calculator output is          X
# ADD operation result: 000003e7 + 00000111 = 000004X8
# Error:        999 +        274 =       1273, but calculator output is          X
# ADD operation result: 000003e7 + 00000112 = 000004X9
# Error:        999 +        275 =       1274, but calculator output is          X
# ADD operation result: 000003e7 + 00000113 = 000004Xa
# Error:        999 +        276 =       1275, but calculator output is          X
# ADD operation result: 000003e7 + 00000114 = 000004Xb
# Error:        999 +        277 =       1276, but calculator output is          X
# ADD operation result: 000003e7 + 00000115 = 000004Xc
# Error:        999 +        278 =       1277, but calculator output is          X
# ADD operation result: 000003e7 + 00000116 = 000004Xd
# Error:        999 +        279 =       1278, but calculator output is          X
# ADD operation result: 000003e7 + 00000117 = 000004Xe
# Error:        999 +        280 =       1279, but calculator output is          X
# ADD operation result: 000003e7 + 00000118 = 000004Xf
# Error:        999 +        281 =       1280, but calculator output is          X
# ADD operation result: 000003e7 + 00000119 = 00000XX0
# Error:        999 +        282 =       1281, but calculator output is          X
# ADD operation result: 000003e7 + 0000011a = 00000XX1
# Error:        999 +        283 =       1282, but calculator output is          X
# ADD operation result: 000003e7 + 0000011b = 00000XX2
# Error:        999 +        284 =       1283, but calculator output is          X
# ADD operation result: 000003e7 + 0000011c = 00000XX3
# Error:        999 +        285 =       1284, but calculator output is          X
# ADD operation result: 000003e7 + 0000011d = 00000XX4
# Error:        999 +        286 =       1285, but calculator output is          X
# ADD operation result: 000003e7 + 0000011e = 00000XX5
# Error:        999 +        287 =       1286, but calculator output is          X
# ADD operation result: 000003e7 + 0000011f = 00000XX6
# Error:        999 +        288 =       1287, but calculator output is          X
# ADD operation result: 000003e7 + 00000120 = 000005X7
# Error:        999 +        289 =       1288, but calculator output is          X
# ADD operation result: 000003e7 + 00000121 = 000005X8
# Error:        999 +        290 =       1289, but calculator output is          X
# ADD operation result: 000003e7 + 00000122 = 000005X9
# Error:        999 +        291 =       1290, but calculator output is          X
# ADD operation result: 000003e7 + 00000123 = 000005Xa
# Error:        999 +        292 =       1291, but calculator output is          X
# ADD operation result: 000003e7 + 00000124 = 000005Xb
# Error:        999 +        293 =       1292, but calculator output is          X
# ADD operation result: 000003e7 + 00000125 = 000005Xc
# Error:        999 +        294 =       1293, but calculator output is          X
# ADD operation result: 000003e7 + 00000126 = 000005Xd
# Error:        999 +        295 =       1294, but calculator output is          X
# ADD operation result: 000003e7 + 00000127 = 000005Xe
# Error:        999 +        296 =       1295, but calculator output is          X
# ADD operation result: 000003e7 + 00000128 = 000005Xf
# Error:        999 +        297 =       1296, but calculator output is          X
# ADD operation result: 000003e7 + 00000129 = 000005X0
# Error:        999 +        298 =       1297, but calculator output is          X
# ADD operation result: 000003e7 + 0000012a = 000005X1
# Error:        999 +        299 =       1298, but calculator output is          X
# ADD operation result: 000003e7 + 0000012b = 000005X2
# Error:        999 +        300 =       1299, but calculator output is          X
# ADD operation result: 000003e7 + 0000012c = 000005X3
# Error:        999 +        301 =       1300, but calculator output is          X
# ADD operation result: 000003e7 + 0000012d = 000005X4
# Error:        999 +        302 =       1301, but calculator output is          X
# ADD operation result: 000003e7 + 0000012e = 000005X5
# Error:        999 +        303 =       1302, but calculator output is          X
# ADD operation result: 000003e7 + 0000012f = 000005X6
# ADD operation result: 000003e7 + 00000130 = 00000517
# ADD operation result: 000003e7 + 00000131 = 00000518
# ADD operation result: 000003e7 + 00000132 = 00000519
# ADD operation result: 000003e7 + 00000133 = 0000051a
# ADD operation result: 000003e7 + 00000134 = 0000051b
# ADD operation result: 000003e7 + 00000135 = 0000051c
# ADD operation result: 000003e7 + 00000136 = 0000051d
# ADD operation result: 000003e7 + 00000137 = 0000051e
# ADD operation result: 000003e7 + 00000138 = 0000051f
# ADD operation result: 000003e7 + 00000139 = 00000520
# ADD operation result: 000003e7 + 0000013a = 00000521
# ADD operation result: 000003e7 + 0000013b = 00000522
# ADD operation result: 000003e7 + 0000013c = 00000523
# ADD operation result: 000003e7 + 0000013d = 00000524
# ADD operation result: 000003e7 + 0000013e = 00000525
# ADD operation result: 000003e7 + 0000013f = 00000526
# ADD operation result: 000003e7 + 00000140 = 00000527
# ADD operation result: 000003e7 + 00000141 = 00000528
# ADD operation result: 000003e7 + 00000142 = 00000529
# ADD operation result: 000003e7 + 00000143 = 0000052a
# ADD operation result: 000003e7 + 00000144 = 0000052b
# ADD operation result: 000003e7 + 00000145 = 0000052c
# ADD operation result: 000003e7 + 00000146 = 0000052d
# ADD operation result: 000003e7 + 00000147 = 0000052e
# ADD operation result: 000003e7 + 00000148 = 0000052f
# ADD operation result: 000003e7 + 00000149 = 00000530
# ADD operation result: 000003e7 + 0000014a = 00000531
# ADD operation result: 000003e7 + 0000014b = 00000532
# ADD operation result: 000003e7 + 0000014c = 00000533
# ADD operation result: 000003e7 + 0000014d = 00000534
# ADD operation result: 000003e7 + 0000014e = 00000535
# ADD operation result: 000003e7 + 0000014f = 00000536
# Error:        999 +        336 =       1335, but calculator output is          X
# ADD operation result: 000003e7 + 00000150 = 000005X7
# Error:        999 +        337 =       1336, but calculator output is          X
# ADD operation result: 000003e7 + 00000151 = 000005X8
# Error:        999 +        338 =       1337, but calculator output is          X
# ADD operation result: 000003e7 + 00000152 = 000005X9
# Error:        999 +        339 =       1338, but calculator output is          X
# ADD operation result: 000003e7 + 00000153 = 000005Xa
# Error:        999 +        340 =       1339, but calculator output is          X
# ADD operation result: 000003e7 + 00000154 = 000005Xb
# Error:        999 +        341 =       1340, but calculator output is          X
# ADD operation result: 000003e7 + 00000155 = 000005Xc
# Error:        999 +        342 =       1341, but calculator output is          X
# ADD operation result: 000003e7 + 00000156 = 000005Xd
# Error:        999 +        343 =       1342, but calculator output is          X
# ADD operation result: 000003e7 + 00000157 = 000005Xe
# Error:        999 +        344 =       1343, but calculator output is          X
# ADD operation result: 000003e7 + 00000158 = 000005Xf
# Error:        999 +        345 =       1344, but calculator output is          X
# ADD operation result: 000003e7 + 00000159 = 000005X0
# Error:        999 +        346 =       1345, but calculator output is          X
# ADD operation result: 000003e7 + 0000015a = 000005X1
# Error:        999 +        347 =       1346, but calculator output is          X
# ADD operation result: 000003e7 + 0000015b = 000005X2
# Error:        999 +        348 =       1347, but calculator output is          X
# ADD operation result: 000003e7 + 0000015c = 000005X3
# Error:        999 +        349 =       1348, but calculator output is          X
# ADD operation result: 000003e7 + 0000015d = 000005X4
# Error:        999 +        350 =       1349, but calculator output is          X
# ADD operation result: 000003e7 + 0000015e = 000005X5
# Error:        999 +        351 =       1350, but calculator output is          X
# ADD operation result: 000003e7 + 0000015f = 000005X6
# Error:        999 +        352 =       1351, but calculator output is          X
# ADD operation result: 000003e7 + 00000160 = 000005X7
# Error:        999 +        353 =       1352, but calculator output is          X
# ADD operation result: 000003e7 + 00000161 = 000005X8
# Error:        999 +        354 =       1353, but calculator output is          X
# ADD operation result: 000003e7 + 00000162 = 000005X9
# Error:        999 +        355 =       1354, but calculator output is          X
# ADD operation result: 000003e7 + 00000163 = 000005Xa
# Error:        999 +        356 =       1355, but calculator output is          X
# ADD operation result: 000003e7 + 00000164 = 000005Xb
# Error:        999 +        357 =       1356, but calculator output is          X
# ADD operation result: 000003e7 + 00000165 = 000005Xc
# Error:        999 +        358 =       1357, but calculator output is          X
# ADD operation result: 000003e7 + 00000166 = 000005Xd
# Error:        999 +        359 =       1358, but calculator output is          X
# ADD operation result: 000003e7 + 00000167 = 000005Xe
# Error:        999 +        360 =       1359, but calculator output is          X
# ADD operation result: 000003e7 + 00000168 = 000005Xf
# Error:        999 +        361 =       1360, but calculator output is          X
# ADD operation result: 000003e7 + 00000169 = 000005X0
# Error:        999 +        362 =       1361, but calculator output is          X
# ADD operation result: 000003e7 + 0000016a = 000005X1
# Error:        999 +        363 =       1362, but calculator output is          X
# ADD operation result: 000003e7 + 0000016b = 000005X2
# Error:        999 +        364 =       1363, but calculator output is          X
# ADD operation result: 000003e7 + 0000016c = 000005X3
# Error:        999 +        365 =       1364, but calculator output is          X
# ADD operation result: 000003e7 + 0000016d = 000005X4
# Error:        999 +        366 =       1365, but calculator output is          X
# ADD operation result: 000003e7 + 0000016e = 000005X5
# Error:        999 +        367 =       1366, but calculator output is          X
# ADD operation result: 000003e7 + 0000016f = 000005X6
# ADD operation result: 000003e7 + 00000170 = 00000557
# ADD operation result: 000003e7 + 00000171 = 00000558
# ADD operation result: 000003e7 + 00000172 = 00000559
# ADD operation result: 000003e7 + 00000173 = 0000055a
# ADD operation result: 000003e7 + 00000174 = 0000055b
# ADD operation result: 000003e7 + 00000175 = 0000055c
# ADD operation result: 000003e7 + 00000176 = 0000055d
# ADD operation result: 000003e7 + 00000177 = 0000055e
# ADD operation result: 000003e7 + 00000178 = 0000055f
# ADD operation result: 000003e7 + 00000179 = 00000560
# ADD operation result: 000003e7 + 0000017a = 00000561
# ADD operation result: 000003e7 + 0000017b = 00000562
# ADD operation result: 000003e7 + 0000017c = 00000563
# ADD operation result: 000003e7 + 0000017d = 00000564
# ADD operation result: 000003e7 + 0000017e = 00000565
# ADD operation result: 000003e7 + 0000017f = 00000566
# ADD operation result: 000003e7 + 00000180 = 00000567
# ADD operation result: 000003e7 + 00000181 = 00000568
# ADD operation result: 000003e7 + 00000182 = 00000569
# ADD operation result: 000003e7 + 00000183 = 0000056a
# ADD operation result: 000003e7 + 00000184 = 0000056b
# ADD operation result: 000003e7 + 00000185 = 0000056c
# ADD operation result: 000003e7 + 00000186 = 0000056d
# ADD operation result: 000003e7 + 00000187 = 0000056e
# ADD operation result: 000003e7 + 00000188 = 0000056f
# ADD operation result: 000003e7 + 00000189 = 00000570
# ADD operation result: 000003e7 + 0000018a = 00000571
# ADD operation result: 000003e7 + 0000018b = 00000572
# ADD operation result: 000003e7 + 0000018c = 00000573
# ADD operation result: 000003e7 + 0000018d = 00000574
# ADD operation result: 000003e7 + 0000018e = 00000575
# ADD operation result: 000003e7 + 0000018f = 00000576
# Error:        999 +        400 =       1399, but calculator output is          X
# ADD operation result: 000003e7 + 00000190 = 000005X7
# Error:        999 +        401 =       1400, but calculator output is          X
# ADD operation result: 000003e7 + 00000191 = 000005X8
# Error:        999 +        402 =       1401, but calculator output is          X
# ADD operation result: 000003e7 + 00000192 = 000005X9
# Error:        999 +        403 =       1402, but calculator output is          X
# ADD operation result: 000003e7 + 00000193 = 000005Xa
# Error:        999 +        404 =       1403, but calculator output is          X
# ADD operation result: 000003e7 + 00000194 = 000005Xb
# Error:        999 +        405 =       1404, but calculator output is          X
# ADD operation result: 000003e7 + 00000195 = 000005Xc
# Error:        999 +        406 =       1405, but calculator output is          X
# ADD operation result: 000003e7 + 00000196 = 000005Xd
# Error:        999 +        407 =       1406, but calculator output is          X
# ADD operation result: 000003e7 + 00000197 = 000005Xe
# Error:        999 +        408 =       1407, but calculator output is          X
# ADD operation result: 000003e7 + 00000198 = 000005Xf
# Error:        999 +        409 =       1408, but calculator output is          X
# ADD operation result: 000003e7 + 00000199 = 000005X0
# Error:        999 +        410 =       1409, but calculator output is          X
# ADD operation result: 000003e7 + 0000019a = 000005X1
# Error:        999 +        411 =       1410, but calculator output is          X
# ADD operation result: 000003e7 + 0000019b = 000005X2
# Error:        999 +        412 =       1411, but calculator output is          X
# ADD operation result: 000003e7 + 0000019c = 000005X3
# Error:        999 +        413 =       1412, but calculator output is          X
# ADD operation result: 000003e7 + 0000019d = 000005X4
# Error:        999 +        414 =       1413, but calculator output is          X
# ADD operation result: 000003e7 + 0000019e = 000005X5
# Error:        999 +        415 =       1414, but calculator output is          X
# ADD operation result: 000003e7 + 0000019f = 000005X6
# Error:        999 +        416 =       1415, but calculator output is          X
# ADD operation result: 000003e7 + 000001a0 = 000005X7
# Error:        999 +        417 =       1416, but calculator output is          X
# ADD operation result: 000003e7 + 000001a1 = 000005X8
# Error:        999 +        418 =       1417, but calculator output is          X
# ADD operation result: 000003e7 + 000001a2 = 000005X9
# Error:        999 +        419 =       1418, but calculator output is          X
# ADD operation result: 000003e7 + 000001a3 = 000005Xa
# Error:        999 +        420 =       1419, but calculator output is          X
# ADD operation result: 000003e7 + 000001a4 = 000005Xb
# Error:        999 +        421 =       1420, but calculator output is          X
# ADD operation result: 000003e7 + 000001a5 = 000005Xc
# Error:        999 +        422 =       1421, but calculator output is          X
# ADD operation result: 000003e7 + 000001a6 = 000005Xd
# Error:        999 +        423 =       1422, but calculator output is          X
# ADD operation result: 000003e7 + 000001a7 = 000005Xe
# Error:        999 +        424 =       1423, but calculator output is          X
# ADD operation result: 000003e7 + 000001a8 = 000005Xf
# Error:        999 +        425 =       1424, but calculator output is          X
# ADD operation result: 000003e7 + 000001a9 = 000005X0
# Error:        999 +        426 =       1425, but calculator output is          X
# ADD operation result: 000003e7 + 000001aa = 000005X1
# Error:        999 +        427 =       1426, but calculator output is          X
# ADD operation result: 000003e7 + 000001ab = 000005X2
# Error:        999 +        428 =       1427, but calculator output is          X
# ADD operation result: 000003e7 + 000001ac = 000005X3
# Error:        999 +        429 =       1428, but calculator output is          X
# ADD operation result: 000003e7 + 000001ad = 000005X4
# Error:        999 +        430 =       1429, but calculator output is          X
# ADD operation result: 000003e7 + 000001ae = 000005X5
# Error:        999 +        431 =       1430, but calculator output is          X
# ADD operation result: 000003e7 + 000001af = 000005X6
# ADD operation result: 000003e7 + 000001b0 = 00000597
# ADD operation result: 000003e7 + 000001b1 = 00000598
# ADD operation result: 000003e7 + 000001b2 = 00000599
# ADD operation result: 000003e7 + 000001b3 = 0000059a
# ADD operation result: 000003e7 + 000001b4 = 0000059b
# ADD operation result: 000003e7 + 000001b5 = 0000059c
# ADD operation result: 000003e7 + 000001b6 = 0000059d
# ADD operation result: 000003e7 + 000001b7 = 0000059e
# ADD operation result: 000003e7 + 000001b8 = 0000059f
# ADD operation result: 000003e7 + 000001b9 = 000005a0
# ADD operation result: 000003e7 + 000001ba = 000005a1
# ADD operation result: 000003e7 + 000001bb = 000005a2
# ADD operation result: 000003e7 + 000001bc = 000005a3
# ADD operation result: 000003e7 + 000001bd = 000005a4
# ADD operation result: 000003e7 + 000001be = 000005a5
# ADD operation result: 000003e7 + 000001bf = 000005a6
# ADD operation result: 000003e7 + 000001c0 = 000005a7
# ADD operation result: 000003e7 + 000001c1 = 000005a8
# ADD operation result: 000003e7 + 000001c2 = 000005a9
# ADD operation result: 000003e7 + 000001c3 = 000005aa
# ADD operation result: 000003e7 + 000001c4 = 000005ab
# ADD operation result: 000003e7 + 000001c5 = 000005ac
# ADD operation result: 000003e7 + 000001c6 = 000005ad
# ADD operation result: 000003e7 + 000001c7 = 000005ae
# ADD operation result: 000003e7 + 000001c8 = 000005af
# ADD operation result: 000003e7 + 000001c9 = 000005b0
# ADD operation result: 000003e7 + 000001ca = 000005b1
# ADD operation result: 000003e7 + 000001cb = 000005b2
# ADD operation result: 000003e7 + 000001cc = 000005b3
# ADD operation result: 000003e7 + 000001cd = 000005b4
# ADD operation result: 000003e7 + 000001ce = 000005b5
# ADD operation result: 000003e7 + 000001cf = 000005b6
# Error:        999 +        464 =       1463, but calculator output is          X
# ADD operation result: 000003e7 + 000001d0 = 000005X7
# Error:        999 +        465 =       1464, but calculator output is          X
# ADD operation result: 000003e7 + 000001d1 = 000005X8
# Error:        999 +        466 =       1465, but calculator output is          X
# ADD operation result: 000003e7 + 000001d2 = 000005X9
# Error:        999 +        467 =       1466, but calculator output is          X
# ADD operation result: 000003e7 + 000001d3 = 000005Xa
# Error:        999 +        468 =       1467, but calculator output is          X
# ADD operation result: 000003e7 + 000001d4 = 000005Xb
# Error:        999 +        469 =       1468, but calculator output is          X
# ADD operation result: 000003e7 + 000001d5 = 000005Xc
# Error:        999 +        470 =       1469, but calculator output is          X
# ADD operation result: 000003e7 + 000001d6 = 000005Xd
# Error:        999 +        471 =       1470, but calculator output is          X
# ADD operation result: 000003e7 + 000001d7 = 000005Xe
# Error:        999 +        472 =       1471, but calculator output is          X
# ADD operation result: 000003e7 + 000001d8 = 000005Xf
# Error:        999 +        473 =       1472, but calculator output is          X
# ADD operation result: 000003e7 + 000001d9 = 000005X0
# Error:        999 +        474 =       1473, but calculator output is          X
# ADD operation result: 000003e7 + 000001da = 000005X1
# Error:        999 +        475 =       1474, but calculator output is          X
# ADD operation result: 000003e7 + 000001db = 000005X2
# Error:        999 +        476 =       1475, but calculator output is          X
# ADD operation result: 000003e7 + 000001dc = 000005X3
# Error:        999 +        477 =       1476, but calculator output is          X
# ADD operation result: 000003e7 + 000001dd = 000005X4
# Error:        999 +        478 =       1477, but calculator output is          X
# ADD operation result: 000003e7 + 000001de = 000005X5
# Error:        999 +        479 =       1478, but calculator output is          X
# ADD operation result: 000003e7 + 000001df = 000005X6
# Error:        999 +        480 =       1479, but calculator output is          X
# ADD operation result: 000003e7 + 000001e0 = 000005X7
# Error:        999 +        481 =       1480, but calculator output is          X
# ADD operation result: 000003e7 + 000001e1 = 000005X8
# Error:        999 +        482 =       1481, but calculator output is          X
# ADD operation result: 000003e7 + 000001e2 = 000005X9
# Error:        999 +        483 =       1482, but calculator output is          X
# ADD operation result: 000003e7 + 000001e3 = 000005Xa
# Error:        999 +        484 =       1483, but calculator output is          X
# ADD operation result: 000003e7 + 000001e4 = 000005Xb
# Error:        999 +        485 =       1484, but calculator output is          X
# ADD operation result: 000003e7 + 000001e5 = 000005Xc
# Error:        999 +        486 =       1485, but calculator output is          X
# ADD operation result: 000003e7 + 000001e6 = 000005Xd
# Error:        999 +        487 =       1486, but calculator output is          X
# ADD operation result: 000003e7 + 000001e7 = 000005Xe
# Error:        999 +        488 =       1487, but calculator output is          X
# ADD operation result: 000003e7 + 000001e8 = 000005Xf
# Error:        999 +        489 =       1488, but calculator output is          X
# ADD operation result: 000003e7 + 000001e9 = 000005X0
# Error:        999 +        490 =       1489, but calculator output is          X
# ADD operation result: 000003e7 + 000001ea = 000005X1
# Error:        999 +        491 =       1490, but calculator output is          X
# ADD operation result: 000003e7 + 000001eb = 000005X2
# Error:        999 +        492 =       1491, but calculator output is          X
# ADD operation result: 000003e7 + 000001ec = 000005X3
# Error:        999 +        493 =       1492, but calculator output is          X
# ADD operation result: 000003e7 + 000001ed = 000005X4
# Error:        999 +        494 =       1493, but calculator output is          X
# ADD operation result: 000003e7 + 000001ee = 000005X5
# Error:        999 +        495 =       1494, but calculator output is          X
# ADD operation result: 000003e7 + 000001ef = 000005X6
# ADD operation result: 000003e7 + 000001f0 = 000005d7
# ADD operation result: 000003e7 + 000001f1 = 000005d8
# ADD operation result: 000003e7 + 000001f2 = 000005d9
# ADD operation result: 000003e7 + 000001f3 = 000005da
# ADD operation result: 000003e7 + 000001f4 = 000005db
# ADD operation result: 000003e7 + 000001f5 = 000005dc
# ADD operation result: 000003e7 + 000001f6 = 000005dd
# ADD operation result: 000003e7 + 000001f7 = 000005de
# ADD operation result: 000003e7 + 000001f8 = 000005df
# ADD operation result: 000003e7 + 000001f9 = 000005e0
# ADD operation result: 000003e7 + 000001fa = 000005e1
# ADD operation result: 000003e7 + 000001fb = 000005e2
# ADD operation result: 000003e7 + 000001fc = 000005e3
# ADD operation result: 000003e7 + 000001fd = 000005e4
# ADD operation result: 000003e7 + 000001fe = 000005e5
# ADD operation result: 000003e7 + 000001ff = 000005e6
# ADD operation result: 000003e7 + 00000200 = 000005e7
# ADD operation result: 000003e7 + 00000201 = 000005e8
# ADD operation result: 000003e7 + 00000202 = 000005e9
# ADD operation result: 000003e7 + 00000203 = 000005ea
# ADD operation result: 000003e7 + 00000204 = 000005eb
# ADD operation result: 000003e7 + 00000205 = 000005ec
# ADD operation result: 000003e7 + 00000206 = 000005ed
# ADD operation result: 000003e7 + 00000207 = 000005ee
# ADD operation result: 000003e7 + 00000208 = 000005ef
# ADD operation result: 000003e7 + 00000209 = 000005f0
# ADD operation result: 000003e7 + 0000020a = 000005f1
# ADD operation result: 000003e7 + 0000020b = 000005f2
# ADD operation result: 000003e7 + 0000020c = 000005f3
# ADD operation result: 000003e7 + 0000020d = 000005f4
# ADD operation result: 000003e7 + 0000020e = 000005f5
# ADD operation result: 000003e7 + 0000020f = 000005f6
# Error:        999 +        528 =       1527, but calculator output is          X
# ADD operation result: 000003e7 + 00000210 = 000005X7
# Error:        999 +        529 =       1528, but calculator output is          X
# ADD operation result: 000003e7 + 00000211 = 000005X8
# Error:        999 +        530 =       1529, but calculator output is          X
# ADD operation result: 000003e7 + 00000212 = 000005X9
# Error:        999 +        531 =       1530, but calculator output is          X
# ADD operation result: 000003e7 + 00000213 = 000005Xa
# Error:        999 +        532 =       1531, but calculator output is          X
# ADD operation result: 000003e7 + 00000214 = 000005Xb
# Error:        999 +        533 =       1532, but calculator output is          X
# ADD operation result: 000003e7 + 00000215 = 000005Xc
# Error:        999 +        534 =       1533, but calculator output is          X
# ADD operation result: 000003e7 + 00000216 = 000005Xd
# Error:        999 +        535 =       1534, but calculator output is          X
# ADD operation result: 000003e7 + 00000217 = 000005Xe
# Error:        999 +        536 =       1535, but calculator output is          X
# ADD operation result: 000003e7 + 00000218 = 000005Xf
# Error:        999 +        537 =       1536, but calculator output is          X
# ADD operation result: 000003e7 + 00000219 = 00000XX0
# Error:        999 +        538 =       1537, but calculator output is          X
# ADD operation result: 000003e7 + 0000021a = 00000XX1
# Error:        999 +        539 =       1538, but calculator output is          X
# ADD operation result: 000003e7 + 0000021b = 00000XX2
# Error:        999 +        540 =       1539, but calculator output is          X
# ADD operation result: 000003e7 + 0000021c = 00000XX3
# Error:        999 +        541 =       1540, but calculator output is          X
# ADD operation result: 000003e7 + 0000021d = 00000XX4
# Error:        999 +        542 =       1541, but calculator output is          X
# ADD operation result: 000003e7 + 0000021e = 00000XX5
# Error:        999 +        543 =       1542, but calculator output is          X
# ADD operation result: 000003e7 + 0000021f = 00000XX6
# Error:        999 +        544 =       1543, but calculator output is          X
# ADD operation result: 000003e7 + 00000220 = 000006X7
# Error:        999 +        545 =       1544, but calculator output is          X
# ADD operation result: 000003e7 + 00000221 = 000006X8
# Error:        999 +        546 =       1545, but calculator output is          X
# ADD operation result: 000003e7 + 00000222 = 000006X9
# Error:        999 +        547 =       1546, but calculator output is          X
# ADD operation result: 000003e7 + 00000223 = 000006Xa
# Error:        999 +        548 =       1547, but calculator output is          X
# ADD operation result: 000003e7 + 00000224 = 000006Xb
# Error:        999 +        549 =       1548, but calculator output is          X
# ADD operation result: 000003e7 + 00000225 = 000006Xc
# Error:        999 +        550 =       1549, but calculator output is          X
# ADD operation result: 000003e7 + 00000226 = 000006Xd
# Error:        999 +        551 =       1550, but calculator output is          X
# ADD operation result: 000003e7 + 00000227 = 000006Xe
# Error:        999 +        552 =       1551, but calculator output is          X
# ADD operation result: 000003e7 + 00000228 = 000006Xf
# Error:        999 +        553 =       1552, but calculator output is          X
# ADD operation result: 000003e7 + 00000229 = 000006X0
# Error:        999 +        554 =       1553, but calculator output is          X
# ADD operation result: 000003e7 + 0000022a = 000006X1
# Error:        999 +        555 =       1554, but calculator output is          X
# ADD operation result: 000003e7 + 0000022b = 000006X2
# Error:        999 +        556 =       1555, but calculator output is          X
# ADD operation result: 000003e7 + 0000022c = 000006X3
# Error:        999 +        557 =       1556, but calculator output is          X
# ADD operation result: 000003e7 + 0000022d = 000006X4
# Error:        999 +        558 =       1557, but calculator output is          X
# ADD operation result: 000003e7 + 0000022e = 000006X5
# Error:        999 +        559 =       1558, but calculator output is          X
# ADD operation result: 000003e7 + 0000022f = 000006X6
# ADD operation result: 000003e7 + 00000230 = 00000617
# ADD operation result: 000003e7 + 00000231 = 00000618
# ADD operation result: 000003e7 + 00000232 = 00000619
# ADD operation result: 000003e7 + 00000233 = 0000061a
# ADD operation result: 000003e7 + 00000234 = 0000061b
# ADD operation result: 000003e7 + 00000235 = 0000061c
# ADD operation result: 000003e7 + 00000236 = 0000061d
# ADD operation result: 000003e7 + 00000237 = 0000061e
# ADD operation result: 000003e7 + 00000238 = 0000061f
# ADD operation result: 000003e7 + 00000239 = 00000620
# ADD operation result: 000003e7 + 0000023a = 00000621
# ADD operation result: 000003e7 + 0000023b = 00000622
# ADD operation result: 000003e7 + 0000023c = 00000623
# ADD operation result: 000003e7 + 0000023d = 00000624
# ADD operation result: 000003e7 + 0000023e = 00000625
# ADD operation result: 000003e7 + 0000023f = 00000626
# ADD operation result: 000003e7 + 00000240 = 00000627
# ADD operation result: 000003e7 + 00000241 = 00000628
# ADD operation result: 000003e7 + 00000242 = 00000629
# ADD operation result: 000003e7 + 00000243 = 0000062a
# ADD operation result: 000003e7 + 00000244 = 0000062b
# ADD operation result: 000003e7 + 00000245 = 0000062c
# ADD operation result: 000003e7 + 00000246 = 0000062d
# ADD operation result: 000003e7 + 00000247 = 0000062e
# ADD operation result: 000003e7 + 00000248 = 0000062f
# ADD operation result: 000003e7 + 00000249 = 00000630
# ADD operation result: 000003e7 + 0000024a = 00000631
# ADD operation result: 000003e7 + 0000024b = 00000632
# ADD operation result: 000003e7 + 0000024c = 00000633
# ADD operation result: 000003e7 + 0000024d = 00000634
# ADD operation result: 000003e7 + 0000024e = 00000635
# ADD operation result: 000003e7 + 0000024f = 00000636
# Error:        999 +        592 =       1591, but calculator output is          X
# ADD operation result: 000003e7 + 00000250 = 000006X7
# Error:        999 +        593 =       1592, but calculator output is          X
# ADD operation result: 000003e7 + 00000251 = 000006X8
# Error:        999 +        594 =       1593, but calculator output is          X
# ADD operation result: 000003e7 + 00000252 = 000006X9
# Error:        999 +        595 =       1594, but calculator output is          X
# ADD operation result: 000003e7 + 00000253 = 000006Xa
# Error:        999 +        596 =       1595, but calculator output is          X
# ADD operation result: 000003e7 + 00000254 = 000006Xb
# Error:        999 +        597 =       1596, but calculator output is          X
# ADD operation result: 000003e7 + 00000255 = 000006Xc
# Error:        999 +        598 =       1597, but calculator output is          X
# ADD operation result: 000003e7 + 00000256 = 000006Xd
# Error:        999 +        599 =       1598, but calculator output is          X
# ADD operation result: 000003e7 + 00000257 = 000006Xe
# Error:        999 +        600 =       1599, but calculator output is          X
# ADD operation result: 000003e7 + 00000258 = 000006Xf
# Error:        999 +        601 =       1600, but calculator output is          X
# ADD operation result: 000003e7 + 00000259 = 000006X0
# Error:        999 +        602 =       1601, but calculator output is          X
# ADD operation result: 000003e7 + 0000025a = 000006X1
# Error:        999 +        603 =       1602, but calculator output is          X
# ADD operation result: 000003e7 + 0000025b = 000006X2
# Error:        999 +        604 =       1603, but calculator output is          X
# ADD operation result: 000003e7 + 0000025c = 000006X3
# Error:        999 +        605 =       1604, but calculator output is          X
# ADD operation result: 000003e7 + 0000025d = 000006X4
# Error:        999 +        606 =       1605, but calculator output is          X
# ADD operation result: 000003e7 + 0000025e = 000006X5
# Error:        999 +        607 =       1606, but calculator output is          X
# ADD operation result: 000003e7 + 0000025f = 000006X6
# Error:        999 +        608 =       1607, but calculator output is          X
# ADD operation result: 000003e7 + 00000260 = 000006X7
# Error:        999 +        609 =       1608, but calculator output is          X
# ADD operation result: 000003e7 + 00000261 = 000006X8
# Error:        999 +        610 =       1609, but calculator output is          X
# ADD operation result: 000003e7 + 00000262 = 000006X9
# Error:        999 +        611 =       1610, but calculator output is          X
# ADD operation result: 000003e7 + 00000263 = 000006Xa
# Error:        999 +        612 =       1611, but calculator output is          X
# ADD operation result: 000003e7 + 00000264 = 000006Xb
# Error:        999 +        613 =       1612, but calculator output is          X
# ADD operation result: 000003e7 + 00000265 = 000006Xc
# Error:        999 +        614 =       1613, but calculator output is          X
# ADD operation result: 000003e7 + 00000266 = 000006Xd
# Error:        999 +        615 =       1614, but calculator output is          X
# ADD operation result: 000003e7 + 00000267 = 000006Xe
# Error:        999 +        616 =       1615, but calculator output is          X
# ADD operation result: 000003e7 + 00000268 = 000006Xf
# Error:        999 +        617 =       1616, but calculator output is          X
# ADD operation result: 000003e7 + 00000269 = 000006X0
# Error:        999 +        618 =       1617, but calculator output is          X
# ADD operation result: 000003e7 + 0000026a = 000006X1
# Error:        999 +        619 =       1618, but calculator output is          X
# ADD operation result: 000003e7 + 0000026b = 000006X2
# Error:        999 +        620 =       1619, but calculator output is          X
# ADD operation result: 000003e7 + 0000026c = 000006X3
# Error:        999 +        621 =       1620, but calculator output is          X
# ADD operation result: 000003e7 + 0000026d = 000006X4
# Error:        999 +        622 =       1621, but calculator output is          X
# ADD operation result: 000003e7 + 0000026e = 000006X5
# Error:        999 +        623 =       1622, but calculator output is          X
# ADD operation result: 000003e7 + 0000026f = 000006X6
# ADD operation result: 000003e7 + 00000270 = 00000657
# ADD operation result: 000003e7 + 00000271 = 00000658
# ADD operation result: 000003e7 + 00000272 = 00000659
# ADD operation result: 000003e7 + 00000273 = 0000065a
# ADD operation result: 000003e7 + 00000274 = 0000065b
# ADD operation result: 000003e7 + 00000275 = 0000065c
# ADD operation result: 000003e7 + 00000276 = 0000065d
# ADD operation result: 000003e7 + 00000277 = 0000065e
# ADD operation result: 000003e7 + 00000278 = 0000065f
# ADD operation result: 000003e7 + 00000279 = 00000660
# ADD operation result: 000003e7 + 0000027a = 00000661
# ADD operation result: 000003e7 + 0000027b = 00000662
# ADD operation result: 000003e7 + 0000027c = 00000663
# ADD operation result: 000003e7 + 0000027d = 00000664
# ADD operation result: 000003e7 + 0000027e = 00000665
# ADD operation result: 000003e7 + 0000027f = 00000666
# ADD operation result: 000003e7 + 00000280 = 00000667
# ADD operation result: 000003e7 + 00000281 = 00000668
# ADD operation result: 000003e7 + 00000282 = 00000669
# ADD operation result: 000003e7 + 00000283 = 0000066a
# ADD operation result: 000003e7 + 00000284 = 0000066b
# ADD operation result: 000003e7 + 00000285 = 0000066c
# ADD operation result: 000003e7 + 00000286 = 0000066d
# ADD operation result: 000003e7 + 00000287 = 0000066e
# ADD operation result: 000003e7 + 00000288 = 0000066f
# ADD operation result: 000003e7 + 00000289 = 00000670
# ADD operation result: 000003e7 + 0000028a = 00000671
# ADD operation result: 000003e7 + 0000028b = 00000672
# ADD operation result: 000003e7 + 0000028c = 00000673
# ADD operation result: 000003e7 + 0000028d = 00000674
# ADD operation result: 000003e7 + 0000028e = 00000675
# ADD operation result: 000003e7 + 0000028f = 00000676
# Error:        999 +        656 =       1655, but calculator output is          X
# ADD operation result: 000003e7 + 00000290 = 000006X7
# Error:        999 +        657 =       1656, but calculator output is          X
# ADD operation result: 000003e7 + 00000291 = 000006X8
# Error:        999 +        658 =       1657, but calculator output is          X
# ADD operation result: 000003e7 + 00000292 = 000006X9
# Error:        999 +        659 =       1658, but calculator output is          X
# ADD operation result: 000003e7 + 00000293 = 000006Xa
# Error:        999 +        660 =       1659, but calculator output is          X
# ADD operation result: 000003e7 + 00000294 = 000006Xb
# Error:        999 +        661 =       1660, but calculator output is          X
# ADD operation result: 000003e7 + 00000295 = 000006Xc
# Error:        999 +        662 =       1661, but calculator output is          X
# ADD operation result: 000003e7 + 00000296 = 000006Xd
# Error:        999 +        663 =       1662, but calculator output is          X
# ADD operation result: 000003e7 + 00000297 = 000006Xe
# Error:        999 +        664 =       1663, but calculator output is          X
# ADD operation result: 000003e7 + 00000298 = 000006Xf
# Error:        999 +        665 =       1664, but calculator output is          X
# ADD operation result: 000003e7 + 00000299 = 000006X0
# Error:        999 +        666 =       1665, but calculator output is          X
# ADD operation result: 000003e7 + 0000029a = 000006X1
# Error:        999 +        667 =       1666, but calculator output is          X
# ADD operation result: 000003e7 + 0000029b = 000006X2
# Error:        999 +        668 =       1667, but calculator output is          X
# ADD operation result: 000003e7 + 0000029c = 000006X3
# Error:        999 +        669 =       1668, but calculator output is          X
# ADD operation result: 000003e7 + 0000029d = 000006X4
# Error:        999 +        670 =       1669, but calculator output is          X
# ADD operation result: 000003e7 + 0000029e = 000006X5
# Error:        999 +        671 =       1670, but calculator output is          X
# ADD operation result: 000003e7 + 0000029f = 000006X6
# Error:        999 +        672 =       1671, but calculator output is          X
# ADD operation result: 000003e7 + 000002a0 = 000006X7
# Error:        999 +        673 =       1672, but calculator output is          X
# ADD operation result: 000003e7 + 000002a1 = 000006X8
# Error:        999 +        674 =       1673, but calculator output is          X
# ADD operation result: 000003e7 + 000002a2 = 000006X9
# Error:        999 +        675 =       1674, but calculator output is          X
# ADD operation result: 000003e7 + 000002a3 = 000006Xa
# Error:        999 +        676 =       1675, but calculator output is          X
# ADD operation result: 000003e7 + 000002a4 = 000006Xb
# Error:        999 +        677 =       1676, but calculator output is          X
# ADD operation result: 000003e7 + 000002a5 = 000006Xc
# Error:        999 +        678 =       1677, but calculator output is          X
# ADD operation result: 000003e7 + 000002a6 = 000006Xd
# Error:        999 +        679 =       1678, but calculator output is          X
# ADD operation result: 000003e7 + 000002a7 = 000006Xe
# Error:        999 +        680 =       1679, but calculator output is          X
# ADD operation result: 000003e7 + 000002a8 = 000006Xf
# Error:        999 +        681 =       1680, but calculator output is          X
# ADD operation result: 000003e7 + 000002a9 = 000006X0
# Error:        999 +        682 =       1681, but calculator output is          X
# ADD operation result: 000003e7 + 000002aa = 000006X1
# Error:        999 +        683 =       1682, but calculator output is          X
# ADD operation result: 000003e7 + 000002ab = 000006X2
# Error:        999 +        684 =       1683, but calculator output is          X
# ADD operation result: 000003e7 + 000002ac = 000006X3
# Error:        999 +        685 =       1684, but calculator output is          X
# ADD operation result: 000003e7 + 000002ad = 000006X4
# Error:        999 +        686 =       1685, but calculator output is          X
# ADD operation result: 000003e7 + 000002ae = 000006X5
# Error:        999 +        687 =       1686, but calculator output is          X
# ADD operation result: 000003e7 + 000002af = 000006X6
# ADD operation result: 000003e7 + 000002b0 = 00000697
# ADD operation result: 000003e7 + 000002b1 = 00000698
# ADD operation result: 000003e7 + 000002b2 = 00000699
# ADD operation result: 000003e7 + 000002b3 = 0000069a
# ADD operation result: 000003e7 + 000002b4 = 0000069b
# ADD operation result: 000003e7 + 000002b5 = 0000069c
# ADD operation result: 000003e7 + 000002b6 = 0000069d
# ADD operation result: 000003e7 + 000002b7 = 0000069e
# ADD operation result: 000003e7 + 000002b8 = 0000069f
# ADD operation result: 000003e7 + 000002b9 = 000006a0
# ADD operation result: 000003e7 + 000002ba = 000006a1
# ADD operation result: 000003e7 + 000002bb = 000006a2
# ADD operation result: 000003e7 + 000002bc = 000006a3
# ADD operation result: 000003e7 + 000002bd = 000006a4
# ADD operation result: 000003e7 + 000002be = 000006a5
# ADD operation result: 000003e7 + 000002bf = 000006a6
# ADD operation result: 000003e7 + 000002c0 = 000006a7
# ADD operation result: 000003e7 + 000002c1 = 000006a8
# ADD operation result: 000003e7 + 000002c2 = 000006a9
# ADD operation result: 000003e7 + 000002c3 = 000006aa
# ADD operation result: 000003e7 + 000002c4 = 000006ab
# ADD operation result: 000003e7 + 000002c5 = 000006ac
# ADD operation result: 000003e7 + 000002c6 = 000006ad
# ADD operation result: 000003e7 + 000002c7 = 000006ae
# ADD operation result: 000003e7 + 000002c8 = 000006af
# ADD operation result: 000003e7 + 000002c9 = 000006b0
# ADD operation result: 000003e7 + 000002ca = 000006b1
# ADD operation result: 000003e7 + 000002cb = 000006b2
# ADD operation result: 000003e7 + 000002cc = 000006b3
# ADD operation result: 000003e7 + 000002cd = 000006b4
# ADD operation result: 000003e7 + 000002ce = 000006b5
# ADD operation result: 000003e7 + 000002cf = 000006b6
# Error:        999 +        720 =       1719, but calculator output is          X
# ADD operation result: 000003e7 + 000002d0 = 000006X7
# Error:        999 +        721 =       1720, but calculator output is          X
# ADD operation result: 000003e7 + 000002d1 = 000006X8
# Error:        999 +        722 =       1721, but calculator output is          X
# ADD operation result: 000003e7 + 000002d2 = 000006X9
# Error:        999 +        723 =       1722, but calculator output is          X
# ADD operation result: 000003e7 + 000002d3 = 000006Xa
# Error:        999 +        724 =       1723, but calculator output is          X
# ADD operation result: 000003e7 + 000002d4 = 000006Xb
# Error:        999 +        725 =       1724, but calculator output is          X
# ADD operation result: 000003e7 + 000002d5 = 000006Xc
# Error:        999 +        726 =       1725, but calculator output is          X
# ADD operation result: 000003e7 + 000002d6 = 000006Xd
# Error:        999 +        727 =       1726, but calculator output is          X
# ADD operation result: 000003e7 + 000002d7 = 000006Xe
# Error:        999 +        728 =       1727, but calculator output is          X
# ADD operation result: 000003e7 + 000002d8 = 000006Xf
# Error:        999 +        729 =       1728, but calculator output is          X
# ADD operation result: 000003e7 + 000002d9 = 000006X0
# Error:        999 +        730 =       1729, but calculator output is          X
# ADD operation result: 000003e7 + 000002da = 000006X1
# Error:        999 +        731 =       1730, but calculator output is          X
# ADD operation result: 000003e7 + 000002db = 000006X2
# Error:        999 +        732 =       1731, but calculator output is          X
# ADD operation result: 000003e7 + 000002dc = 000006X3
# Error:        999 +        733 =       1732, but calculator output is          X
# ADD operation result: 000003e7 + 000002dd = 000006X4
# Error:        999 +        734 =       1733, but calculator output is          X
# ADD operation result: 000003e7 + 000002de = 000006X5
# Error:        999 +        735 =       1734, but calculator output is          X
# ADD operation result: 000003e7 + 000002df = 000006X6
# Error:        999 +        736 =       1735, but calculator output is          X
# ADD operation result: 000003e7 + 000002e0 = 000006X7
# Error:        999 +        737 =       1736, but calculator output is          X
# ADD operation result: 000003e7 + 000002e1 = 000006X8
# Error:        999 +        738 =       1737, but calculator output is          X
# ADD operation result: 000003e7 + 000002e2 = 000006X9
# Error:        999 +        739 =       1738, but calculator output is          X
# ADD operation result: 000003e7 + 000002e3 = 000006Xa
# Error:        999 +        740 =       1739, but calculator output is          X
# ADD operation result: 000003e7 + 000002e4 = 000006Xb
# Error:        999 +        741 =       1740, but calculator output is          X
# ADD operation result: 000003e7 + 000002e5 = 000006Xc
# Error:        999 +        742 =       1741, but calculator output is          X
# ADD operation result: 000003e7 + 000002e6 = 000006Xd
# Error:        999 +        743 =       1742, but calculator output is          X
# ADD operation result: 000003e7 + 000002e7 = 000006Xe
# Error:        999 +        744 =       1743, but calculator output is          X
# ADD operation result: 000003e7 + 000002e8 = 000006Xf
# Error:        999 +        745 =       1744, but calculator output is          X
# ADD operation result: 000003e7 + 000002e9 = 000006X0
# Error:        999 +        746 =       1745, but calculator output is          X
# ADD operation result: 000003e7 + 000002ea = 000006X1
# Error:        999 +        747 =       1746, but calculator output is          X
# ADD operation result: 000003e7 + 000002eb = 000006X2
# Error:        999 +        748 =       1747, but calculator output is          X
# ADD operation result: 000003e7 + 000002ec = 000006X3
# Error:        999 +        749 =       1748, but calculator output is          X
# ADD operation result: 000003e7 + 000002ed = 000006X4
# Error:        999 +        750 =       1749, but calculator output is          X
# ADD operation result: 000003e7 + 000002ee = 000006X5
# Error:        999 +        751 =       1750, but calculator output is          X
# ADD operation result: 000003e7 + 000002ef = 000006X6
# ADD operation result: 000003e7 + 000002f0 = 000006d7
# ADD operation result: 000003e7 + 000002f1 = 000006d8
# ADD operation result: 000003e7 + 000002f2 = 000006d9
# ADD operation result: 000003e7 + 000002f3 = 000006da
# ADD operation result: 000003e7 + 000002f4 = 000006db
# ADD operation result: 000003e7 + 000002f5 = 000006dc
# ADD operation result: 000003e7 + 000002f6 = 000006dd
# ADD operation result: 000003e7 + 000002f7 = 000006de
# ADD operation result: 000003e7 + 000002f8 = 000006df
# ADD operation result: 000003e7 + 000002f9 = 000006e0
# ADD operation result: 000003e7 + 000002fa = 000006e1
# ADD operation result: 000003e7 + 000002fb = 000006e2
# ADD operation result: 000003e7 + 000002fc = 000006e3
# ADD operation result: 000003e7 + 000002fd = 000006e4
# ADD operation result: 000003e7 + 000002fe = 000006e5
# ADD operation result: 000003e7 + 000002ff = 000006e6
# ADD operation result: 000003e7 + 00000300 = 000006e7
# ADD operation result: 000003e7 + 00000301 = 000006e8
# ADD operation result: 000003e7 + 00000302 = 000006e9
# ADD operation result: 000003e7 + 00000303 = 000006ea
# ADD operation result: 000003e7 + 00000304 = 000006eb
# ADD operation result: 000003e7 + 00000305 = 000006ec
# ADD operation result: 000003e7 + 00000306 = 000006ed
# ADD operation result: 000003e7 + 00000307 = 000006ee
# ADD operation result: 000003e7 + 00000308 = 000006ef
# ADD operation result: 000003e7 + 00000309 = 000006f0
# ADD operation result: 000003e7 + 0000030a = 000006f1
# ADD operation result: 000003e7 + 0000030b = 000006f2
# ADD operation result: 000003e7 + 0000030c = 000006f3
# ADD operation result: 000003e7 + 0000030d = 000006f4
# ADD operation result: 000003e7 + 0000030e = 000006f5
# ADD operation result: 000003e7 + 0000030f = 000006f6
# Error:        999 +        784 =       1783, but calculator output is          X
# ADD operation result: 000003e7 + 00000310 = 000006X7
# Error:        999 +        785 =       1784, but calculator output is          X
# ADD operation result: 000003e7 + 00000311 = 000006X8
# Error:        999 +        786 =       1785, but calculator output is          X
# ADD operation result: 000003e7 + 00000312 = 000006X9
# Error:        999 +        787 =       1786, but calculator output is          X
# ADD operation result: 000003e7 + 00000313 = 000006Xa
# Error:        999 +        788 =       1787, but calculator output is          X
# ADD operation result: 000003e7 + 00000314 = 000006Xb
# Error:        999 +        789 =       1788, but calculator output is          X
# ADD operation result: 000003e7 + 00000315 = 000006Xc
# Error:        999 +        790 =       1789, but calculator output is          X
# ADD operation result: 000003e7 + 00000316 = 000006Xd
# Error:        999 +        791 =       1790, but calculator output is          X
# ADD operation result: 000003e7 + 00000317 = 000006Xe
# Error:        999 +        792 =       1791, but calculator output is          X
# ADD operation result: 000003e7 + 00000318 = 000006Xf
# Error:        999 +        793 =       1792, but calculator output is          X
# ADD operation result: 000003e7 + 00000319 = 00000XX0
# Error:        999 +        794 =       1793, but calculator output is          X
# ADD operation result: 000003e7 + 0000031a = 00000XX1
# Error:        999 +        795 =       1794, but calculator output is          X
# ADD operation result: 000003e7 + 0000031b = 00000XX2
# Error:        999 +        796 =       1795, but calculator output is          X
# ADD operation result: 000003e7 + 0000031c = 00000XX3
# Error:        999 +        797 =       1796, but calculator output is          X
# ADD operation result: 000003e7 + 0000031d = 00000XX4
# Error:        999 +        798 =       1797, but calculator output is          X
# ADD operation result: 000003e7 + 0000031e = 00000XX5
# Error:        999 +        799 =       1798, but calculator output is          X
# ADD operation result: 000003e7 + 0000031f = 00000XX6
# Error:        999 +        800 =       1799, but calculator output is          X
# ADD operation result: 000003e7 + 00000320 = 000007X7
# Error:        999 +        801 =       1800, but calculator output is          X
# ADD operation result: 000003e7 + 00000321 = 000007X8
# Error:        999 +        802 =       1801, but calculator output is          X
# ADD operation result: 000003e7 + 00000322 = 000007X9
# Error:        999 +        803 =       1802, but calculator output is          X
# ADD operation result: 000003e7 + 00000323 = 000007Xa
# Error:        999 +        804 =       1803, but calculator output is          X
# ADD operation result: 000003e7 + 00000324 = 000007Xb
# Error:        999 +        805 =       1804, but calculator output is          X
# ADD operation result: 000003e7 + 00000325 = 000007Xc
# Error:        999 +        806 =       1805, but calculator output is          X
# ADD operation result: 000003e7 + 00000326 = 000007Xd
# Error:        999 +        807 =       1806, but calculator output is          X
# ADD operation result: 000003e7 + 00000327 = 000007Xe
# Error:        999 +        808 =       1807, but calculator output is          X
# ADD operation result: 000003e7 + 00000328 = 000007Xf
# Error:        999 +        809 =       1808, but calculator output is          X
# ADD operation result: 000003e7 + 00000329 = 000007X0
# Error:        999 +        810 =       1809, but calculator output is          X
# ADD operation result: 000003e7 + 0000032a = 000007X1
# Error:        999 +        811 =       1810, but calculator output is          X
# ADD operation result: 000003e7 + 0000032b = 000007X2
# Error:        999 +        812 =       1811, but calculator output is          X
# ADD operation result: 000003e7 + 0000032c = 000007X3
# Error:        999 +        813 =       1812, but calculator output is          X
# ADD operation result: 000003e7 + 0000032d = 000007X4
# Error:        999 +        814 =       1813, but calculator output is          X
# ADD operation result: 000003e7 + 0000032e = 000007X5
# Error:        999 +        815 =       1814, but calculator output is          X
# ADD operation result: 000003e7 + 0000032f = 000007X6
# ADD operation result: 000003e7 + 00000330 = 00000717
# ADD operation result: 000003e7 + 00000331 = 00000718
# ADD operation result: 000003e7 + 00000332 = 00000719
# ADD operation result: 000003e7 + 00000333 = 0000071a
# ADD operation result: 000003e7 + 00000334 = 0000071b
# ADD operation result: 000003e7 + 00000335 = 0000071c
# ADD operation result: 000003e7 + 00000336 = 0000071d
# ADD operation result: 000003e7 + 00000337 = 0000071e
# ADD operation result: 000003e7 + 00000338 = 0000071f
# ADD operation result: 000003e7 + 00000339 = 00000720
# ADD operation result: 000003e7 + 0000033a = 00000721
# ADD operation result: 000003e7 + 0000033b = 00000722
# ADD operation result: 000003e7 + 0000033c = 00000723
# ADD operation result: 000003e7 + 0000033d = 00000724
# ADD operation result: 000003e7 + 0000033e = 00000725
# ADD operation result: 000003e7 + 0000033f = 00000726
# ADD operation result: 000003e7 + 00000340 = 00000727
# ADD operation result: 000003e7 + 00000341 = 00000728
# ADD operation result: 000003e7 + 00000342 = 00000729
# ADD operation result: 000003e7 + 00000343 = 0000072a
# ADD operation result: 000003e7 + 00000344 = 0000072b
# ADD operation result: 000003e7 + 00000345 = 0000072c
# ADD operation result: 000003e7 + 00000346 = 0000072d
# ADD operation result: 000003e7 + 00000347 = 0000072e
# ADD operation result: 000003e7 + 00000348 = 0000072f
# ADD operation result: 000003e7 + 00000349 = 00000730
# ADD operation result: 000003e7 + 0000034a = 00000731
# ADD operation result: 000003e7 + 0000034b = 00000732
# ADD operation result: 000003e7 + 0000034c = 00000733
# ADD operation result: 000003e7 + 0000034d = 00000734
# ADD operation result: 000003e7 + 0000034e = 00000735
# ADD operation result: 000003e7 + 0000034f = 00000736
# Error:        999 +        848 =       1847, but calculator output is          X
# ADD operation result: 000003e7 + 00000350 = 000007X7
# Error:        999 +        849 =       1848, but calculator output is          X
# ADD operation result: 000003e7 + 00000351 = 000007X8
# Error:        999 +        850 =       1849, but calculator output is          X
# ADD operation result: 000003e7 + 00000352 = 000007X9
# Error:        999 +        851 =       1850, but calculator output is          X
# ADD operation result: 000003e7 + 00000353 = 000007Xa
# Error:        999 +        852 =       1851, but calculator output is          X
# ADD operation result: 000003e7 + 00000354 = 000007Xb
# Error:        999 +        853 =       1852, but calculator output is          X
# ADD operation result: 000003e7 + 00000355 = 000007Xc
# Error:        999 +        854 =       1853, but calculator output is          X
# ADD operation result: 000003e7 + 00000356 = 000007Xd
# Error:        999 +        855 =       1854, but calculator output is          X
# ADD operation result: 000003e7 + 00000357 = 000007Xe
# Error:        999 +        856 =       1855, but calculator output is          X
# ADD operation result: 000003e7 + 00000358 = 000007Xf
# Error:        999 +        857 =       1856, but calculator output is          X
# ADD operation result: 000003e7 + 00000359 = 000007X0
# Error:        999 +        858 =       1857, but calculator output is          X
# ADD operation result: 000003e7 + 0000035a = 000007X1
# Error:        999 +        859 =       1858, but calculator output is          X
# ADD operation result: 000003e7 + 0000035b = 000007X2
# Error:        999 +        860 =       1859, but calculator output is          X
# ADD operation result: 000003e7 + 0000035c = 000007X3
# Error:        999 +        861 =       1860, but calculator output is          X
# ADD operation result: 000003e7 + 0000035d = 000007X4
# Error:        999 +        862 =       1861, but calculator output is          X
# ADD operation result: 000003e7 + 0000035e = 000007X5
# Error:        999 +        863 =       1862, but calculator output is          X
# ADD operation result: 000003e7 + 0000035f = 000007X6
# Error:        999 +        864 =       1863, but calculator output is          X
# ADD operation result: 000003e7 + 00000360 = 000007X7
# Error:        999 +        865 =       1864, but calculator output is          X
# ADD operation result: 000003e7 + 00000361 = 000007X8
# Error:        999 +        866 =       1865, but calculator output is          X
# ADD operation result: 000003e7 + 00000362 = 000007X9
# Error:        999 +        867 =       1866, but calculator output is          X
# ADD operation result: 000003e7 + 00000363 = 000007Xa
# Error:        999 +        868 =       1867, but calculator output is          X
# ADD operation result: 000003e7 + 00000364 = 000007Xb
# Error:        999 +        869 =       1868, but calculator output is          X
# ADD operation result: 000003e7 + 00000365 = 000007Xc
# Error:        999 +        870 =       1869, but calculator output is          X
# ADD operation result: 000003e7 + 00000366 = 000007Xd
# Error:        999 +        871 =       1870, but calculator output is          X
# ADD operation result: 000003e7 + 00000367 = 000007Xe
# Error:        999 +        872 =       1871, but calculator output is          X
# ADD operation result: 000003e7 + 00000368 = 000007Xf
# Error:        999 +        873 =       1872, but calculator output is          X
# ADD operation result: 000003e7 + 00000369 = 000007X0
# Error:        999 +        874 =       1873, but calculator output is          X
# ADD operation result: 000003e7 + 0000036a = 000007X1
# Error:        999 +        875 =       1874, but calculator output is          X
# ADD operation result: 000003e7 + 0000036b = 000007X2
# Error:        999 +        876 =       1875, but calculator output is          X
# ADD operation result: 000003e7 + 0000036c = 000007X3
# Error:        999 +        877 =       1876, but calculator output is          X
# ADD operation result: 000003e7 + 0000036d = 000007X4
# Error:        999 +        878 =       1877, but calculator output is          X
# ADD operation result: 000003e7 + 0000036e = 000007X5
# Error:        999 +        879 =       1878, but calculator output is          X
# ADD operation result: 000003e7 + 0000036f = 000007X6
# ADD operation result: 000003e7 + 00000370 = 00000757
# ADD operation result: 000003e7 + 00000371 = 00000758
# ADD operation result: 000003e7 + 00000372 = 00000759
# ADD operation result: 000003e7 + 00000373 = 0000075a
# ADD operation result: 000003e7 + 00000374 = 0000075b
# ADD operation result: 000003e7 + 00000375 = 0000075c
# ADD operation result: 000003e7 + 00000376 = 0000075d
# ADD operation result: 000003e7 + 00000377 = 0000075e
# ADD operation result: 000003e7 + 00000378 = 0000075f
# ADD operation result: 000003e7 + 00000379 = 00000760
# ADD operation result: 000003e7 + 0000037a = 00000761
# ADD operation result: 000003e7 + 0000037b = 00000762
# ADD operation result: 000003e7 + 0000037c = 00000763
# ADD operation result: 000003e7 + 0000037d = 00000764
# ADD operation result: 000003e7 + 0000037e = 00000765
# ADD operation result: 000003e7 + 0000037f = 00000766
# ADD operation result: 000003e7 + 00000380 = 00000767
# ADD operation result: 000003e7 + 00000381 = 00000768
# ADD operation result: 000003e7 + 00000382 = 00000769
# ADD operation result: 000003e7 + 00000383 = 0000076a
# ADD operation result: 000003e7 + 00000384 = 0000076b
# ADD operation result: 000003e7 + 00000385 = 0000076c
# ADD operation result: 000003e7 + 00000386 = 0000076d
# ADD operation result: 000003e7 + 00000387 = 0000076e
# ADD operation result: 000003e7 + 00000388 = 0000076f
# ADD operation result: 000003e7 + 00000389 = 00000770
# ADD operation result: 000003e7 + 0000038a = 00000771
# ADD operation result: 000003e7 + 0000038b = 00000772
# ADD operation result: 000003e7 + 0000038c = 00000773
# ADD operation result: 000003e7 + 0000038d = 00000774
# ADD operation result: 000003e7 + 0000038e = 00000775
# ADD operation result: 000003e7 + 0000038f = 00000776
# Error:        999 +        912 =       1911, but calculator output is          X
# ADD operation result: 000003e7 + 00000390 = 000007X7
# Error:        999 +        913 =       1912, but calculator output is          X
# ADD operation result: 000003e7 + 00000391 = 000007X8
# Error:        999 +        914 =       1913, but calculator output is          X
# ADD operation result: 000003e7 + 00000392 = 000007X9
# Error:        999 +        915 =       1914, but calculator output is          X
# ADD operation result: 000003e7 + 00000393 = 000007Xa
# Error:        999 +        916 =       1915, but calculator output is          X
# ADD operation result: 000003e7 + 00000394 = 000007Xb
# Error:        999 +        917 =       1916, but calculator output is          X
# ADD operation result: 000003e7 + 00000395 = 000007Xc
# Error:        999 +        918 =       1917, but calculator output is          X
# ADD operation result: 000003e7 + 00000396 = 000007Xd
# Error:        999 +        919 =       1918, but calculator output is          X
# ADD operation result: 000003e7 + 00000397 = 000007Xe
# Error:        999 +        920 =       1919, but calculator output is          X
# ADD operation result: 000003e7 + 00000398 = 000007Xf
# Error:        999 +        921 =       1920, but calculator output is          X
# ADD operation result: 000003e7 + 00000399 = 000007X0
# Error:        999 +        922 =       1921, but calculator output is          X
# ADD operation result: 000003e7 + 0000039a = 000007X1
# Error:        999 +        923 =       1922, but calculator output is          X
# ADD operation result: 000003e7 + 0000039b = 000007X2
# Error:        999 +        924 =       1923, but calculator output is          X
# ADD operation result: 000003e7 + 0000039c = 000007X3
# Error:        999 +        925 =       1924, but calculator output is          X
# ADD operation result: 000003e7 + 0000039d = 000007X4
# Error:        999 +        926 =       1925, but calculator output is          X
# ADD operation result: 000003e7 + 0000039e = 000007X5
# Error:        999 +        927 =       1926, but calculator output is          X
# ADD operation result: 000003e7 + 0000039f = 000007X6
# Error:        999 +        928 =       1927, but calculator output is          X
# ADD operation result: 000003e7 + 000003a0 = 000007X7
# Error:        999 +        929 =       1928, but calculator output is          X
# ADD operation result: 000003e7 + 000003a1 = 000007X8
# Error:        999 +        930 =       1929, but calculator output is          X
# ADD operation result: 000003e7 + 000003a2 = 000007X9
# Error:        999 +        931 =       1930, but calculator output is          X
# ADD operation result: 000003e7 + 000003a3 = 000007Xa
# Error:        999 +        932 =       1931, but calculator output is          X
# ADD operation result: 000003e7 + 000003a4 = 000007Xb
# Error:        999 +        933 =       1932, but calculator output is          X
# ADD operation result: 000003e7 + 000003a5 = 000007Xc
# Error:        999 +        934 =       1933, but calculator output is          X
# ADD operation result: 000003e7 + 000003a6 = 000007Xd
# Error:        999 +        935 =       1934, but calculator output is          X
# ADD operation result: 000003e7 + 000003a7 = 000007Xe
# Error:        999 +        936 =       1935, but calculator output is          X
# ADD operation result: 000003e7 + 000003a8 = 000007Xf
# Error:        999 +        937 =       1936, but calculator output is          X
# ADD operation result: 000003e7 + 000003a9 = 000007X0
# Error:        999 +        938 =       1937, but calculator output is          X
# ADD operation result: 000003e7 + 000003aa = 000007X1
# Error:        999 +        939 =       1938, but calculator output is          X
# ADD operation result: 000003e7 + 000003ab = 000007X2
# Error:        999 +        940 =       1939, but calculator output is          X
# ADD operation result: 000003e7 + 000003ac = 000007X3
# Error:        999 +        941 =       1940, but calculator output is          X
# ADD operation result: 000003e7 + 000003ad = 000007X4
# Error:        999 +        942 =       1941, but calculator output is          X
# ADD operation result: 000003e7 + 000003ae = 000007X5
# Error:        999 +        943 =       1942, but calculator output is          X
# ADD operation result: 000003e7 + 000003af = 000007X6
# ADD operation result: 000003e7 + 000003b0 = 00000797
# ADD operation result: 000003e7 + 000003b1 = 00000798
# ADD operation result: 000003e7 + 000003b2 = 00000799
# ADD operation result: 000003e7 + 000003b3 = 0000079a
# ADD operation result: 000003e7 + 000003b4 = 0000079b
# ADD operation result: 000003e7 + 000003b5 = 0000079c
# ADD operation result: 000003e7 + 000003b6 = 0000079d
# ADD operation result: 000003e7 + 000003b7 = 0000079e
# ADD operation result: 000003e7 + 000003b8 = 0000079f
# ADD operation result: 000003e7 + 000003b9 = 000007a0
# ADD operation result: 000003e7 + 000003ba = 000007a1
# ADD operation result: 000003e7 + 000003bb = 000007a2
# ADD operation result: 000003e7 + 000003bc = 000007a3
# ADD operation result: 000003e7 + 000003bd = 000007a4
# ADD operation result: 000003e7 + 000003be = 000007a5
# ADD operation result: 000003e7 + 000003bf = 000007a6
# ADD operation result: 000003e7 + 000003c0 = 000007a7
# ADD operation result: 000003e7 + 000003c1 = 000007a8
# ADD operation result: 000003e7 + 000003c2 = 000007a9
# ADD operation result: 000003e7 + 000003c3 = 000007aa
# ADD operation result: 000003e7 + 000003c4 = 000007ab
# ADD operation result: 000003e7 + 000003c5 = 000007ac
# ADD operation result: 000003e7 + 000003c6 = 000007ad
# ADD operation result: 000003e7 + 000003c7 = 000007ae
# ADD operation result: 000003e7 + 000003c8 = 000007af
# ADD operation result: 000003e7 + 000003c9 = 000007b0
# ADD operation result: 000003e7 + 000003ca = 000007b1
# ADD operation result: 000003e7 + 000003cb = 000007b2
# ADD operation result: 000003e7 + 000003cc = 000007b3
# ADD operation result: 000003e7 + 000003cd = 000007b4
# ADD operation result: 000003e7 + 000003ce = 000007b5
# ADD operation result: 000003e7 + 000003cf = 000007b6
# Error:        999 +        976 =       1975, but calculator output is          X
# ADD operation result: 000003e7 + 000003d0 = 000007X7
# Error:        999 +        977 =       1976, but calculator output is          X
# ADD operation result: 000003e7 + 000003d1 = 000007X8
# Error:        999 +        978 =       1977, but calculator output is          X
# ADD operation result: 000003e7 + 000003d2 = 000007X9
# Error:        999 +        979 =       1978, but calculator output is          X
# ADD operation result: 000003e7 + 000003d3 = 000007Xa
# Error:        999 +        980 =       1979, but calculator output is          X
# ADD operation result: 000003e7 + 000003d4 = 000007Xb
# Error:        999 +        981 =       1980, but calculator output is          X
# ADD operation result: 000003e7 + 000003d5 = 000007Xc
# Error:        999 +        982 =       1981, but calculator output is          X
# ADD operation result: 000003e7 + 000003d6 = 000007Xd
# Error:        999 +        983 =       1982, but calculator output is          X
# ADD operation result: 000003e7 + 000003d7 = 000007Xe
# Error:        999 +        984 =       1983, but calculator output is          X
# ADD operation result: 000003e7 + 000003d8 = 000007Xf
# Error:        999 +        985 =       1984, but calculator output is          X
# ADD operation result: 000003e7 + 000003d9 = 000007X0
# Error:        999 +        986 =       1985, but calculator output is          X
# ADD operation result: 000003e7 + 000003da = 000007X1
# Error:        999 +        987 =       1986, but calculator output is          X
# ADD operation result: 000003e7 + 000003db = 000007X2
# Error:        999 +        988 =       1987, but calculator output is          X
# ADD operation result: 000003e7 + 000003dc = 000007X3
# Error:        999 +        989 =       1988, but calculator output is          X
# ADD operation result: 000003e7 + 000003dd = 000007X4
# Error:        999 +        990 =       1989, but calculator output is          X
# ADD operation result: 000003e7 + 000003de = 000007X5
# Error:        999 +        991 =       1990, but calculator output is          X
# ADD operation result: 000003e7 + 000003df = 000007X6
# Error:        999 +        992 =       1991, but calculator output is          X
# ADD operation result: 000003e7 + 000003e0 = 000007X7
# Error:        999 +        993 =       1992, but calculator output is          X
# ADD operation result: 000003e7 + 000003e1 = 000007X8
# Error:        999 +        994 =       1993, but calculator output is          X
# ADD operation result: 000003e7 + 000003e2 = 000007X9
# Error:        999 +        995 =       1994, but calculator output is          X
# ADD operation result: 000003e7 + 000003e3 = 000007Xa
# Error:        999 +        996 =       1995, but calculator output is          X
# ADD operation result: 000003e7 + 000003e4 = 000007Xb
# Error:        999 +        997 =       1996, but calculator output is          X
# ADD operation result: 000003e7 + 000003e5 = 000007Xc
# Error:        999 +        998 =       1997, but calculator output is          X
# ADD operation result: 000003e7 + 000003e6 = 000007Xd
# Error:        999 +        999 =       1998, but calculator output is          X
# ADD operation result: 000003e7 + 000003e7 = 000007Xe
# Error:        999 +       1000 =       1999, but calculator output is          X
# ADD operation result: 000003e7 + 000003e8 = 000007Xf
# ADD operation result: 000003e8 + 00000000 = 000003e8
# ADD operation result: 000003e8 + 00000001 = 000003e9
# ADD operation result: 000003e8 + 00000002 = 000003ea
# ADD operation result: 000003e8 + 00000003 = 000003eb
# ADD operation result: 000003e8 + 00000004 = 000003ec
# ADD operation result: 000003e8 + 00000005 = 000003ed
# ADD operation result: 000003e8 + 00000006 = 000003ee
# ADD operation result: 000003e8 + 00000007 = 000003ef
# ADD operation result: 000003e8 + 00000008 = 000003f0
# ADD operation result: 000003e8 + 00000009 = 000003f1
# ADD operation result: 000003e8 + 0000000a = 000003f2
# ADD operation result: 000003e8 + 0000000b = 000003f3
# ADD operation result: 000003e8 + 0000000c = 000003f4
# ADD operation result: 000003e8 + 0000000d = 000003f5
# ADD operation result: 000003e8 + 0000000e = 000003f6
# ADD operation result: 000003e8 + 0000000f = 000003f7
# Error:       1000 +         16 =       1016, but calculator output is          X
# ADD operation result: 000003e8 + 00000010 = 000003X8
# Error:       1000 +         17 =       1017, but calculator output is          X
# ADD operation result: 000003e8 + 00000011 = 000003X9
# Error:       1000 +         18 =       1018, but calculator output is          X
# ADD operation result: 000003e8 + 00000012 = 000003Xa
# Error:       1000 +         19 =       1019, but calculator output is          X
# ADD operation result: 000003e8 + 00000013 = 000003Xb
# Error:       1000 +         20 =       1020, but calculator output is          X
# ADD operation result: 000003e8 + 00000014 = 000003Xc
# Error:       1000 +         21 =       1021, but calculator output is          X
# ADD operation result: 000003e8 + 00000015 = 000003Xd
# Error:       1000 +         22 =       1022, but calculator output is          X
# ADD operation result: 000003e8 + 00000016 = 000003Xe
# Error:       1000 +         23 =       1023, but calculator output is          X
# ADD operation result: 000003e8 + 00000017 = 000003Xf
# Error:       1000 +         24 =       1024, but calculator output is          X
# ADD operation result: 000003e8 + 00000018 = 00000XX0
# Error:       1000 +         25 =       1025, but calculator output is          X
# ADD operation result: 000003e8 + 00000019 = 00000XX1
# Error:       1000 +         26 =       1026, but calculator output is          X
# ADD operation result: 000003e8 + 0000001a = 00000XX2
# Error:       1000 +         27 =       1027, but calculator output is          X
# ADD operation result: 000003e8 + 0000001b = 00000XX3
# Error:       1000 +         28 =       1028, but calculator output is          X
# ADD operation result: 000003e8 + 0000001c = 00000XX4
# Error:       1000 +         29 =       1029, but calculator output is          X
# ADD operation result: 000003e8 + 0000001d = 00000XX5
# Error:       1000 +         30 =       1030, but calculator output is          X
# ADD operation result: 000003e8 + 0000001e = 00000XX6
# Error:       1000 +         31 =       1031, but calculator output is          X
# ADD operation result: 000003e8 + 0000001f = 00000XX7
# Error:       1000 +         32 =       1032, but calculator output is          X
# ADD operation result: 000003e8 + 00000020 = 000004X8
# Error:       1000 +         33 =       1033, but calculator output is          X
# ADD operation result: 000003e8 + 00000021 = 000004X9
# Error:       1000 +         34 =       1034, but calculator output is          X
# ADD operation result: 000003e8 + 00000022 = 000004Xa
# Error:       1000 +         35 =       1035, but calculator output is          X
# ADD operation result: 000003e8 + 00000023 = 000004Xb
# Error:       1000 +         36 =       1036, but calculator output is          X
# ADD operation result: 000003e8 + 00000024 = 000004Xc
# Error:       1000 +         37 =       1037, but calculator output is          X
# ADD operation result: 000003e8 + 00000025 = 000004Xd
# Error:       1000 +         38 =       1038, but calculator output is          X
# ADD operation result: 000003e8 + 00000026 = 000004Xe
# Error:       1000 +         39 =       1039, but calculator output is          X
# ADD operation result: 000003e8 + 00000027 = 000004Xf
# Error:       1000 +         40 =       1040, but calculator output is          X
# ADD operation result: 000003e8 + 00000028 = 000004X0
# Error:       1000 +         41 =       1041, but calculator output is          X
# ADD operation result: 000003e8 + 00000029 = 000004X1
# Error:       1000 +         42 =       1042, but calculator output is          X
# ADD operation result: 000003e8 + 0000002a = 000004X2
# Error:       1000 +         43 =       1043, but calculator output is          X
# ADD operation result: 000003e8 + 0000002b = 000004X3
# Error:       1000 +         44 =       1044, but calculator output is          X
# ADD operation result: 000003e8 + 0000002c = 000004X4
# Error:       1000 +         45 =       1045, but calculator output is          X
# ADD operation result: 000003e8 + 0000002d = 000004X5
# Error:       1000 +         46 =       1046, but calculator output is          X
# ADD operation result: 000003e8 + 0000002e = 000004X6
# Error:       1000 +         47 =       1047, but calculator output is          X
# ADD operation result: 000003e8 + 0000002f = 000004X7
# ADD operation result: 000003e8 + 00000030 = 00000418
# ADD operation result: 000003e8 + 00000031 = 00000419
# ADD operation result: 000003e8 + 00000032 = 0000041a
# ADD operation result: 000003e8 + 00000033 = 0000041b
# ADD operation result: 000003e8 + 00000034 = 0000041c
# ADD operation result: 000003e8 + 00000035 = 0000041d
# ADD operation result: 000003e8 + 00000036 = 0000041e
# ADD operation result: 000003e8 + 00000037 = 0000041f
# ADD operation result: 000003e8 + 00000038 = 00000420
# ADD operation result: 000003e8 + 00000039 = 00000421
# ADD operation result: 000003e8 + 0000003a = 00000422
# ADD operation result: 000003e8 + 0000003b = 00000423
# ADD operation result: 000003e8 + 0000003c = 00000424
# ADD operation result: 000003e8 + 0000003d = 00000425
# ADD operation result: 000003e8 + 0000003e = 00000426
# ADD operation result: 000003e8 + 0000003f = 00000427
# ADD operation result: 000003e8 + 00000040 = 00000428
# ADD operation result: 000003e8 + 00000041 = 00000429
# ADD operation result: 000003e8 + 00000042 = 0000042a
# ADD operation result: 000003e8 + 00000043 = 0000042b
# ADD operation result: 000003e8 + 00000044 = 0000042c
# ADD operation result: 000003e8 + 00000045 = 0000042d
# ADD operation result: 000003e8 + 00000046 = 0000042e
# ADD operation result: 000003e8 + 00000047 = 0000042f
# ADD operation result: 000003e8 + 00000048 = 00000430
# ADD operation result: 000003e8 + 00000049 = 00000431
# ADD operation result: 000003e8 + 0000004a = 00000432
# ADD operation result: 000003e8 + 0000004b = 00000433
# ADD operation result: 000003e8 + 0000004c = 00000434
# ADD operation result: 000003e8 + 0000004d = 00000435
# ADD operation result: 000003e8 + 0000004e = 00000436
# ADD operation result: 000003e8 + 0000004f = 00000437
# Error:       1000 +         80 =       1080, but calculator output is          X
# ADD operation result: 000003e8 + 00000050 = 000004X8
# Error:       1000 +         81 =       1081, but calculator output is          X
# ADD operation result: 000003e8 + 00000051 = 000004X9
# Error:       1000 +         82 =       1082, but calculator output is          X
# ADD operation result: 000003e8 + 00000052 = 000004Xa
# Error:       1000 +         83 =       1083, but calculator output is          X
# ADD operation result: 000003e8 + 00000053 = 000004Xb
# Error:       1000 +         84 =       1084, but calculator output is          X
# ADD operation result: 000003e8 + 00000054 = 000004Xc
# Error:       1000 +         85 =       1085, but calculator output is          X
# ADD operation result: 000003e8 + 00000055 = 000004Xd
# Error:       1000 +         86 =       1086, but calculator output is          X
# ADD operation result: 000003e8 + 00000056 = 000004Xe
# Error:       1000 +         87 =       1087, but calculator output is          X
# ADD operation result: 000003e8 + 00000057 = 000004Xf
# Error:       1000 +         88 =       1088, but calculator output is          X
# ADD operation result: 000003e8 + 00000058 = 000004X0
# Error:       1000 +         89 =       1089, but calculator output is          X
# ADD operation result: 000003e8 + 00000059 = 000004X1
# Error:       1000 +         90 =       1090, but calculator output is          X
# ADD operation result: 000003e8 + 0000005a = 000004X2
# Error:       1000 +         91 =       1091, but calculator output is          X
# ADD operation result: 000003e8 + 0000005b = 000004X3
# Error:       1000 +         92 =       1092, but calculator output is          X
# ADD operation result: 000003e8 + 0000005c = 000004X4
# Error:       1000 +         93 =       1093, but calculator output is          X
# ADD operation result: 000003e8 + 0000005d = 000004X5
# Error:       1000 +         94 =       1094, but calculator output is          X
# ADD operation result: 000003e8 + 0000005e = 000004X6
# Error:       1000 +         95 =       1095, but calculator output is          X
# ADD operation result: 000003e8 + 0000005f = 000004X7
# Error:       1000 +         96 =       1096, but calculator output is          X
# ADD operation result: 000003e8 + 00000060 = 000004X8
# Error:       1000 +         97 =       1097, but calculator output is          X
# ADD operation result: 000003e8 + 00000061 = 000004X9
# Error:       1000 +         98 =       1098, but calculator output is          X
# ADD operation result: 000003e8 + 00000062 = 000004Xa
# Error:       1000 +         99 =       1099, but calculator output is          X
# ADD operation result: 000003e8 + 00000063 = 000004Xb
# Error:       1000 +        100 =       1100, but calculator output is          X
# ADD operation result: 000003e8 + 00000064 = 000004Xc
# Error:       1000 +        101 =       1101, but calculator output is          X
# ADD operation result: 000003e8 + 00000065 = 000004Xd
# Error:       1000 +        102 =       1102, but calculator output is          X
# ADD operation result: 000003e8 + 00000066 = 000004Xe
# Error:       1000 +        103 =       1103, but calculator output is          X
# ADD operation result: 000003e8 + 00000067 = 000004Xf
# Error:       1000 +        104 =       1104, but calculator output is          X
# ADD operation result: 000003e8 + 00000068 = 000004X0
# Error:       1000 +        105 =       1105, but calculator output is          X
# ADD operation result: 000003e8 + 00000069 = 000004X1
# Error:       1000 +        106 =       1106, but calculator output is          X
# ADD operation result: 000003e8 + 0000006a = 000004X2
# Error:       1000 +        107 =       1107, but calculator output is          X
# ADD operation result: 000003e8 + 0000006b = 000004X3
# Error:       1000 +        108 =       1108, but calculator output is          X
# ADD operation result: 000003e8 + 0000006c = 000004X4
# Error:       1000 +        109 =       1109, but calculator output is          X
# ADD operation result: 000003e8 + 0000006d = 000004X5
# Error:       1000 +        110 =       1110, but calculator output is          X
# ADD operation result: 000003e8 + 0000006e = 000004X6
# Error:       1000 +        111 =       1111, but calculator output is          X
# ADD operation result: 000003e8 + 0000006f = 000004X7
# ADD operation result: 000003e8 + 00000070 = 00000458
# ADD operation result: 000003e8 + 00000071 = 00000459
# ADD operation result: 000003e8 + 00000072 = 0000045a
# ADD operation result: 000003e8 + 00000073 = 0000045b
# ADD operation result: 000003e8 + 00000074 = 0000045c
# ADD operation result: 000003e8 + 00000075 = 0000045d
# ADD operation result: 000003e8 + 00000076 = 0000045e
# ADD operation result: 000003e8 + 00000077 = 0000045f
# ADD operation result: 000003e8 + 00000078 = 00000460
# ADD operation result: 000003e8 + 00000079 = 00000461
# ADD operation result: 000003e8 + 0000007a = 00000462
# ADD operation result: 000003e8 + 0000007b = 00000463
# ADD operation result: 000003e8 + 0000007c = 00000464
# ADD operation result: 000003e8 + 0000007d = 00000465
# ADD operation result: 000003e8 + 0000007e = 00000466
# ADD operation result: 000003e8 + 0000007f = 00000467
# ADD operation result: 000003e8 + 00000080 = 00000468
# ADD operation result: 000003e8 + 00000081 = 00000469
# ADD operation result: 000003e8 + 00000082 = 0000046a
# ADD operation result: 000003e8 + 00000083 = 0000046b
# ADD operation result: 000003e8 + 00000084 = 0000046c
# ADD operation result: 000003e8 + 00000085 = 0000046d
# ADD operation result: 000003e8 + 00000086 = 0000046e
# ADD operation result: 000003e8 + 00000087 = 0000046f
# ADD operation result: 000003e8 + 00000088 = 00000470
# ADD operation result: 000003e8 + 00000089 = 00000471
# ADD operation result: 000003e8 + 0000008a = 00000472
# ADD operation result: 000003e8 + 0000008b = 00000473
# ADD operation result: 000003e8 + 0000008c = 00000474
# ADD operation result: 000003e8 + 0000008d = 00000475
# ADD operation result: 000003e8 + 0000008e = 00000476
# ADD operation result: 000003e8 + 0000008f = 00000477
# Error:       1000 +        144 =       1144, but calculator output is          X
# ADD operation result: 000003e8 + 00000090 = 000004X8
# Error:       1000 +        145 =       1145, but calculator output is          X
# ADD operation result: 000003e8 + 00000091 = 000004X9
# Error:       1000 +        146 =       1146, but calculator output is          X
# ADD operation result: 000003e8 + 00000092 = 000004Xa
# Error:       1000 +        147 =       1147, but calculator output is          X
# ADD operation result: 000003e8 + 00000093 = 000004Xb
# Error:       1000 +        148 =       1148, but calculator output is          X
# ADD operation result: 000003e8 + 00000094 = 000004Xc
# Error:       1000 +        149 =       1149, but calculator output is          X
# ADD operation result: 000003e8 + 00000095 = 000004Xd
# Error:       1000 +        150 =       1150, but calculator output is          X
# ADD operation result: 000003e8 + 00000096 = 000004Xe
# Error:       1000 +        151 =       1151, but calculator output is          X
# ADD operation result: 000003e8 + 00000097 = 000004Xf
# Error:       1000 +        152 =       1152, but calculator output is          X
# ADD operation result: 000003e8 + 00000098 = 000004X0
# Error:       1000 +        153 =       1153, but calculator output is          X
# ADD operation result: 000003e8 + 00000099 = 000004X1
# Error:       1000 +        154 =       1154, but calculator output is          X
# ADD operation result: 000003e8 + 0000009a = 000004X2
# Error:       1000 +        155 =       1155, but calculator output is          X
# ADD operation result: 000003e8 + 0000009b = 000004X3
# Error:       1000 +        156 =       1156, but calculator output is          X
# ADD operation result: 000003e8 + 0000009c = 000004X4
# Error:       1000 +        157 =       1157, but calculator output is          X
# ADD operation result: 000003e8 + 0000009d = 000004X5
# Error:       1000 +        158 =       1158, but calculator output is          X
# ADD operation result: 000003e8 + 0000009e = 000004X6
# Error:       1000 +        159 =       1159, but calculator output is          X
# ADD operation result: 000003e8 + 0000009f = 000004X7
# Error:       1000 +        160 =       1160, but calculator output is          X
# ADD operation result: 000003e8 + 000000a0 = 000004X8
# Error:       1000 +        161 =       1161, but calculator output is          X
# ADD operation result: 000003e8 + 000000a1 = 000004X9
# Error:       1000 +        162 =       1162, but calculator output is          X
# ADD operation result: 000003e8 + 000000a2 = 000004Xa
# Error:       1000 +        163 =       1163, but calculator output is          X
# ADD operation result: 000003e8 + 000000a3 = 000004Xb
# Error:       1000 +        164 =       1164, but calculator output is          X
# ADD operation result: 000003e8 + 000000a4 = 000004Xc
# Error:       1000 +        165 =       1165, but calculator output is          X
# ADD operation result: 000003e8 + 000000a5 = 000004Xd
# Error:       1000 +        166 =       1166, but calculator output is          X
# ADD operation result: 000003e8 + 000000a6 = 000004Xe
# Error:       1000 +        167 =       1167, but calculator output is          X
# ADD operation result: 000003e8 + 000000a7 = 000004Xf
# Error:       1000 +        168 =       1168, but calculator output is          X
# ADD operation result: 000003e8 + 000000a8 = 000004X0
# Error:       1000 +        169 =       1169, but calculator output is          X
# ADD operation result: 000003e8 + 000000a9 = 000004X1
# Error:       1000 +        170 =       1170, but calculator output is          X
# ADD operation result: 000003e8 + 000000aa = 000004X2
# Error:       1000 +        171 =       1171, but calculator output is          X
# ADD operation result: 000003e8 + 000000ab = 000004X3
# Error:       1000 +        172 =       1172, but calculator output is          X
# ADD operation result: 000003e8 + 000000ac = 000004X4
# Error:       1000 +        173 =       1173, but calculator output is          X
# ADD operation result: 000003e8 + 000000ad = 000004X5
# Error:       1000 +        174 =       1174, but calculator output is          X
# ADD operation result: 000003e8 + 000000ae = 000004X6
# Error:       1000 +        175 =       1175, but calculator output is          X
# ADD operation result: 000003e8 + 000000af = 000004X7
# ADD operation result: 000003e8 + 000000b0 = 00000498
# ADD operation result: 000003e8 + 000000b1 = 00000499
# ADD operation result: 000003e8 + 000000b2 = 0000049a
# ADD operation result: 000003e8 + 000000b3 = 0000049b
# ADD operation result: 000003e8 + 000000b4 = 0000049c
# ADD operation result: 000003e8 + 000000b5 = 0000049d
# ADD operation result: 000003e8 + 000000b6 = 0000049e
# ADD operation result: 000003e8 + 000000b7 = 0000049f
# ADD operation result: 000003e8 + 000000b8 = 000004a0
# ADD operation result: 000003e8 + 000000b9 = 000004a1
# ADD operation result: 000003e8 + 000000ba = 000004a2
# ADD operation result: 000003e8 + 000000bb = 000004a3
# ADD operation result: 000003e8 + 000000bc = 000004a4
# ADD operation result: 000003e8 + 000000bd = 000004a5
# ADD operation result: 000003e8 + 000000be = 000004a6
# ADD operation result: 000003e8 + 000000bf = 000004a7
# ADD operation result: 000003e8 + 000000c0 = 000004a8
# ADD operation result: 000003e8 + 000000c1 = 000004a9
# ADD operation result: 000003e8 + 000000c2 = 000004aa
# ADD operation result: 000003e8 + 000000c3 = 000004ab
# ADD operation result: 000003e8 + 000000c4 = 000004ac
# ADD operation result: 000003e8 + 000000c5 = 000004ad
# ADD operation result: 000003e8 + 000000c6 = 000004ae
# ADD operation result: 000003e8 + 000000c7 = 000004af
# ADD operation result: 000003e8 + 000000c8 = 000004b0
# ADD operation result: 000003e8 + 000000c9 = 000004b1
# ADD operation result: 000003e8 + 000000ca = 000004b2
# ADD operation result: 000003e8 + 000000cb = 000004b3
# ADD operation result: 000003e8 + 000000cc = 000004b4
# ADD operation result: 000003e8 + 000000cd = 000004b5
# ADD operation result: 000003e8 + 000000ce = 000004b6
# ADD operation result: 000003e8 + 000000cf = 000004b7
# Error:       1000 +        208 =       1208, but calculator output is          X
# ADD operation result: 000003e8 + 000000d0 = 000004X8
# Error:       1000 +        209 =       1209, but calculator output is          X
# ADD operation result: 000003e8 + 000000d1 = 000004X9
# Error:       1000 +        210 =       1210, but calculator output is          X
# ADD operation result: 000003e8 + 000000d2 = 000004Xa
# Error:       1000 +        211 =       1211, but calculator output is          X
# ADD operation result: 000003e8 + 000000d3 = 000004Xb
# Error:       1000 +        212 =       1212, but calculator output is          X
# ADD operation result: 000003e8 + 000000d4 = 000004Xc
# Error:       1000 +        213 =       1213, but calculator output is          X
# ADD operation result: 000003e8 + 000000d5 = 000004Xd
# Error:       1000 +        214 =       1214, but calculator output is          X
# ADD operation result: 000003e8 + 000000d6 = 000004Xe
# Error:       1000 +        215 =       1215, but calculator output is          X
# ADD operation result: 000003e8 + 000000d7 = 000004Xf
# Error:       1000 +        216 =       1216, but calculator output is          X
# ADD operation result: 000003e8 + 000000d8 = 000004X0
# Error:       1000 +        217 =       1217, but calculator output is          X
# ADD operation result: 000003e8 + 000000d9 = 000004X1
# Error:       1000 +        218 =       1218, but calculator output is          X
# ADD operation result: 000003e8 + 000000da = 000004X2
# Error:       1000 +        219 =       1219, but calculator output is          X
# ADD operation result: 000003e8 + 000000db = 000004X3
# Error:       1000 +        220 =       1220, but calculator output is          X
# ADD operation result: 000003e8 + 000000dc = 000004X4
# Error:       1000 +        221 =       1221, but calculator output is          X
# ADD operation result: 000003e8 + 000000dd = 000004X5
# Error:       1000 +        222 =       1222, but calculator output is          X
# ADD operation result: 000003e8 + 000000de = 000004X6
# Error:       1000 +        223 =       1223, but calculator output is          X
# ADD operation result: 000003e8 + 000000df = 000004X7
# Error:       1000 +        224 =       1224, but calculator output is          X
# ADD operation result: 000003e8 + 000000e0 = 000004X8
# Error:       1000 +        225 =       1225, but calculator output is          X
# ADD operation result: 000003e8 + 000000e1 = 000004X9
# Error:       1000 +        226 =       1226, but calculator output is          X
# ADD operation result: 000003e8 + 000000e2 = 000004Xa
# Error:       1000 +        227 =       1227, but calculator output is          X
# ADD operation result: 000003e8 + 000000e3 = 000004Xb
# Error:       1000 +        228 =       1228, but calculator output is          X
# ADD operation result: 000003e8 + 000000e4 = 000004Xc
# Error:       1000 +        229 =       1229, but calculator output is          X
# ADD operation result: 000003e8 + 000000e5 = 000004Xd
# Error:       1000 +        230 =       1230, but calculator output is          X
# ADD operation result: 000003e8 + 000000e6 = 000004Xe
# Error:       1000 +        231 =       1231, but calculator output is          X
# ADD operation result: 000003e8 + 000000e7 = 000004Xf
# Error:       1000 +        232 =       1232, but calculator output is          X
# ADD operation result: 000003e8 + 000000e8 = 000004X0
# Error:       1000 +        233 =       1233, but calculator output is          X
# ADD operation result: 000003e8 + 000000e9 = 000004X1
# Error:       1000 +        234 =       1234, but calculator output is          X
# ADD operation result: 000003e8 + 000000ea = 000004X2
# Error:       1000 +        235 =       1235, but calculator output is          X
# ADD operation result: 000003e8 + 000000eb = 000004X3
# Error:       1000 +        236 =       1236, but calculator output is          X
# ADD operation result: 000003e8 + 000000ec = 000004X4
# Error:       1000 +        237 =       1237, but calculator output is          X
# ADD operation result: 000003e8 + 000000ed = 000004X5
# Error:       1000 +        238 =       1238, but calculator output is          X
# ADD operation result: 000003e8 + 000000ee = 000004X6
# Error:       1000 +        239 =       1239, but calculator output is          X
# ADD operation result: 000003e8 + 000000ef = 000004X7
# ADD operation result: 000003e8 + 000000f0 = 000004d8
# ADD operation result: 000003e8 + 000000f1 = 000004d9
# ADD operation result: 000003e8 + 000000f2 = 000004da
# ADD operation result: 000003e8 + 000000f3 = 000004db
# ADD operation result: 000003e8 + 000000f4 = 000004dc
# ADD operation result: 000003e8 + 000000f5 = 000004dd
# ADD operation result: 000003e8 + 000000f6 = 000004de
# ADD operation result: 000003e8 + 000000f7 = 000004df
# ADD operation result: 000003e8 + 000000f8 = 000004e0
# ADD operation result: 000003e8 + 000000f9 = 000004e1
# ADD operation result: 000003e8 + 000000fa = 000004e2
# ADD operation result: 000003e8 + 000000fb = 000004e3
# ADD operation result: 000003e8 + 000000fc = 000004e4
# ADD operation result: 000003e8 + 000000fd = 000004e5
# ADD operation result: 000003e8 + 000000fe = 000004e6
# ADD operation result: 000003e8 + 000000ff = 000004e7
# ADD operation result: 000003e8 + 00000100 = 000004e8
# ADD operation result: 000003e8 + 00000101 = 000004e9
# ADD operation result: 000003e8 + 00000102 = 000004ea
# ADD operation result: 000003e8 + 00000103 = 000004eb
# ADD operation result: 000003e8 + 00000104 = 000004ec
# ADD operation result: 000003e8 + 00000105 = 000004ed
# ADD operation result: 000003e8 + 00000106 = 000004ee
# ADD operation result: 000003e8 + 00000107 = 000004ef
# ADD operation result: 000003e8 + 00000108 = 000004f0
# ADD operation result: 000003e8 + 00000109 = 000004f1
# ADD operation result: 000003e8 + 0000010a = 000004f2
# ADD operation result: 000003e8 + 0000010b = 000004f3
# ADD operation result: 000003e8 + 0000010c = 000004f4
# ADD operation result: 000003e8 + 0000010d = 000004f5
# ADD operation result: 000003e8 + 0000010e = 000004f6
# ADD operation result: 000003e8 + 0000010f = 000004f7
# Error:       1000 +        272 =       1272, but calculator output is          X
# ADD operation result: 000003e8 + 00000110 = 000004X8
# Error:       1000 +        273 =       1273, but calculator output is          X
# ADD operation result: 000003e8 + 00000111 = 000004X9
# Error:       1000 +        274 =       1274, but calculator output is          X
# ADD operation result: 000003e8 + 00000112 = 000004Xa
# Error:       1000 +        275 =       1275, but calculator output is          X
# ADD operation result: 000003e8 + 00000113 = 000004Xb
# Error:       1000 +        276 =       1276, but calculator output is          X
# ADD operation result: 000003e8 + 00000114 = 000004Xc
# Error:       1000 +        277 =       1277, but calculator output is          X
# ADD operation result: 000003e8 + 00000115 = 000004Xd
# Error:       1000 +        278 =       1278, but calculator output is          X
# ADD operation result: 000003e8 + 00000116 = 000004Xe
# Error:       1000 +        279 =       1279, but calculator output is          X
# ADD operation result: 000003e8 + 00000117 = 000004Xf
# Error:       1000 +        280 =       1280, but calculator output is          X
# ADD operation result: 000003e8 + 00000118 = 00000XX0
# Error:       1000 +        281 =       1281, but calculator output is          X
# ADD operation result: 000003e8 + 00000119 = 00000XX1
# Error:       1000 +        282 =       1282, but calculator output is          X
# ADD operation result: 000003e8 + 0000011a = 00000XX2
# Error:       1000 +        283 =       1283, but calculator output is          X
# ADD operation result: 000003e8 + 0000011b = 00000XX3
# Error:       1000 +        284 =       1284, but calculator output is          X
# ADD operation result: 000003e8 + 0000011c = 00000XX4
# Error:       1000 +        285 =       1285, but calculator output is          X
# ADD operation result: 000003e8 + 0000011d = 00000XX5
# Error:       1000 +        286 =       1286, but calculator output is          X
# ADD operation result: 000003e8 + 0000011e = 00000XX6
# Error:       1000 +        287 =       1287, but calculator output is          X
# ADD operation result: 000003e8 + 0000011f = 00000XX7
# Error:       1000 +        288 =       1288, but calculator output is          X
# ADD operation result: 000003e8 + 00000120 = 000005X8
# Error:       1000 +        289 =       1289, but calculator output is          X
# ADD operation result: 000003e8 + 00000121 = 000005X9
# Error:       1000 +        290 =       1290, but calculator output is          X
# ADD operation result: 000003e8 + 00000122 = 000005Xa
# Error:       1000 +        291 =       1291, but calculator output is          X
# ADD operation result: 000003e8 + 00000123 = 000005Xb
# Error:       1000 +        292 =       1292, but calculator output is          X
# ADD operation result: 000003e8 + 00000124 = 000005Xc
# Error:       1000 +        293 =       1293, but calculator output is          X
# ADD operation result: 000003e8 + 00000125 = 000005Xd
# Error:       1000 +        294 =       1294, but calculator output is          X
# ADD operation result: 000003e8 + 00000126 = 000005Xe
# Error:       1000 +        295 =       1295, but calculator output is          X
# ADD operation result: 000003e8 + 00000127 = 000005Xf
# Error:       1000 +        296 =       1296, but calculator output is          X
# ADD operation result: 000003e8 + 00000128 = 000005X0
# Error:       1000 +        297 =       1297, but calculator output is          X
# ADD operation result: 000003e8 + 00000129 = 000005X1
# Error:       1000 +        298 =       1298, but calculator output is          X
# ADD operation result: 000003e8 + 0000012a = 000005X2
# Error:       1000 +        299 =       1299, but calculator output is          X
# ADD operation result: 000003e8 + 0000012b = 000005X3
# Error:       1000 +        300 =       1300, but calculator output is          X
# ADD operation result: 000003e8 + 0000012c = 000005X4
# Error:       1000 +        301 =       1301, but calculator output is          X
# ADD operation result: 000003e8 + 0000012d = 000005X5
# Error:       1000 +        302 =       1302, but calculator output is          X
# ADD operation result: 000003e8 + 0000012e = 000005X6
# Error:       1000 +        303 =       1303, but calculator output is          X
# ADD operation result: 000003e8 + 0000012f = 000005X7
# ADD operation result: 000003e8 + 00000130 = 00000518
# ADD operation result: 000003e8 + 00000131 = 00000519
# ADD operation result: 000003e8 + 00000132 = 0000051a
# ADD operation result: 000003e8 + 00000133 = 0000051b
# ADD operation result: 000003e8 + 00000134 = 0000051c
# ADD operation result: 000003e8 + 00000135 = 0000051d
# ADD operation result: 000003e8 + 00000136 = 0000051e
# ADD operation result: 000003e8 + 00000137 = 0000051f
# ADD operation result: 000003e8 + 00000138 = 00000520
# ADD operation result: 000003e8 + 00000139 = 00000521
# ADD operation result: 000003e8 + 0000013a = 00000522
# ADD operation result: 000003e8 + 0000013b = 00000523
# ADD operation result: 000003e8 + 0000013c = 00000524
# ADD operation result: 000003e8 + 0000013d = 00000525
# ADD operation result: 000003e8 + 0000013e = 00000526
# ADD operation result: 000003e8 + 0000013f = 00000527
# ADD operation result: 000003e8 + 00000140 = 00000528
# ADD operation result: 000003e8 + 00000141 = 00000529
# ADD operation result: 000003e8 + 00000142 = 0000052a
# ADD operation result: 000003e8 + 00000143 = 0000052b
# ADD operation result: 000003e8 + 00000144 = 0000052c
# ADD operation result: 000003e8 + 00000145 = 0000052d
# ADD operation result: 000003e8 + 00000146 = 0000052e
# ADD operation result: 000003e8 + 00000147 = 0000052f
# ADD operation result: 000003e8 + 00000148 = 00000530
# ADD operation result: 000003e8 + 00000149 = 00000531
# ADD operation result: 000003e8 + 0000014a = 00000532
# ADD operation result: 000003e8 + 0000014b = 00000533
# ADD operation result: 000003e8 + 0000014c = 00000534
# ADD operation result: 000003e8 + 0000014d = 00000535
# ADD operation result: 000003e8 + 0000014e = 00000536
# ADD operation result: 000003e8 + 0000014f = 00000537
# Error:       1000 +        336 =       1336, but calculator output is          X
# ADD operation result: 000003e8 + 00000150 = 000005X8
# Error:       1000 +        337 =       1337, but calculator output is          X
# ADD operation result: 000003e8 + 00000151 = 000005X9
# Error:       1000 +        338 =       1338, but calculator output is          X
# ADD operation result: 000003e8 + 00000152 = 000005Xa
# Error:       1000 +        339 =       1339, but calculator output is          X
# ADD operation result: 000003e8 + 00000153 = 000005Xb
# Error:       1000 +        340 =       1340, but calculator output is          X
# ADD operation result: 000003e8 + 00000154 = 000005Xc
# Error:       1000 +        341 =       1341, but calculator output is          X
# ADD operation result: 000003e8 + 00000155 = 000005Xd
# Error:       1000 +        342 =       1342, but calculator output is          X
# ADD operation result: 000003e8 + 00000156 = 000005Xe
# Error:       1000 +        343 =       1343, but calculator output is          X
# ADD operation result: 000003e8 + 00000157 = 000005Xf
# Error:       1000 +        344 =       1344, but calculator output is          X
# ADD operation result: 000003e8 + 00000158 = 000005X0
# Error:       1000 +        345 =       1345, but calculator output is          X
# ADD operation result: 000003e8 + 00000159 = 000005X1
# Error:       1000 +        346 =       1346, but calculator output is          X
# ADD operation result: 000003e8 + 0000015a = 000005X2
# Error:       1000 +        347 =       1347, but calculator output is          X
# ADD operation result: 000003e8 + 0000015b = 000005X3
# Error:       1000 +        348 =       1348, but calculator output is          X
# ADD operation result: 000003e8 + 0000015c = 000005X4
# Error:       1000 +        349 =       1349, but calculator output is          X
# ADD operation result: 000003e8 + 0000015d = 000005X5
# Error:       1000 +        350 =       1350, but calculator output is          X
# ADD operation result: 000003e8 + 0000015e = 000005X6
# Error:       1000 +        351 =       1351, but calculator output is          X
# ADD operation result: 000003e8 + 0000015f = 000005X7
# Error:       1000 +        352 =       1352, but calculator output is          X
# ADD operation result: 000003e8 + 00000160 = 000005X8
# Error:       1000 +        353 =       1353, but calculator output is          X
# ADD operation result: 000003e8 + 00000161 = 000005X9
# Error:       1000 +        354 =       1354, but calculator output is          X
# ADD operation result: 000003e8 + 00000162 = 000005Xa
# Error:       1000 +        355 =       1355, but calculator output is          X
# ADD operation result: 000003e8 + 00000163 = 000005Xb
# Error:       1000 +        356 =       1356, but calculator output is          X
# ADD operation result: 000003e8 + 00000164 = 000005Xc
# Error:       1000 +        357 =       1357, but calculator output is          X
# ADD operation result: 000003e8 + 00000165 = 000005Xd
# Error:       1000 +        358 =       1358, but calculator output is          X
# ADD operation result: 000003e8 + 00000166 = 000005Xe
# Error:       1000 +        359 =       1359, but calculator output is          X
# ADD operation result: 000003e8 + 00000167 = 000005Xf
# Error:       1000 +        360 =       1360, but calculator output is          X
# ADD operation result: 000003e8 + 00000168 = 000005X0
# Error:       1000 +        361 =       1361, but calculator output is          X
# ADD operation result: 000003e8 + 00000169 = 000005X1
# Error:       1000 +        362 =       1362, but calculator output is          X
# ADD operation result: 000003e8 + 0000016a = 000005X2
# Error:       1000 +        363 =       1363, but calculator output is          X
# ADD operation result: 000003e8 + 0000016b = 000005X3
# Error:       1000 +        364 =       1364, but calculator output is          X
# ADD operation result: 000003e8 + 0000016c = 000005X4
# Error:       1000 +        365 =       1365, but calculator output is          X
# ADD operation result: 000003e8 + 0000016d = 000005X5
# Error:       1000 +        366 =       1366, but calculator output is          X
# ADD operation result: 000003e8 + 0000016e = 000005X6
# Error:       1000 +        367 =       1367, but calculator output is          X
# ADD operation result: 000003e8 + 0000016f = 000005X7
# ADD operation result: 000003e8 + 00000170 = 00000558
# ADD operation result: 000003e8 + 00000171 = 00000559
# ADD operation result: 000003e8 + 00000172 = 0000055a
# ADD operation result: 000003e8 + 00000173 = 0000055b
# ADD operation result: 000003e8 + 00000174 = 0000055c
# ADD operation result: 000003e8 + 00000175 = 0000055d
# ADD operation result: 000003e8 + 00000176 = 0000055e
# ADD operation result: 000003e8 + 00000177 = 0000055f
# ADD operation result: 000003e8 + 00000178 = 00000560
# ADD operation result: 000003e8 + 00000179 = 00000561
# ADD operation result: 000003e8 + 0000017a = 00000562
# ADD operation result: 000003e8 + 0000017b = 00000563
# ADD operation result: 000003e8 + 0000017c = 00000564
# ADD operation result: 000003e8 + 0000017d = 00000565
# ADD operation result: 000003e8 + 0000017e = 00000566
# ADD operation result: 000003e8 + 0000017f = 00000567
# ADD operation result: 000003e8 + 00000180 = 00000568
# ADD operation result: 000003e8 + 00000181 = 00000569
# ADD operation result: 000003e8 + 00000182 = 0000056a
# ADD operation result: 000003e8 + 00000183 = 0000056b
# ADD operation result: 000003e8 + 00000184 = 0000056c
# ADD operation result: 000003e8 + 00000185 = 0000056d
# ADD operation result: 000003e8 + 00000186 = 0000056e
# ADD operation result: 000003e8 + 00000187 = 0000056f
# ADD operation result: 000003e8 + 00000188 = 00000570
# ADD operation result: 000003e8 + 00000189 = 00000571
# ADD operation result: 000003e8 + 0000018a = 00000572
# ADD operation result: 000003e8 + 0000018b = 00000573
# ADD operation result: 000003e8 + 0000018c = 00000574
# ADD operation result: 000003e8 + 0000018d = 00000575
# ADD operation result: 000003e8 + 0000018e = 00000576
# ADD operation result: 000003e8 + 0000018f = 00000577
# Error:       1000 +        400 =       1400, but calculator output is          X
# ADD operation result: 000003e8 + 00000190 = 000005X8
# Error:       1000 +        401 =       1401, but calculator output is          X
# ADD operation result: 000003e8 + 00000191 = 000005X9
# Error:       1000 +        402 =       1402, but calculator output is          X
# ADD operation result: 000003e8 + 00000192 = 000005Xa
# Error:       1000 +        403 =       1403, but calculator output is          X
# ADD operation result: 000003e8 + 00000193 = 000005Xb
# Error:       1000 +        404 =       1404, but calculator output is          X
# ADD operation result: 000003e8 + 00000194 = 000005Xc
# Error:       1000 +        405 =       1405, but calculator output is          X
# ADD operation result: 000003e8 + 00000195 = 000005Xd
# Error:       1000 +        406 =       1406, but calculator output is          X
# ADD operation result: 000003e8 + 00000196 = 000005Xe
# Error:       1000 +        407 =       1407, but calculator output is          X
# ADD operation result: 000003e8 + 00000197 = 000005Xf
# Error:       1000 +        408 =       1408, but calculator output is          X
# ADD operation result: 000003e8 + 00000198 = 000005X0
# Error:       1000 +        409 =       1409, but calculator output is          X
# ADD operation result: 000003e8 + 00000199 = 000005X1
# Error:       1000 +        410 =       1410, but calculator output is          X
# ADD operation result: 000003e8 + 0000019a = 000005X2
# Error:       1000 +        411 =       1411, but calculator output is          X
# ADD operation result: 000003e8 + 0000019b = 000005X3
# Error:       1000 +        412 =       1412, but calculator output is          X
# ADD operation result: 000003e8 + 0000019c = 000005X4
# Error:       1000 +        413 =       1413, but calculator output is          X
# ADD operation result: 000003e8 + 0000019d = 000005X5
# Error:       1000 +        414 =       1414, but calculator output is          X
# ADD operation result: 000003e8 + 0000019e = 000005X6
# Error:       1000 +        415 =       1415, but calculator output is          X
# ADD operation result: 000003e8 + 0000019f = 000005X7
# Error:       1000 +        416 =       1416, but calculator output is          X
# ADD operation result: 000003e8 + 000001a0 = 000005X8
# Error:       1000 +        417 =       1417, but calculator output is          X
# ADD operation result: 000003e8 + 000001a1 = 000005X9
# Error:       1000 +        418 =       1418, but calculator output is          X
# ADD operation result: 000003e8 + 000001a2 = 000005Xa
# Error:       1000 +        419 =       1419, but calculator output is          X
# ADD operation result: 000003e8 + 000001a3 = 000005Xb
# Error:       1000 +        420 =       1420, but calculator output is          X
# ADD operation result: 000003e8 + 000001a4 = 000005Xc
# Error:       1000 +        421 =       1421, but calculator output is          X
# ADD operation result: 000003e8 + 000001a5 = 000005Xd
# Error:       1000 +        422 =       1422, but calculator output is          X
# ADD operation result: 000003e8 + 000001a6 = 000005Xe
# Error:       1000 +        423 =       1423, but calculator output is          X
# ADD operation result: 000003e8 + 000001a7 = 000005Xf
# Error:       1000 +        424 =       1424, but calculator output is          X
# ADD operation result: 000003e8 + 000001a8 = 000005X0
# Error:       1000 +        425 =       1425, but calculator output is          X
# ADD operation result: 000003e8 + 000001a9 = 000005X1
# Error:       1000 +        426 =       1426, but calculator output is          X
# ADD operation result: 000003e8 + 000001aa = 000005X2
# Error:       1000 +        427 =       1427, but calculator output is          X
# ADD operation result: 000003e8 + 000001ab = 000005X3
# Error:       1000 +        428 =       1428, but calculator output is          X
# ADD operation result: 000003e8 + 000001ac = 000005X4
# Error:       1000 +        429 =       1429, but calculator output is          X
# ADD operation result: 000003e8 + 000001ad = 000005X5
# Error:       1000 +        430 =       1430, but calculator output is          X
# ADD operation result: 000003e8 + 000001ae = 000005X6
# Error:       1000 +        431 =       1431, but calculator output is          X
# ADD operation result: 000003e8 + 000001af = 000005X7
# ADD operation result: 000003e8 + 000001b0 = 00000598
# ADD operation result: 000003e8 + 000001b1 = 00000599
# ADD operation result: 000003e8 + 000001b2 = 0000059a
# ADD operation result: 000003e8 + 000001b3 = 0000059b
# ADD operation result: 000003e8 + 000001b4 = 0000059c
# ADD operation result: 000003e8 + 000001b5 = 0000059d
# ADD operation result: 000003e8 + 000001b6 = 0000059e
# ADD operation result: 000003e8 + 000001b7 = 0000059f
# ADD operation result: 000003e8 + 000001b8 = 000005a0
# ADD operation result: 000003e8 + 000001b9 = 000005a1
# ADD operation result: 000003e8 + 000001ba = 000005a2
# ADD operation result: 000003e8 + 000001bb = 000005a3
# ADD operation result: 000003e8 + 000001bc = 000005a4
# ADD operation result: 000003e8 + 000001bd = 000005a5
# ADD operation result: 000003e8 + 000001be = 000005a6
# ADD operation result: 000003e8 + 000001bf = 000005a7
# ADD operation result: 000003e8 + 000001c0 = 000005a8
# ADD operation result: 000003e8 + 000001c1 = 000005a9
# ADD operation result: 000003e8 + 000001c2 = 000005aa
# ADD operation result: 000003e8 + 000001c3 = 000005ab
# ADD operation result: 000003e8 + 000001c4 = 000005ac
# ADD operation result: 000003e8 + 000001c5 = 000005ad
# ADD operation result: 000003e8 + 000001c6 = 000005ae
# ADD operation result: 000003e8 + 000001c7 = 000005af
# ADD operation result: 000003e8 + 000001c8 = 000005b0
# ADD operation result: 000003e8 + 000001c9 = 000005b1
# ADD operation result: 000003e8 + 000001ca = 000005b2
# ADD operation result: 000003e8 + 000001cb = 000005b3
# ADD operation result: 000003e8 + 000001cc = 000005b4
# ADD operation result: 000003e8 + 000001cd = 000005b5
# ADD operation result: 000003e8 + 000001ce = 000005b6
# ADD operation result: 000003e8 + 000001cf = 000005b7
# Error:       1000 +        464 =       1464, but calculator output is          X
# ADD operation result: 000003e8 + 000001d0 = 000005X8
# Error:       1000 +        465 =       1465, but calculator output is          X
# ADD operation result: 000003e8 + 000001d1 = 000005X9
# Error:       1000 +        466 =       1466, but calculator output is          X
# ADD operation result: 000003e8 + 000001d2 = 000005Xa
# Error:       1000 +        467 =       1467, but calculator output is          X
# ADD operation result: 000003e8 + 000001d3 = 000005Xb
# Error:       1000 +        468 =       1468, but calculator output is          X
# ADD operation result: 000003e8 + 000001d4 = 000005Xc
# Error:       1000 +        469 =       1469, but calculator output is          X
# ADD operation result: 000003e8 + 000001d5 = 000005Xd
# Error:       1000 +        470 =       1470, but calculator output is          X
# ADD operation result: 000003e8 + 000001d6 = 000005Xe
# Error:       1000 +        471 =       1471, but calculator output is          X
# ADD operation result: 000003e8 + 000001d7 = 000005Xf
# Error:       1000 +        472 =       1472, but calculator output is          X
# ADD operation result: 000003e8 + 000001d8 = 000005X0
# Error:       1000 +        473 =       1473, but calculator output is          X
# ADD operation result: 000003e8 + 000001d9 = 000005X1
# Error:       1000 +        474 =       1474, but calculator output is          X
# ADD operation result: 000003e8 + 000001da = 000005X2
# Error:       1000 +        475 =       1475, but calculator output is          X
# ADD operation result: 000003e8 + 000001db = 000005X3
# Error:       1000 +        476 =       1476, but calculator output is          X
# ADD operation result: 000003e8 + 000001dc = 000005X4
# Error:       1000 +        477 =       1477, but calculator output is          X
# ADD operation result: 000003e8 + 000001dd = 000005X5
# Error:       1000 +        478 =       1478, but calculator output is          X
# ADD operation result: 000003e8 + 000001de = 000005X6
# Error:       1000 +        479 =       1479, but calculator output is          X
# ADD operation result: 000003e8 + 000001df = 000005X7
# Error:       1000 +        480 =       1480, but calculator output is          X
# ADD operation result: 000003e8 + 000001e0 = 000005X8
# Error:       1000 +        481 =       1481, but calculator output is          X
# ADD operation result: 000003e8 + 000001e1 = 000005X9
# Error:       1000 +        482 =       1482, but calculator output is          X
# ADD operation result: 000003e8 + 000001e2 = 000005Xa
# Error:       1000 +        483 =       1483, but calculator output is          X
# ADD operation result: 000003e8 + 000001e3 = 000005Xb
# Error:       1000 +        484 =       1484, but calculator output is          X
# ADD operation result: 000003e8 + 000001e4 = 000005Xc
# Error:       1000 +        485 =       1485, but calculator output is          X
# ADD operation result: 000003e8 + 000001e5 = 000005Xd
# Error:       1000 +        486 =       1486, but calculator output is          X
# ADD operation result: 000003e8 + 000001e6 = 000005Xe
# Error:       1000 +        487 =       1487, but calculator output is          X
# ADD operation result: 000003e8 + 000001e7 = 000005Xf
# Error:       1000 +        488 =       1488, but calculator output is          X
# ADD operation result: 000003e8 + 000001e8 = 000005X0
# Error:       1000 +        489 =       1489, but calculator output is          X
# ADD operation result: 000003e8 + 000001e9 = 000005X1
# Error:       1000 +        490 =       1490, but calculator output is          X
# ADD operation result: 000003e8 + 000001ea = 000005X2
# Error:       1000 +        491 =       1491, but calculator output is          X
# ADD operation result: 000003e8 + 000001eb = 000005X3
# Error:       1000 +        492 =       1492, but calculator output is          X
# ADD operation result: 000003e8 + 000001ec = 000005X4
# Error:       1000 +        493 =       1493, but calculator output is          X
# ADD operation result: 000003e8 + 000001ed = 000005X5
# Error:       1000 +        494 =       1494, but calculator output is          X
# ADD operation result: 000003e8 + 000001ee = 000005X6
# Error:       1000 +        495 =       1495, but calculator output is          X
# ADD operation result: 000003e8 + 000001ef = 000005X7
# ADD operation result: 000003e8 + 000001f0 = 000005d8
# ADD operation result: 000003e8 + 000001f1 = 000005d9
# ADD operation result: 000003e8 + 000001f2 = 000005da
# ADD operation result: 000003e8 + 000001f3 = 000005db
# ADD operation result: 000003e8 + 000001f4 = 000005dc
# ADD operation result: 000003e8 + 000001f5 = 000005dd
# ADD operation result: 000003e8 + 000001f6 = 000005de
# ADD operation result: 000003e8 + 000001f7 = 000005df
# ADD operation result: 000003e8 + 000001f8 = 000005e0
# ADD operation result: 000003e8 + 000001f9 = 000005e1
# ADD operation result: 000003e8 + 000001fa = 000005e2
# ADD operation result: 000003e8 + 000001fb = 000005e3
# ADD operation result: 000003e8 + 000001fc = 000005e4
# ADD operation result: 000003e8 + 000001fd = 000005e5
# ADD operation result: 000003e8 + 000001fe = 000005e6
# ADD operation result: 000003e8 + 000001ff = 000005e7
# ADD operation result: 000003e8 + 00000200 = 000005e8
# ADD operation result: 000003e8 + 00000201 = 000005e9
# ADD operation result: 000003e8 + 00000202 = 000005ea
# ADD operation result: 000003e8 + 00000203 = 000005eb
# ADD operation result: 000003e8 + 00000204 = 000005ec
# ADD operation result: 000003e8 + 00000205 = 000005ed
# ADD operation result: 000003e8 + 00000206 = 000005ee
# ADD operation result: 000003e8 + 00000207 = 000005ef
# ADD operation result: 000003e8 + 00000208 = 000005f0
# ADD operation result: 000003e8 + 00000209 = 000005f1
# ADD operation result: 000003e8 + 0000020a = 000005f2
# ADD operation result: 000003e8 + 0000020b = 000005f3
# ADD operation result: 000003e8 + 0000020c = 000005f4
# ADD operation result: 000003e8 + 0000020d = 000005f5
# ADD operation result: 000003e8 + 0000020e = 000005f6
# ADD operation result: 000003e8 + 0000020f = 000005f7
# Error:       1000 +        528 =       1528, but calculator output is          X
# ADD operation result: 000003e8 + 00000210 = 000005X8
# Error:       1000 +        529 =       1529, but calculator output is          X
# ADD operation result: 000003e8 + 00000211 = 000005X9
# Error:       1000 +        530 =       1530, but calculator output is          X
# ADD operation result: 000003e8 + 00000212 = 000005Xa
# Error:       1000 +        531 =       1531, but calculator output is          X
# ADD operation result: 000003e8 + 00000213 = 000005Xb
# Error:       1000 +        532 =       1532, but calculator output is          X
# ADD operation result: 000003e8 + 00000214 = 000005Xc
# Error:       1000 +        533 =       1533, but calculator output is          X
# ADD operation result: 000003e8 + 00000215 = 000005Xd
# Error:       1000 +        534 =       1534, but calculator output is          X
# ADD operation result: 000003e8 + 00000216 = 000005Xe
# Error:       1000 +        535 =       1535, but calculator output is          X
# ADD operation result: 000003e8 + 00000217 = 000005Xf
# Error:       1000 +        536 =       1536, but calculator output is          X
# ADD operation result: 000003e8 + 00000218 = 00000XX0
# Error:       1000 +        537 =       1537, but calculator output is          X
# ADD operation result: 000003e8 + 00000219 = 00000XX1
# Error:       1000 +        538 =       1538, but calculator output is          X
# ADD operation result: 000003e8 + 0000021a = 00000XX2
# Error:       1000 +        539 =       1539, but calculator output is          X
# ADD operation result: 000003e8 + 0000021b = 00000XX3
# Error:       1000 +        540 =       1540, but calculator output is          X
# ADD operation result: 000003e8 + 0000021c = 00000XX4
# Error:       1000 +        541 =       1541, but calculator output is          X
# ADD operation result: 000003e8 + 0000021d = 00000XX5
# Error:       1000 +        542 =       1542, but calculator output is          X
# ADD operation result: 000003e8 + 0000021e = 00000XX6
# Error:       1000 +        543 =       1543, but calculator output is          X
# ADD operation result: 000003e8 + 0000021f = 00000XX7
# Error:       1000 +        544 =       1544, but calculator output is          X
# ADD operation result: 000003e8 + 00000220 = 000006X8
# Error:       1000 +        545 =       1545, but calculator output is          X
# ADD operation result: 000003e8 + 00000221 = 000006X9
# Error:       1000 +        546 =       1546, but calculator output is          X
# ADD operation result: 000003e8 + 00000222 = 000006Xa
# Error:       1000 +        547 =       1547, but calculator output is          X
# ADD operation result: 000003e8 + 00000223 = 000006Xb
# Error:       1000 +        548 =       1548, but calculator output is          X
# ADD operation result: 000003e8 + 00000224 = 000006Xc
# Error:       1000 +        549 =       1549, but calculator output is          X
# ADD operation result: 000003e8 + 00000225 = 000006Xd
# Error:       1000 +        550 =       1550, but calculator output is          X
# ADD operation result: 000003e8 + 00000226 = 000006Xe
# Error:       1000 +        551 =       1551, but calculator output is          X
# ADD operation result: 000003e8 + 00000227 = 000006Xf
# Error:       1000 +        552 =       1552, but calculator output is          X
# ADD operation result: 000003e8 + 00000228 = 000006X0
# Error:       1000 +        553 =       1553, but calculator output is          X
# ADD operation result: 000003e8 + 00000229 = 000006X1
# Error:       1000 +        554 =       1554, but calculator output is          X
# ADD operation result: 000003e8 + 0000022a = 000006X2
# Error:       1000 +        555 =       1555, but calculator output is          X
# ADD operation result: 000003e8 + 0000022b = 000006X3
# Error:       1000 +        556 =       1556, but calculator output is          X
# ADD operation result: 000003e8 + 0000022c = 000006X4
# Error:       1000 +        557 =       1557, but calculator output is          X
# ADD operation result: 000003e8 + 0000022d = 000006X5
# Error:       1000 +        558 =       1558, but calculator output is          X
# ADD operation result: 000003e8 + 0000022e = 000006X6
# Error:       1000 +        559 =       1559, but calculator output is          X
# ADD operation result: 000003e8 + 0000022f = 000006X7
# ADD operation result: 000003e8 + 00000230 = 00000618
# ADD operation result: 000003e8 + 00000231 = 00000619
# ADD operation result: 000003e8 + 00000232 = 0000061a
# ADD operation result: 000003e8 + 00000233 = 0000061b
# ADD operation result: 000003e8 + 00000234 = 0000061c
# ADD operation result: 000003e8 + 00000235 = 0000061d
# ADD operation result: 000003e8 + 00000236 = 0000061e
# ADD operation result: 000003e8 + 00000237 = 0000061f
# ADD operation result: 000003e8 + 00000238 = 00000620
# ADD operation result: 000003e8 + 00000239 = 00000621
# ADD operation result: 000003e8 + 0000023a = 00000622
# ADD operation result: 000003e8 + 0000023b = 00000623
# ADD operation result: 000003e8 + 0000023c = 00000624
# ADD operation result: 000003e8 + 0000023d = 00000625
# ADD operation result: 000003e8 + 0000023e = 00000626
# ADD operation result: 000003e8 + 0000023f = 00000627
# ADD operation result: 000003e8 + 00000240 = 00000628
# ADD operation result: 000003e8 + 00000241 = 00000629
# ADD operation result: 000003e8 + 00000242 = 0000062a
# ADD operation result: 000003e8 + 00000243 = 0000062b
# ADD operation result: 000003e8 + 00000244 = 0000062c
# ADD operation result: 000003e8 + 00000245 = 0000062d
# ADD operation result: 000003e8 + 00000246 = 0000062e
# ADD operation result: 000003e8 + 00000247 = 0000062f
# ADD operation result: 000003e8 + 00000248 = 00000630
# ADD operation result: 000003e8 + 00000249 = 00000631
# ADD operation result: 000003e8 + 0000024a = 00000632
# ADD operation result: 000003e8 + 0000024b = 00000633
# ADD operation result: 000003e8 + 0000024c = 00000634
# ADD operation result: 000003e8 + 0000024d = 00000635
# ADD operation result: 000003e8 + 0000024e = 00000636
# ADD operation result: 000003e8 + 0000024f = 00000637
# Error:       1000 +        592 =       1592, but calculator output is          X
# ADD operation result: 000003e8 + 00000250 = 000006X8
# Error:       1000 +        593 =       1593, but calculator output is          X
# ADD operation result: 000003e8 + 00000251 = 000006X9
# Error:       1000 +        594 =       1594, but calculator output is          X
# ADD operation result: 000003e8 + 00000252 = 000006Xa
# Error:       1000 +        595 =       1595, but calculator output is          X
# ADD operation result: 000003e8 + 00000253 = 000006Xb
# Error:       1000 +        596 =       1596, but calculator output is          X
# ADD operation result: 000003e8 + 00000254 = 000006Xc
# Error:       1000 +        597 =       1597, but calculator output is          X
# ADD operation result: 000003e8 + 00000255 = 000006Xd
# Error:       1000 +        598 =       1598, but calculator output is          X
# ADD operation result: 000003e8 + 00000256 = 000006Xe
# Error:       1000 +        599 =       1599, but calculator output is          X
# ADD operation result: 000003e8 + 00000257 = 000006Xf
# Error:       1000 +        600 =       1600, but calculator output is          X
# ADD operation result: 000003e8 + 00000258 = 000006X0
# Error:       1000 +        601 =       1601, but calculator output is          X
# ADD operation result: 000003e8 + 00000259 = 000006X1
# Error:       1000 +        602 =       1602, but calculator output is          X
# ADD operation result: 000003e8 + 0000025a = 000006X2
# Error:       1000 +        603 =       1603, but calculator output is          X
# ADD operation result: 000003e8 + 0000025b = 000006X3
# Error:       1000 +        604 =       1604, but calculator output is          X
# ADD operation result: 000003e8 + 0000025c = 000006X4
# Error:       1000 +        605 =       1605, but calculator output is          X
# ADD operation result: 000003e8 + 0000025d = 000006X5
# Error:       1000 +        606 =       1606, but calculator output is          X
# ADD operation result: 000003e8 + 0000025e = 000006X6
# Error:       1000 +        607 =       1607, but calculator output is          X
# ADD operation result: 000003e8 + 0000025f = 000006X7
# Error:       1000 +        608 =       1608, but calculator output is          X
# ADD operation result: 000003e8 + 00000260 = 000006X8
# Error:       1000 +        609 =       1609, but calculator output is          X
# ADD operation result: 000003e8 + 00000261 = 000006X9
# Error:       1000 +        610 =       1610, but calculator output is          X
# ADD operation result: 000003e8 + 00000262 = 000006Xa
# Error:       1000 +        611 =       1611, but calculator output is          X
# ADD operation result: 000003e8 + 00000263 = 000006Xb
# Error:       1000 +        612 =       1612, but calculator output is          X
# ADD operation result: 000003e8 + 00000264 = 000006Xc
# Error:       1000 +        613 =       1613, but calculator output is          X
# ADD operation result: 000003e8 + 00000265 = 000006Xd
# Error:       1000 +        614 =       1614, but calculator output is          X
# ADD operation result: 000003e8 + 00000266 = 000006Xe
# Error:       1000 +        615 =       1615, but calculator output is          X
# ADD operation result: 000003e8 + 00000267 = 000006Xf
# Error:       1000 +        616 =       1616, but calculator output is          X
# ADD operation result: 000003e8 + 00000268 = 000006X0
# Error:       1000 +        617 =       1617, but calculator output is          X
# ADD operation result: 000003e8 + 00000269 = 000006X1
# Error:       1000 +        618 =       1618, but calculator output is          X
# ADD operation result: 000003e8 + 0000026a = 000006X2
# Error:       1000 +        619 =       1619, but calculator output is          X
# ADD operation result: 000003e8 + 0000026b = 000006X3
# Error:       1000 +        620 =       1620, but calculator output is          X
# ADD operation result: 000003e8 + 0000026c = 000006X4
# Error:       1000 +        621 =       1621, but calculator output is          X
# ADD operation result: 000003e8 + 0000026d = 000006X5
# Error:       1000 +        622 =       1622, but calculator output is          X
# ADD operation result: 000003e8 + 0000026e = 000006X6
# Error:       1000 +        623 =       1623, but calculator output is          X
# ADD operation result: 000003e8 + 0000026f = 000006X7
# ADD operation result: 000003e8 + 00000270 = 00000658
# ADD operation result: 000003e8 + 00000271 = 00000659
# ADD operation result: 000003e8 + 00000272 = 0000065a
# ADD operation result: 000003e8 + 00000273 = 0000065b
# ADD operation result: 000003e8 + 00000274 = 0000065c
# ADD operation result: 000003e8 + 00000275 = 0000065d
# ADD operation result: 000003e8 + 00000276 = 0000065e
# ADD operation result: 000003e8 + 00000277 = 0000065f
# ADD operation result: 000003e8 + 00000278 = 00000660
# ADD operation result: 000003e8 + 00000279 = 00000661
# ADD operation result: 000003e8 + 0000027a = 00000662
# ADD operation result: 000003e8 + 0000027b = 00000663
# ADD operation result: 000003e8 + 0000027c = 00000664
# ADD operation result: 000003e8 + 0000027d = 00000665
# ADD operation result: 000003e8 + 0000027e = 00000666
# ADD operation result: 000003e8 + 0000027f = 00000667
# ADD operation result: 000003e8 + 00000280 = 00000668
# ADD operation result: 000003e8 + 00000281 = 00000669
# ADD operation result: 000003e8 + 00000282 = 0000066a
# ADD operation result: 000003e8 + 00000283 = 0000066b
# ADD operation result: 000003e8 + 00000284 = 0000066c
# ADD operation result: 000003e8 + 00000285 = 0000066d
# ADD operation result: 000003e8 + 00000286 = 0000066e
# ADD operation result: 000003e8 + 00000287 = 0000066f
# ADD operation result: 000003e8 + 00000288 = 00000670
# ADD operation result: 000003e8 + 00000289 = 00000671
# ADD operation result: 000003e8 + 0000028a = 00000672
# ADD operation result: 000003e8 + 0000028b = 00000673
# ADD operation result: 000003e8 + 0000028c = 00000674
# ADD operation result: 000003e8 + 0000028d = 00000675
# ADD operation result: 000003e8 + 0000028e = 00000676
# ADD operation result: 000003e8 + 0000028f = 00000677
# Error:       1000 +        656 =       1656, but calculator output is          X
# ADD operation result: 000003e8 + 00000290 = 000006X8
# Error:       1000 +        657 =       1657, but calculator output is          X
# ADD operation result: 000003e8 + 00000291 = 000006X9
# Error:       1000 +        658 =       1658, but calculator output is          X
# ADD operation result: 000003e8 + 00000292 = 000006Xa
# Error:       1000 +        659 =       1659, but calculator output is          X
# ADD operation result: 000003e8 + 00000293 = 000006Xb
# Error:       1000 +        660 =       1660, but calculator output is          X
# ADD operation result: 000003e8 + 00000294 = 000006Xc
# Error:       1000 +        661 =       1661, but calculator output is          X
# ADD operation result: 000003e8 + 00000295 = 000006Xd
# Error:       1000 +        662 =       1662, but calculator output is          X
# ADD operation result: 000003e8 + 00000296 = 000006Xe
# Error:       1000 +        663 =       1663, but calculator output is          X
# ADD operation result: 000003e8 + 00000297 = 000006Xf
# Error:       1000 +        664 =       1664, but calculator output is          X
# ADD operation result: 000003e8 + 00000298 = 000006X0
# Error:       1000 +        665 =       1665, but calculator output is          X
# ADD operation result: 000003e8 + 00000299 = 000006X1
# Error:       1000 +        666 =       1666, but calculator output is          X
# ADD operation result: 000003e8 + 0000029a = 000006X2
# Error:       1000 +        667 =       1667, but calculator output is          X
# ADD operation result: 000003e8 + 0000029b = 000006X3
# Error:       1000 +        668 =       1668, but calculator output is          X
# ADD operation result: 000003e8 + 0000029c = 000006X4
# Error:       1000 +        669 =       1669, but calculator output is          X
# ADD operation result: 000003e8 + 0000029d = 000006X5
# Error:       1000 +        670 =       1670, but calculator output is          X
# ADD operation result: 000003e8 + 0000029e = 000006X6
# Error:       1000 +        671 =       1671, but calculator output is          X
# ADD operation result: 000003e8 + 0000029f = 000006X7
# Error:       1000 +        672 =       1672, but calculator output is          X
# ADD operation result: 000003e8 + 000002a0 = 000006X8
# Error:       1000 +        673 =       1673, but calculator output is          X
# ADD operation result: 000003e8 + 000002a1 = 000006X9
# Error:       1000 +        674 =       1674, but calculator output is          X
# ADD operation result: 000003e8 + 000002a2 = 000006Xa
# Error:       1000 +        675 =       1675, but calculator output is          X
# ADD operation result: 000003e8 + 000002a3 = 000006Xb
# Error:       1000 +        676 =       1676, but calculator output is          X
# ADD operation result: 000003e8 + 000002a4 = 000006Xc
# Error:       1000 +        677 =       1677, but calculator output is          X
# ADD operation result: 000003e8 + 000002a5 = 000006Xd
# Error:       1000 +        678 =       1678, but calculator output is          X
# ADD operation result: 000003e8 + 000002a6 = 000006Xe
# Error:       1000 +        679 =       1679, but calculator output is          X
# ADD operation result: 000003e8 + 000002a7 = 000006Xf
# Error:       1000 +        680 =       1680, but calculator output is          X
# ADD operation result: 000003e8 + 000002a8 = 000006X0
# Error:       1000 +        681 =       1681, but calculator output is          X
# ADD operation result: 000003e8 + 000002a9 = 000006X1
# Error:       1000 +        682 =       1682, but calculator output is          X
# ADD operation result: 000003e8 + 000002aa = 000006X2
# Error:       1000 +        683 =       1683, but calculator output is          X
# ADD operation result: 000003e8 + 000002ab = 000006X3
# Error:       1000 +        684 =       1684, but calculator output is          X
# ADD operation result: 000003e8 + 000002ac = 000006X4
# Error:       1000 +        685 =       1685, but calculator output is          X
# ADD operation result: 000003e8 + 000002ad = 000006X5
# Error:       1000 +        686 =       1686, but calculator output is          X
# ADD operation result: 000003e8 + 000002ae = 000006X6
# Error:       1000 +        687 =       1687, but calculator output is          X
# ADD operation result: 000003e8 + 000002af = 000006X7
# ADD operation result: 000003e8 + 000002b0 = 00000698
# ADD operation result: 000003e8 + 000002b1 = 00000699
# ADD operation result: 000003e8 + 000002b2 = 0000069a
# ADD operation result: 000003e8 + 000002b3 = 0000069b
# ADD operation result: 000003e8 + 000002b4 = 0000069c
# ADD operation result: 000003e8 + 000002b5 = 0000069d
# ADD operation result: 000003e8 + 000002b6 = 0000069e
# ADD operation result: 000003e8 + 000002b7 = 0000069f
# ADD operation result: 000003e8 + 000002b8 = 000006a0
# ADD operation result: 000003e8 + 000002b9 = 000006a1
# ADD operation result: 000003e8 + 000002ba = 000006a2
# ADD operation result: 000003e8 + 000002bb = 000006a3
# ADD operation result: 000003e8 + 000002bc = 000006a4
# ADD operation result: 000003e8 + 000002bd = 000006a5
# ADD operation result: 000003e8 + 000002be = 000006a6
# ADD operation result: 000003e8 + 000002bf = 000006a7
# ADD operation result: 000003e8 + 000002c0 = 000006a8
# ADD operation result: 000003e8 + 000002c1 = 000006a9
# ADD operation result: 000003e8 + 000002c2 = 000006aa
# ADD operation result: 000003e8 + 000002c3 = 000006ab
# ADD operation result: 000003e8 + 000002c4 = 000006ac
# ADD operation result: 000003e8 + 000002c5 = 000006ad
# ADD operation result: 000003e8 + 000002c6 = 000006ae
# ADD operation result: 000003e8 + 000002c7 = 000006af
# ADD operation result: 000003e8 + 000002c8 = 000006b0
# ADD operation result: 000003e8 + 000002c9 = 000006b1
# ADD operation result: 000003e8 + 000002ca = 000006b2
# ADD operation result: 000003e8 + 000002cb = 000006b3
# ADD operation result: 000003e8 + 000002cc = 000006b4
# ADD operation result: 000003e8 + 000002cd = 000006b5
# ADD operation result: 000003e8 + 000002ce = 000006b6
# ADD operation result: 000003e8 + 000002cf = 000006b7
# Error:       1000 +        720 =       1720, but calculator output is          X
# ADD operation result: 000003e8 + 000002d0 = 000006X8
# Error:       1000 +        721 =       1721, but calculator output is          X
# ADD operation result: 000003e8 + 000002d1 = 000006X9
# Error:       1000 +        722 =       1722, but calculator output is          X
# ADD operation result: 000003e8 + 000002d2 = 000006Xa
# Error:       1000 +        723 =       1723, but calculator output is          X
# ADD operation result: 000003e8 + 000002d3 = 000006Xb
# Error:       1000 +        724 =       1724, but calculator output is          X
# ADD operation result: 000003e8 + 000002d4 = 000006Xc
# Error:       1000 +        725 =       1725, but calculator output is          X
# ADD operation result: 000003e8 + 000002d5 = 000006Xd
# Error:       1000 +        726 =       1726, but calculator output is          X
# ADD operation result: 000003e8 + 000002d6 = 000006Xe
# Error:       1000 +        727 =       1727, but calculator output is          X
# ADD operation result: 000003e8 + 000002d7 = 000006Xf
# Error:       1000 +        728 =       1728, but calculator output is          X
# ADD operation result: 000003e8 + 000002d8 = 000006X0
# Error:       1000 +        729 =       1729, but calculator output is          X
# ADD operation result: 000003e8 + 000002d9 = 000006X1
# Error:       1000 +        730 =       1730, but calculator output is          X
# ADD operation result: 000003e8 + 000002da = 000006X2
# Error:       1000 +        731 =       1731, but calculator output is          X
# ADD operation result: 000003e8 + 000002db = 000006X3
# Error:       1000 +        732 =       1732, but calculator output is          X
# ADD operation result: 000003e8 + 000002dc = 000006X4
# Error:       1000 +        733 =       1733, but calculator output is          X
# ADD operation result: 000003e8 + 000002dd = 000006X5
# Error:       1000 +        734 =       1734, but calculator output is          X
# ADD operation result: 000003e8 + 000002de = 000006X6
# Error:       1000 +        735 =       1735, but calculator output is          X
# ADD operation result: 000003e8 + 000002df = 000006X7
# Error:       1000 +        736 =       1736, but calculator output is          X
# ADD operation result: 000003e8 + 000002e0 = 000006X8
# Error:       1000 +        737 =       1737, but calculator output is          X
# ADD operation result: 000003e8 + 000002e1 = 000006X9
# Error:       1000 +        738 =       1738, but calculator output is          X
# ADD operation result: 000003e8 + 000002e2 = 000006Xa
# Error:       1000 +        739 =       1739, but calculator output is          X
# ADD operation result: 000003e8 + 000002e3 = 000006Xb
# Error:       1000 +        740 =       1740, but calculator output is          X
# ADD operation result: 000003e8 + 000002e4 = 000006Xc
# Error:       1000 +        741 =       1741, but calculator output is          X
# ADD operation result: 000003e8 + 000002e5 = 000006Xd
# Error:       1000 +        742 =       1742, but calculator output is          X
# ADD operation result: 000003e8 + 000002e6 = 000006Xe
# Error:       1000 +        743 =       1743, but calculator output is          X
# ADD operation result: 000003e8 + 000002e7 = 000006Xf
# Error:       1000 +        744 =       1744, but calculator output is          X
# ADD operation result: 000003e8 + 000002e8 = 000006X0
# Error:       1000 +        745 =       1745, but calculator output is          X
# ADD operation result: 000003e8 + 000002e9 = 000006X1
# Error:       1000 +        746 =       1746, but calculator output is          X
# ADD operation result: 000003e8 + 000002ea = 000006X2
# Error:       1000 +        747 =       1747, but calculator output is          X
# ADD operation result: 000003e8 + 000002eb = 000006X3
# Error:       1000 +        748 =       1748, but calculator output is          X
# ADD operation result: 000003e8 + 000002ec = 000006X4
# Error:       1000 +        749 =       1749, but calculator output is          X
# ADD operation result: 000003e8 + 000002ed = 000006X5
# Error:       1000 +        750 =       1750, but calculator output is          X
# ADD operation result: 000003e8 + 000002ee = 000006X6
# Error:       1000 +        751 =       1751, but calculator output is          X
# ADD operation result: 000003e8 + 000002ef = 000006X7
# ADD operation result: 000003e8 + 000002f0 = 000006d8
# ADD operation result: 000003e8 + 000002f1 = 000006d9
# ADD operation result: 000003e8 + 000002f2 = 000006da
# ADD operation result: 000003e8 + 000002f3 = 000006db
# ADD operation result: 000003e8 + 000002f4 = 000006dc
# ADD operation result: 000003e8 + 000002f5 = 000006dd
# ADD operation result: 000003e8 + 000002f6 = 000006de
# ADD operation result: 000003e8 + 000002f7 = 000006df
# ADD operation result: 000003e8 + 000002f8 = 000006e0
# ADD operation result: 000003e8 + 000002f9 = 000006e1
# ADD operation result: 000003e8 + 000002fa = 000006e2
# ADD operation result: 000003e8 + 000002fb = 000006e3
# ADD operation result: 000003e8 + 000002fc = 000006e4
# ADD operation result: 000003e8 + 000002fd = 000006e5
# ADD operation result: 000003e8 + 000002fe = 000006e6
# ADD operation result: 000003e8 + 000002ff = 000006e7
# ADD operation result: 000003e8 + 00000300 = 000006e8
# ADD operation result: 000003e8 + 00000301 = 000006e9
# ADD operation result: 000003e8 + 00000302 = 000006ea
# ADD operation result: 000003e8 + 00000303 = 000006eb
# ADD operation result: 000003e8 + 00000304 = 000006ec
# ADD operation result: 000003e8 + 00000305 = 000006ed
# ADD operation result: 000003e8 + 00000306 = 000006ee
# ADD operation result: 000003e8 + 00000307 = 000006ef
# ADD operation result: 000003e8 + 00000308 = 000006f0
# ADD operation result: 000003e8 + 00000309 = 000006f1
# ADD operation result: 000003e8 + 0000030a = 000006f2
# ADD operation result: 000003e8 + 0000030b = 000006f3
# ADD operation result: 000003e8 + 0000030c = 000006f4
# ADD operation result: 000003e8 + 0000030d = 000006f5
# ADD operation result: 000003e8 + 0000030e = 000006f6
# ADD operation result: 000003e8 + 0000030f = 000006f7
# Error:       1000 +        784 =       1784, but calculator output is          X
# ADD operation result: 000003e8 + 00000310 = 000006X8
# Error:       1000 +        785 =       1785, but calculator output is          X
# ADD operation result: 000003e8 + 00000311 = 000006X9
# Error:       1000 +        786 =       1786, but calculator output is          X
# ADD operation result: 000003e8 + 00000312 = 000006Xa
# Error:       1000 +        787 =       1787, but calculator output is          X
# ADD operation result: 000003e8 + 00000313 = 000006Xb
# Error:       1000 +        788 =       1788, but calculator output is          X
# ADD operation result: 000003e8 + 00000314 = 000006Xc
# Error:       1000 +        789 =       1789, but calculator output is          X
# ADD operation result: 000003e8 + 00000315 = 000006Xd
# Error:       1000 +        790 =       1790, but calculator output is          X
# ADD operation result: 000003e8 + 00000316 = 000006Xe
# Error:       1000 +        791 =       1791, but calculator output is          X
# ADD operation result: 000003e8 + 00000317 = 000006Xf
# Error:       1000 +        792 =       1792, but calculator output is          X
# ADD operation result: 000003e8 + 00000318 = 00000XX0
# Error:       1000 +        793 =       1793, but calculator output is          X
# ADD operation result: 000003e8 + 00000319 = 00000XX1
# Error:       1000 +        794 =       1794, but calculator output is          X
# ADD operation result: 000003e8 + 0000031a = 00000XX2
# Error:       1000 +        795 =       1795, but calculator output is          X
# ADD operation result: 000003e8 + 0000031b = 00000XX3
# Error:       1000 +        796 =       1796, but calculator output is          X
# ADD operation result: 000003e8 + 0000031c = 00000XX4
# Error:       1000 +        797 =       1797, but calculator output is          X
# ADD operation result: 000003e8 + 0000031d = 00000XX5
# Error:       1000 +        798 =       1798, but calculator output is          X
# ADD operation result: 000003e8 + 0000031e = 00000XX6
# Error:       1000 +        799 =       1799, but calculator output is          X
# ADD operation result: 000003e8 + 0000031f = 00000XX7
# Error:       1000 +        800 =       1800, but calculator output is          X
# ADD operation result: 000003e8 + 00000320 = 000007X8
# Error:       1000 +        801 =       1801, but calculator output is          X
# ADD operation result: 000003e8 + 00000321 = 000007X9
# Error:       1000 +        802 =       1802, but calculator output is          X
# ADD operation result: 000003e8 + 00000322 = 000007Xa
# Error:       1000 +        803 =       1803, but calculator output is          X
# ADD operation result: 000003e8 + 00000323 = 000007Xb
# Error:       1000 +        804 =       1804, but calculator output is          X
# ADD operation result: 000003e8 + 00000324 = 000007Xc
# Error:       1000 +        805 =       1805, but calculator output is          X
# ADD operation result: 000003e8 + 00000325 = 000007Xd
# Error:       1000 +        806 =       1806, but calculator output is          X
# ADD operation result: 000003e8 + 00000326 = 000007Xe
# Error:       1000 +        807 =       1807, but calculator output is          X
# ADD operation result: 000003e8 + 00000327 = 000007Xf
# Error:       1000 +        808 =       1808, but calculator output is          X
# ADD operation result: 000003e8 + 00000328 = 000007X0
# Error:       1000 +        809 =       1809, but calculator output is          X
# ADD operation result: 000003e8 + 00000329 = 000007X1
# Error:       1000 +        810 =       1810, but calculator output is          X
# ADD operation result: 000003e8 + 0000032a = 000007X2
# Error:       1000 +        811 =       1811, but calculator output is          X
# ADD operation result: 000003e8 + 0000032b = 000007X3
# Error:       1000 +        812 =       1812, but calculator output is          X
# ADD operation result: 000003e8 + 0000032c = 000007X4
# Error:       1000 +        813 =       1813, but calculator output is          X
# ADD operation result: 000003e8 + 0000032d = 000007X5
# Error:       1000 +        814 =       1814, but calculator output is          X
# ADD operation result: 000003e8 + 0000032e = 000007X6
# Error:       1000 +        815 =       1815, but calculator output is          X
# ADD operation result: 000003e8 + 0000032f = 000007X7
# ADD operation result: 000003e8 + 00000330 = 00000718
# ADD operation result: 000003e8 + 00000331 = 00000719
# ADD operation result: 000003e8 + 00000332 = 0000071a
# ADD operation result: 000003e8 + 00000333 = 0000071b
# ADD operation result: 000003e8 + 00000334 = 0000071c
# ADD operation result: 000003e8 + 00000335 = 0000071d
# ADD operation result: 000003e8 + 00000336 = 0000071e
# ADD operation result: 000003e8 + 00000337 = 0000071f
# ADD operation result: 000003e8 + 00000338 = 00000720
# ADD operation result: 000003e8 + 00000339 = 00000721
# ADD operation result: 000003e8 + 0000033a = 00000722
# ADD operation result: 000003e8 + 0000033b = 00000723
# ADD operation result: 000003e8 + 0000033c = 00000724
# ADD operation result: 000003e8 + 0000033d = 00000725
# ADD operation result: 000003e8 + 0000033e = 00000726
# ADD operation result: 000003e8 + 0000033f = 00000727
# ADD operation result: 000003e8 + 00000340 = 00000728
# ADD operation result: 000003e8 + 00000341 = 00000729
# ADD operation result: 000003e8 + 00000342 = 0000072a
# ADD operation result: 000003e8 + 00000343 = 0000072b
# ADD operation result: 000003e8 + 00000344 = 0000072c
# ADD operation result: 000003e8 + 00000345 = 0000072d
# ADD operation result: 000003e8 + 00000346 = 0000072e
# ADD operation result: 000003e8 + 00000347 = 0000072f
# ADD operation result: 000003e8 + 00000348 = 00000730
# ADD operation result: 000003e8 + 00000349 = 00000731
# ADD operation result: 000003e8 + 0000034a = 00000732
# ADD operation result: 000003e8 + 0000034b = 00000733
# ADD operation result: 000003e8 + 0000034c = 00000734
# ADD operation result: 000003e8 + 0000034d = 00000735
# ADD operation result: 000003e8 + 0000034e = 00000736
# ADD operation result: 000003e8 + 0000034f = 00000737
# Error:       1000 +        848 =       1848, but calculator output is          X
# ADD operation result: 000003e8 + 00000350 = 000007X8
# Error:       1000 +        849 =       1849, but calculator output is          X
# ADD operation result: 000003e8 + 00000351 = 000007X9
# Error:       1000 +        850 =       1850, but calculator output is          X
# ADD operation result: 000003e8 + 00000352 = 000007Xa
# Error:       1000 +        851 =       1851, but calculator output is          X
# ADD operation result: 000003e8 + 00000353 = 000007Xb
# Error:       1000 +        852 =       1852, but calculator output is          X
# ADD operation result: 000003e8 + 00000354 = 000007Xc
# Error:       1000 +        853 =       1853, but calculator output is          X
# ADD operation result: 000003e8 + 00000355 = 000007Xd
# Error:       1000 +        854 =       1854, but calculator output is          X
# ADD operation result: 000003e8 + 00000356 = 000007Xe
# Error:       1000 +        855 =       1855, but calculator output is          X
# ADD operation result: 000003e8 + 00000357 = 000007Xf
# Error:       1000 +        856 =       1856, but calculator output is          X
# ADD operation result: 000003e8 + 00000358 = 000007X0
# Error:       1000 +        857 =       1857, but calculator output is          X
# ADD operation result: 000003e8 + 00000359 = 000007X1
# Error:       1000 +        858 =       1858, but calculator output is          X
# ADD operation result: 000003e8 + 0000035a = 000007X2
# Error:       1000 +        859 =       1859, but calculator output is          X
# ADD operation result: 000003e8 + 0000035b = 000007X3
# Error:       1000 +        860 =       1860, but calculator output is          X
# ADD operation result: 000003e8 + 0000035c = 000007X4
# Error:       1000 +        861 =       1861, but calculator output is          X
# ADD operation result: 000003e8 + 0000035d = 000007X5
# Error:       1000 +        862 =       1862, but calculator output is          X
# ADD operation result: 000003e8 + 0000035e = 000007X6
# Error:       1000 +        863 =       1863, but calculator output is          X
# ADD operation result: 000003e8 + 0000035f = 000007X7
# Error:       1000 +        864 =       1864, but calculator output is          X
# ADD operation result: 000003e8 + 00000360 = 000007X8
# Error:       1000 +        865 =       1865, but calculator output is          X
# ADD operation result: 000003e8 + 00000361 = 000007X9
# Error:       1000 +        866 =       1866, but calculator output is          X
# ADD operation result: 000003e8 + 00000362 = 000007Xa
# Error:       1000 +        867 =       1867, but calculator output is          X
# ADD operation result: 000003e8 + 00000363 = 000007Xb
# Error:       1000 +        868 =       1868, but calculator output is          X
# ADD operation result: 000003e8 + 00000364 = 000007Xc
# Error:       1000 +        869 =       1869, but calculator output is          X
# ADD operation result: 000003e8 + 00000365 = 000007Xd
# Error:       1000 +        870 =       1870, but calculator output is          X
# ADD operation result: 000003e8 + 00000366 = 000007Xe
# Error:       1000 +        871 =       1871, but calculator output is          X
# ADD operation result: 000003e8 + 00000367 = 000007Xf
# Error:       1000 +        872 =       1872, but calculator output is          X
# ADD operation result: 000003e8 + 00000368 = 000007X0
# Error:       1000 +        873 =       1873, but calculator output is          X
# ADD operation result: 000003e8 + 00000369 = 000007X1
# Error:       1000 +        874 =       1874, but calculator output is          X
# ADD operation result: 000003e8 + 0000036a = 000007X2
# Error:       1000 +        875 =       1875, but calculator output is          X
# ADD operation result: 000003e8 + 0000036b = 000007X3
# Error:       1000 +        876 =       1876, but calculator output is          X
# ADD operation result: 000003e8 + 0000036c = 000007X4
# Error:       1000 +        877 =       1877, but calculator output is          X
# ADD operation result: 000003e8 + 0000036d = 000007X5
# Error:       1000 +        878 =       1878, but calculator output is          X
# ADD operation result: 000003e8 + 0000036e = 000007X6
# Error:       1000 +        879 =       1879, but calculator output is          X
# ADD operation result: 000003e8 + 0000036f = 000007X7
# ADD operation result: 000003e8 + 00000370 = 00000758
# ADD operation result: 000003e8 + 00000371 = 00000759
# ADD operation result: 000003e8 + 00000372 = 0000075a
# ADD operation result: 000003e8 + 00000373 = 0000075b
# ADD operation result: 000003e8 + 00000374 = 0000075c
# ADD operation result: 000003e8 + 00000375 = 0000075d
# ADD operation result: 000003e8 + 00000376 = 0000075e
# ADD operation result: 000003e8 + 00000377 = 0000075f
# ADD operation result: 000003e8 + 00000378 = 00000760
# ADD operation result: 000003e8 + 00000379 = 00000761
# ADD operation result: 000003e8 + 0000037a = 00000762
# ADD operation result: 000003e8 + 0000037b = 00000763
# ADD operation result: 000003e8 + 0000037c = 00000764
# ADD operation result: 000003e8 + 0000037d = 00000765
# ADD operation result: 000003e8 + 0000037e = 00000766
# ADD operation result: 000003e8 + 0000037f = 00000767
# ADD operation result: 000003e8 + 00000380 = 00000768
# ADD operation result: 000003e8 + 00000381 = 00000769
# ADD operation result: 000003e8 + 00000382 = 0000076a
# ADD operation result: 000003e8 + 00000383 = 0000076b
# ADD operation result: 000003e8 + 00000384 = 0000076c
# ADD operation result: 000003e8 + 00000385 = 0000076d
# ADD operation result: 000003e8 + 00000386 = 0000076e
# ADD operation result: 000003e8 + 00000387 = 0000076f
# ADD operation result: 000003e8 + 00000388 = 00000770
# ADD operation result: 000003e8 + 00000389 = 00000771
# ADD operation result: 000003e8 + 0000038a = 00000772
# ADD operation result: 000003e8 + 0000038b = 00000773
# ADD operation result: 000003e8 + 0000038c = 00000774
# ADD operation result: 000003e8 + 0000038d = 00000775
# ADD operation result: 000003e8 + 0000038e = 00000776
# ADD operation result: 000003e8 + 0000038f = 00000777
# Error:       1000 +        912 =       1912, but calculator output is          X
# ADD operation result: 000003e8 + 00000390 = 000007X8
# Error:       1000 +        913 =       1913, but calculator output is          X
# ADD operation result: 000003e8 + 00000391 = 000007X9
# Error:       1000 +        914 =       1914, but calculator output is          X
# ADD operation result: 000003e8 + 00000392 = 000007Xa
# Error:       1000 +        915 =       1915, but calculator output is          X
# ADD operation result: 000003e8 + 00000393 = 000007Xb
# Error:       1000 +        916 =       1916, but calculator output is          X
# ADD operation result: 000003e8 + 00000394 = 000007Xc
# Error:       1000 +        917 =       1917, but calculator output is          X
# ADD operation result: 000003e8 + 00000395 = 000007Xd
# Error:       1000 +        918 =       1918, but calculator output is          X
# ADD operation result: 000003e8 + 00000396 = 000007Xe
# Error:       1000 +        919 =       1919, but calculator output is          X
# ADD operation result: 000003e8 + 00000397 = 000007Xf
# Error:       1000 +        920 =       1920, but calculator output is          X
# ADD operation result: 000003e8 + 00000398 = 000007X0
# Error:       1000 +        921 =       1921, but calculator output is          X
# ADD operation result: 000003e8 + 00000399 = 000007X1
# Error:       1000 +        922 =       1922, but calculator output is          X
# ADD operation result: 000003e8 + 0000039a = 000007X2
# Error:       1000 +        923 =       1923, but calculator output is          X
# ADD operation result: 000003e8 + 0000039b = 000007X3
# Error:       1000 +        924 =       1924, but calculator output is          X
# ADD operation result: 000003e8 + 0000039c = 000007X4
# Error:       1000 +        925 =       1925, but calculator output is          X
# ADD operation result: 000003e8 + 0000039d = 000007X5
# Error:       1000 +        926 =       1926, but calculator output is          X
# ADD operation result: 000003e8 + 0000039e = 000007X6
# Error:       1000 +        927 =       1927, but calculator output is          X
# ADD operation result: 000003e8 + 0000039f = 000007X7
# Error:       1000 +        928 =       1928, but calculator output is          X
# ADD operation result: 000003e8 + 000003a0 = 000007X8
# Error:       1000 +        929 =       1929, but calculator output is          X
# ADD operation result: 000003e8 + 000003a1 = 000007X9
# Error:       1000 +        930 =       1930, but calculator output is          X
# ADD operation result: 000003e8 + 000003a2 = 000007Xa
# Error:       1000 +        931 =       1931, but calculator output is          X
# ADD operation result: 000003e8 + 000003a3 = 000007Xb
# Error:       1000 +        932 =       1932, but calculator output is          X
# ADD operation result: 000003e8 + 000003a4 = 000007Xc
# Error:       1000 +        933 =       1933, but calculator output is          X
# ADD operation result: 000003e8 + 000003a5 = 000007Xd
# Error:       1000 +        934 =       1934, but calculator output is          X
# ADD operation result: 000003e8 + 000003a6 = 000007Xe
# Error:       1000 +        935 =       1935, but calculator output is          X
# ADD operation result: 000003e8 + 000003a7 = 000007Xf
# Error:       1000 +        936 =       1936, but calculator output is          X
# ADD operation result: 000003e8 + 000003a8 = 000007X0
# Error:       1000 +        937 =       1937, but calculator output is          X
# ADD operation result: 000003e8 + 000003a9 = 000007X1
# Error:       1000 +        938 =       1938, but calculator output is          X
# ADD operation result: 000003e8 + 000003aa = 000007X2
# Error:       1000 +        939 =       1939, but calculator output is          X
# ADD operation result: 000003e8 + 000003ab = 000007X3
# Error:       1000 +        940 =       1940, but calculator output is          X
# ADD operation result: 000003e8 + 000003ac = 000007X4
# Error:       1000 +        941 =       1941, but calculator output is          X
# ADD operation result: 000003e8 + 000003ad = 000007X5
# Error:       1000 +        942 =       1942, but calculator output is          X
# ADD operation result: 000003e8 + 000003ae = 000007X6
# Error:       1000 +        943 =       1943, but calculator output is          X
# ADD operation result: 000003e8 + 000003af = 000007X7
# ADD operation result: 000003e8 + 000003b0 = 00000798
# ADD operation result: 000003e8 + 000003b1 = 00000799
# ADD operation result: 000003e8 + 000003b2 = 0000079a
# ADD operation result: 000003e8 + 000003b3 = 0000079b
# ADD operation result: 000003e8 + 000003b4 = 0000079c
# ADD operation result: 000003e8 + 000003b5 = 0000079d
# ADD operation result: 000003e8 + 000003b6 = 0000079e
# ADD operation result: 000003e8 + 000003b7 = 0000079f
# ADD operation result: 000003e8 + 000003b8 = 000007a0
# ADD operation result: 000003e8 + 000003b9 = 000007a1
# ADD operation result: 000003e8 + 000003ba = 000007a2
# ADD operation result: 000003e8 + 000003bb = 000007a3
# ADD operation result: 000003e8 + 000003bc = 000007a4
# ADD operation result: 000003e8 + 000003bd = 000007a5
# ADD operation result: 000003e8 + 000003be = 000007a6
# ADD operation result: 000003e8 + 000003bf = 000007a7
# ADD operation result: 000003e8 + 000003c0 = 000007a8
# ADD operation result: 000003e8 + 000003c1 = 000007a9
# ADD operation result: 000003e8 + 000003c2 = 000007aa
# ADD operation result: 000003e8 + 000003c3 = 000007ab
# ADD operation result: 000003e8 + 000003c4 = 000007ac
# ADD operation result: 000003e8 + 000003c5 = 000007ad
# ADD operation result: 000003e8 + 000003c6 = 000007ae
# ADD operation result: 000003e8 + 000003c7 = 000007af
# ADD operation result: 000003e8 + 000003c8 = 000007b0
# ADD operation result: 000003e8 + 000003c9 = 000007b1
# ADD operation result: 000003e8 + 000003ca = 000007b2
# ADD operation result: 000003e8 + 000003cb = 000007b3
# ADD operation result: 000003e8 + 000003cc = 000007b4
# ADD operation result: 000003e8 + 000003cd = 000007b5
# ADD operation result: 000003e8 + 000003ce = 000007b6
# ADD operation result: 000003e8 + 000003cf = 000007b7
# Error:       1000 +        976 =       1976, but calculator output is          X
# ADD operation result: 000003e8 + 000003d0 = 000007X8
# Error:       1000 +        977 =       1977, but calculator output is          X
# ADD operation result: 000003e8 + 000003d1 = 000007X9
# Error:       1000 +        978 =       1978, but calculator output is          X
# ADD operation result: 000003e8 + 000003d2 = 000007Xa
# Error:       1000 +        979 =       1979, but calculator output is          X
# ADD operation result: 000003e8 + 000003d3 = 000007Xb
# Error:       1000 +        980 =       1980, but calculator output is          X
# ADD operation result: 000003e8 + 000003d4 = 000007Xc
# Error:       1000 +        981 =       1981, but calculator output is          X
# ADD operation result: 000003e8 + 000003d5 = 000007Xd
# Error:       1000 +        982 =       1982, but calculator output is          X
# ADD operation result: 000003e8 + 000003d6 = 000007Xe
# Error:       1000 +        983 =       1983, but calculator output is          X
# ADD operation result: 000003e8 + 000003d7 = 000007Xf
# Error:       1000 +        984 =       1984, but calculator output is          X
# ADD operation result: 000003e8 + 000003d8 = 000007X0
# Error:       1000 +        985 =       1985, but calculator output is          X
# ADD operation result: 000003e8 + 000003d9 = 000007X1
# Error:       1000 +        986 =       1986, but calculator output is          X
# ADD operation result: 000003e8 + 000003da = 000007X2
# Error:       1000 +        987 =       1987, but calculator output is          X
# ADD operation result: 000003e8 + 000003db = 000007X3
# Error:       1000 +        988 =       1988, but calculator output is          X
# ADD operation result: 000003e8 + 000003dc = 000007X4
# Error:       1000 +        989 =       1989, but calculator output is          X
# ADD operation result: 000003e8 + 000003dd = 000007X5
# Error:       1000 +        990 =       1990, but calculator output is          X
# ADD operation result: 000003e8 + 000003de = 000007X6
# Error:       1000 +        991 =       1991, but calculator output is          X
# ADD operation result: 000003e8 + 000003df = 000007X7
# Error:       1000 +        992 =       1992, but calculator output is          X
# ADD operation result: 000003e8 + 000003e0 = 000007X8
# Error:       1000 +        993 =       1993, but calculator output is          X
# ADD operation result: 000003e8 + 000003e1 = 000007X9
# Error:       1000 +        994 =       1994, but calculator output is          X
# ADD operation result: 000003e8 + 000003e2 = 000007Xa
# Error:       1000 +        995 =       1995, but calculator output is          X
# ADD operation result: 000003e8 + 000003e3 = 000007Xb
# Error:       1000 +        996 =       1996, but calculator output is          X
# ADD operation result: 000003e8 + 000003e4 = 000007Xc
# Error:       1000 +        997 =       1997, but calculator output is          X
# ADD operation result: 000003e8 + 000003e5 = 000007Xd
# Error:       1000 +        998 =       1998, but calculator output is          X
# ADD operation result: 000003e8 + 000003e6 = 000007Xe
# Error:       1000 +        999 =       1999, but calculator output is          X
# ADD operation result: 000003e8 + 000003e7 = 000007Xf
# Error:       1000 +       1000 =       2000, but calculator output is          X
# ADD operation result: 000003e8 + 000003e8 = 000007X0
# Correct results:      496496
# Error results:      505505


